/*
Navicat MySQL Data Transfer

Source Server         : guns
Source Server Version : 50556
Source Host           : 120.79.216.173:3306
Source Database       : nodeCollege

Target Server Type    : MYSQL
Target Server Version : 50556
File Encoding         : 65001

Date: 2020-08-25 10:48:09
*/

SET FOREIGN_KEY_CHECKS=0;

-- ----------------------------
-- Table structure for o_product
-- ----------------------------
DROP TABLE IF EXISTS `o_product`;
CREATE TABLE `o_product` (
  `id` int(11) NOT NULL AUTO_INCREMENT COMMENT '主键',
  `product_name` varchar(64) DEFAULT NULL COMMENT '产品名称',
  `product_code` varchar(64) DEFAULT NULL COMMENT '产品代码',
  `product_type` tinyint(4) DEFAULT NULL COMMENT '产品类型：0-顶级产品，1-共存式产品，2-排斥式产品',
  `parent_code` varchar(64) DEFAULT NULL COMMENT '父级产品代码',
  `product_desc` varchar(255) DEFAULT NULL COMMENT '产品描述',
  `product_icon` varchar(32) DEFAULT NULL COMMENT '产品图标',
  PRIMARY KEY (`id`)
) ENGINE=InnoDB AUTO_INCREMENT=11 DEFAULT CHARSET=utf8 COMMENT='产品信息';

-- ----------------------------
-- Records of o_product
-- ----------------------------
INSERT INTO `o_product` VALUES ('1', '运营后台', 'admin', '0', '0', null, null);
INSERT INTO `o_product` VALUES ('2', '运营后台1', 'admin1', '1', 'admin', null, null);
INSERT INTO `o_product` VALUES ('3', '运营后台2', 'admin2', '2', 'admin', null, null);
INSERT INTO `o_product` VALUES ('4', '运营后台11', 'admin11', '1', 'admin1', null, null);
INSERT INTO `o_product` VALUES ('5', '运营后台12', 'admin12', '2', 'admin1', null, null);
INSERT INTO `o_product` VALUES ('7', '运营后台21', 'admin21', '1', 'admin2', null, null);
INSERT INTO `o_product` VALUES ('10', '运营后台22', 'admin22', '2', 'admin2', null, null);

-- ----------------------------
-- Table structure for o_product_menu
-- ----------------------------
DROP TABLE IF EXISTS `o_product_menu`;
CREATE TABLE `o_product_menu` (
  `id` int(11) NOT NULL AUTO_INCREMENT COMMENT '主键',
  `product_code` varchar(64) DEFAULT NULL COMMENT '产品代码',
  `menu_code` varchar(64) DEFAULT NULL COMMENT '菜单代码',
  `menu_type` tinyint(4) DEFAULT NULL COMMENT '菜单类型：0-分类导航，1-菜单页面',
  `menu_name` varchar(64) DEFAULT NULL COMMENT '菜单名称',
  `menu_icon` varchar(32) DEFAULT NULL COMMENT '菜单图标',
  `parent_code` varchar(64) DEFAULT NULL COMMENT '父级代码',
  `num` int(11) DEFAULT NULL COMMENT '排序号',
  PRIMARY KEY (`id`)
) ENGINE=InnoDB AUTO_INCREMENT=4 DEFAULT CHARSET=utf8 COMMENT='产品菜单';

-- ----------------------------
-- Records of o_product_menu
-- ----------------------------
INSERT INTO `o_product_menu` VALUES ('1', 'admin', 'admin', '0', '运营后台', null, '0', null);
INSERT INTO `o_product_menu` VALUES ('2', 'admin', 'logMsg', '0', '日志管理', null, 'admin', null);

-- ----------------------------
-- Table structure for o_product_menu_relation
-- ----------------------------
DROP TABLE IF EXISTS `o_product_menu_relation`;
CREATE TABLE `o_product_menu_relation` (
  `id` int(11) NOT NULL AUTO_INCREMENT COMMENT '主键',
  `product_code` varchar(64) DEFAULT NULL COMMENT '产品代码',
  `menu_code` varchar(64) DEFAULT NULL COMMENT '菜单代码',
  PRIMARY KEY (`id`)
) ENGINE=InnoDB AUTO_INCREMENT=11 DEFAULT CHARSET=utf8 COMMENT='产品菜单关系';

-- ----------------------------
-- Records of o_product_menu_relation
-- ----------------------------
INSERT INTO `o_product_menu_relation` VALUES ('5', 'admin1', 'logMsg');
INSERT INTO `o_product_menu_relation` VALUES ('6', 'admin1', 'admin');
INSERT INTO `o_product_menu_relation` VALUES ('9', 'admin11', 'logMsg');
INSERT INTO `o_product_menu_relation` VALUES ('10', 'admin11', 'admin');

-- ----------------------------
-- Table structure for o_ui
-- ----------------------------
DROP TABLE IF EXISTS `o_ui`;
CREATE TABLE `o_ui` (
  `ui_id` int(11) NOT NULL AUTO_INCREMENT COMMENT '主键',
  `ui_name` varchar(64) DEFAULT NULL COMMENT '前端名称',
  `ui_code` varchar(64) DEFAULT NULL COMMENT '前端代码',
  `ui_desc` varchar(64) DEFAULT NULL COMMENT '描述',
  PRIMARY KEY (`ui_id`)
) ENGINE=InnoDB AUTO_INCREMENT=4 DEFAULT CHARSET=utf8 COMMENT='前端信息';

-- ----------------------------
-- Records of o_ui
-- ----------------------------
INSERT INTO `o_ui` VALUES ('2', '租户管理系统', 'upms', '租户管理前端工程');
INSERT INTO `o_ui` VALUES ('3', '运维管理系统', 'operate', null);

-- ----------------------------
-- Table structure for o_ui_page
-- ----------------------------
DROP TABLE IF EXISTS `o_ui_page`;
CREATE TABLE `o_ui_page` (
  `ui_page_id` int(11) NOT NULL AUTO_INCREMENT COMMENT '前端菜单页面主键',
  `ui_code` varchar(64) DEFAULT NULL COMMENT '前端代码',
  `page_name` varchar(64) DEFAULT NULL COMMENT '页面名称',
  `page_code` varchar(64) DEFAULT NULL COMMENT '页面代码',
  `page_path` varchar(64) DEFAULT NULL COMMENT '页面路径',
  `page_icon` varchar(32) DEFAULT NULL COMMENT '页面图标',
  `num` int(11) DEFAULT NULL,
  PRIMARY KEY (`ui_page_id`)
) ENGINE=InnoDB AUTO_INCREMENT=6 DEFAULT CHARSET=utf8 COMMENT='前端菜单页面';

-- ----------------------------
-- Records of o_ui_page
-- ----------------------------
INSERT INTO `o_ui_page` VALUES ('2', 'upms', '机构管理', 'org', '/org', null, '1');
INSERT INTO `o_ui_page` VALUES ('3', 'upms', '成员管理', 'member', '/member', null, '2');
INSERT INTO `o_ui_page` VALUES ('4', 'operate', '产品管理', 'product', '/operate/product', null, '3');
INSERT INTO `o_ui_page` VALUES ('5', 'operate', '前端管理', 'ui', '/operate/ui', null, '2');

-- ----------------------------
-- Table structure for o_ui_page_button
-- ----------------------------
DROP TABLE IF EXISTS `o_ui_page_button`;
CREATE TABLE `o_ui_page_button` (
  `id` int(11) NOT NULL AUTO_INCREMENT COMMENT '主键',
  `page_code` varchar(64) DEFAULT NULL COMMENT '页面代码',
  `button_name` varchar(64) DEFAULT NULL COMMENT '按钮名称',
  `button_code` varchar(64) DEFAULT NULL COMMENT '按钮代码',
  `button_type` int(11) DEFAULT NULL COMMENT '按钮类型 2-查询类按钮，3-操作类按钮',
  `button_icon` varchar(32) DEFAULT NULL COMMENT '图标',
  `parent_code` varchar(64) DEFAULT NULL COMMENT '上级按钮代码',
  `app_name` varchar(64) DEFAULT NULL COMMENT '接口微服务名称',
  `api_url` varchar(64) DEFAULT NULL COMMENT '接口地址',
  `num` int(11) DEFAULT NULL,
  PRIMARY KEY (`id`)
) ENGINE=InnoDB AUTO_INCREMENT=20 DEFAULT CHARSET=utf8 COMMENT='前端页面按钮';

-- ----------------------------
-- Records of o_ui_page_button
-- ----------------------------
INSERT INTO `o_ui_page_button` VALUES ('1', 'org', '查询', 'getOrgTree', '2', null, '0', 'upms', '/org/getOrgTree', '1');
INSERT INTO `o_ui_page_button` VALUES ('2', 'org', '添加', 'addOrg', '3', null, 'getOrgTree', 'upms', '/org/addOrg', '1');
INSERT INTO `o_ui_page_button` VALUES ('4', 'org', '编辑', 'updateOrg', '3', null, 'getOrgTree', 'upms', '/org/updateOrg', '2');
INSERT INTO `o_ui_page_button` VALUES ('5', 'org', '删除', 'delOrg', '3', null, 'getOrgTree', 'upms', '/org/delOrg', '3');
INSERT INTO `o_ui_page_button` VALUES ('6', 'org', '查询授权角色', 'getRoleListByOrgId', '2', null, 'getOrgTree', 'upms', '/org/getRoleListByOrgId', '4');
INSERT INTO `o_ui_page_button` VALUES ('7', 'org', '查询绑定菜单信息', 'getMenuListByRoleId', '2', null, 'getRoleListByOrgId', 'upms', '/org/getMemberListByOrgId', '1');
INSERT INTO `o_ui_page_button` VALUES ('8', 'org', '查询包含成员列表', 'getMemberListByOrgId', '2', null, 'getOrgTree', 'upms', '/org/getMemberListByOrgId', '5');
INSERT INTO `o_ui_page_button` VALUES ('9', 'member', '查询成员列表', 'getMemberList', '2', null, '0', 'upms', '/member/getMemberList', '1');
INSERT INTO `o_ui_page_button` VALUES ('11', 'member', '查询机构树', 'getOrgTree2', '2', null, '0', 'upms', '/org/getOrgTree', '2');
INSERT INTO `o_ui_page_button` VALUES ('12', 'member', '查询授权角色信息', 'getRoleListByMemberId', '2', null, '0', 'upms', '/member/getRoleListByMemberId', '3');
INSERT INTO `o_ui_page_button` VALUES ('14', 'member', '邀请成员', 'imviteMember', '3', null, 'getMemberList', 'upms', '/member/inviteMember', '1');
INSERT INTO `o_ui_page_button` VALUES ('15', 'member', '更新', 'updateMember', '3', null, 'getMemberList', 'upms', '/member/updateMember', '2');
INSERT INTO `o_ui_page_button` VALUES ('16', 'member', '删除', 'delMember', '3', null, 'getMemberList', 'upms', '/member/delMember', '3');
INSERT INTO `o_ui_page_button` VALUES ('17', 'member', '查询授权组织机构信息', 'getOrgListByMemberId', '2', null, 'getOrgTree2', 'upms', '/member/getOrgListByMemberId', '1');
INSERT INTO `o_ui_page_button` VALUES ('18', 'member', '绑定/解绑组织机构', 'bindOrgMember', '3', null, 'getOrgListByMemberId', 'upms', '/member/bindOrgMemberByMemberId', '1');
INSERT INTO `o_ui_page_button` VALUES ('19', 'member', '查询授权菜单信息', 'getMenuListByRoleId2', '2', null, 'getRoleListByMemberId', 'upms', '/role/getMenuListByRoleId', '1');

-- ----------------------------
-- Table structure for upms_admin
-- ----------------------------
DROP TABLE IF EXISTS `upms_admin`;
CREATE TABLE `upms_admin` (
  `admin_id` bigint(20) NOT NULL AUTO_INCREMENT COMMENT '主键',
  `account` varchar(64) CHARACTER SET utf8mb4 DEFAULT NULL COMMENT '账号',
  `telephone` varchar(20) CHARACTER SET utf8mb4 DEFAULT NULL COMMENT '电话',
  `state` tinyint(4) DEFAULT '0' COMMENT '状态 -1-已删除，0-不可删除，1-正常，2-冻结',
  `create_time` datetime DEFAULT NULL COMMENT '创建时间',
  `first_login` tinyint(4) DEFAULT NULL COMMENT '是否首次登陆',
  PRIMARY KEY (`admin_id`)
) ENGINE=InnoDB AUTO_INCREMENT=30 DEFAULT CHARSET=utf8;

-- ----------------------------
-- Records of upms_admin
-- ----------------------------
INSERT INTO `upms_admin` VALUES ('6', 'admin', '15739570000', '0', '2019-12-01 22:23:35', '0');
INSERT INTO `upms_admin` VALUES ('13', 'admin1', '15739570001', '1', '2019-12-01 22:23:35', '0');
INSERT INTO `upms_admin` VALUES ('20', 'admin2', '15700000002', '1', '2019-12-01 22:23:35', '0');
INSERT INTO `upms_admin` VALUES ('21', 'admin3', '15700000003', '1', '2019-12-01 22:23:35', '0');
INSERT INTO `upms_admin` VALUES ('22', 'admin4', '15700000004', '1', '2019-12-01 22:23:35', '0');
INSERT INTO `upms_admin` VALUES ('23', 'kc', '15601011010', '1', '2019-12-01 22:23:35', '0');
INSERT INTO `upms_admin` VALUES ('24', 'ceshi', '13212127836', '1', '2019-12-01 22:23:35', '0');
INSERT INTO `upms_admin` VALUES ('25', 'laiba', '13888888888', '1', '2019-12-01 22:23:35', '1');
INSERT INTO `upms_admin` VALUES ('26', 'test', '13111111111', '1', '2019-12-01 22:23:35', '1');
INSERT INTO `upms_admin` VALUES ('27', 'testGx', '15527380796', '1', '2019-12-01 22:23:35', '0');
INSERT INTO `upms_admin` VALUES ('28', 'MrLi', '15527389273', '1', '2019-12-01 22:23:35', '0');
INSERT INTO `upms_admin` VALUES ('29', 'yl', '17777777777', '1', '2020-08-12 04:22:40', '1');

-- ----------------------------
-- Table structure for upms_admin_password
-- ----------------------------
DROP TABLE IF EXISTS `upms_admin_password`;
CREATE TABLE `upms_admin_password` (
  `admin_pwd_id` bigint(20) NOT NULL AUTO_INCREMENT COMMENT '主键id',
  `admin_id` bigint(20) DEFAULT NULL COMMENT '管理员id',
  `password` varchar(64) CHARACTER SET utf8mb4 DEFAULT NULL COMMENT '密码',
  `salt` varchar(64) DEFAULT NULL COMMENT '盐值',
  `create_time` datetime DEFAULT NULL COMMENT '创建时间',
  PRIMARY KEY (`admin_pwd_id`)
) ENGINE=InnoDB AUTO_INCREMENT=85 DEFAULT CHARSET=utf8;

-- ----------------------------
-- Records of upms_admin_password
-- ----------------------------
INSERT INTO `upms_admin_password` VALUES ('4', '7', '5b592abc8c33d71f1a362040a7004cad', 'bk3qhq', '2019-12-01 22:23:35');
INSERT INTO `upms_admin_password` VALUES ('5', '8', 'adb26365072e2174a7dc31f591ddd5f0', '2vvywg', '2019-12-01 22:23:35');
INSERT INTO `upms_admin_password` VALUES ('6', '9', 'cc88ee80118fcd24bc3c9221f3668e52', 'r85jve', '2019-12-01 22:23:35');
INSERT INTO `upms_admin_password` VALUES ('7', '10', '4bff77f2a86e2595a011bdb04f66ca8d', '7twhft', '2019-12-01 22:23:35');
INSERT INTO `upms_admin_password` VALUES ('12', '11', '2343d6705875ca608bb4f941a23eb9be', 'mnkckd', '2019-12-01 22:23:35');
INSERT INTO `upms_admin_password` VALUES ('13', '12', '16b85843f4e100c2e20c72377d105ac1', 'm57c0r', '2019-12-01 22:23:35');
INSERT INTO `upms_admin_password` VALUES ('15', '14', 'bedd3b683839ebc2aaf4a6c772ae8a00', 'zdhb8p', '2019-12-01 22:23:35');
INSERT INTO `upms_admin_password` VALUES ('16', '15', '53b822b1934df4c5b9d3af35583e7fd6', 'w2osq1', '2019-12-01 22:23:35');
INSERT INTO `upms_admin_password` VALUES ('17', '16', 'b2dbc5acd038fbf873483aeaa16eecdc', '52xl8p', '2019-12-01 22:23:35');
INSERT INTO `upms_admin_password` VALUES ('18', '17', '12203a728f0839dd5c0a8aa758004113', '2u0i03', '2019-12-01 22:23:35');
INSERT INTO `upms_admin_password` VALUES ('19', '18', 'd601461ba60b77901219f1f879c636a0', '6ozvg2', '2019-12-01 22:23:35');
INSERT INTO `upms_admin_password` VALUES ('20', '19', '7bed0e15066778f567ca4e0a70ab8196', '8eoba6', '2019-12-01 22:23:35');
INSERT INTO `upms_admin_password` VALUES ('21', '6', 'e6d31695bb8a10de89a18907d2ab1264', '1sgh7e', '2019-12-01 22:23:35');
INSERT INTO `upms_admin_password` VALUES ('22', '6', 'a26102576b4fe3fd49290577534a2670', '471upw', '2019-12-01 22:23:36');
INSERT INTO `upms_admin_password` VALUES ('41', '23', '589b7abff065b936683c3eb32c04f73c', 'nvcsgm', '2019-12-01 22:23:35');
INSERT INTO `upms_admin_password` VALUES ('42', '23', '2ecdb321bc0c4cb588c64522fb9d12cb', '8eku34', '2019-12-01 22:23:35');
INSERT INTO `upms_admin_password` VALUES ('43', '24', 'ba2c2a91ba70343a8e0624420ae6ee08', 'twrjux', '2019-12-01 22:23:35');
INSERT INTO `upms_admin_password` VALUES ('44', '24', 'ff8d7892bf3ab95a664d29f40983c03c', '1vm0j8', '2019-12-01 22:23:35');
INSERT INTO `upms_admin_password` VALUES ('50', '25', '9fd41d675c13a8f49b027acf7133e38e', 'no8tfo', '2019-12-01 22:23:35');
INSERT INTO `upms_admin_password` VALUES ('51', '25', '63904f762012a787759d19ee0940a3a4', 'n69i4j', '2019-12-01 22:23:35');
INSERT INTO `upms_admin_password` VALUES ('52', '25', '131e6421ea295ef50c4f9cc45b51df56', '8txsum', '2019-12-01 22:23:35');
INSERT INTO `upms_admin_password` VALUES ('53', '25', 'e40585a5729b1231cfdb7fdd3fdcf6e7', 'tux384', '2019-12-01 22:23:35');
INSERT INTO `upms_admin_password` VALUES ('54', '25', '835a711691e6bb034990f490180fb72d', 'd9v7c5', '2019-12-01 22:23:35');
INSERT INTO `upms_admin_password` VALUES ('55', '26', '97fe4d99a39a11898e1989db7f44e363', '8lzvmh', '2019-12-01 22:23:35');
INSERT INTO `upms_admin_password` VALUES ('56', '26', '4864f0a34cedeecd6573a129f47305d1', 'xiy5f6', '2019-12-01 22:23:35');
INSERT INTO `upms_admin_password` VALUES ('58', '26', 'b7b32d70277be0edd1f3bcdd89ae11e7', 'hbavb5', '2019-12-01 22:23:35');
INSERT INTO `upms_admin_password` VALUES ('60', '27', 'd1ae198763d4914e9d72f2fdac2e0f57', '6ukktm', '2019-12-01 22:23:35');
INSERT INTO `upms_admin_password` VALUES ('61', '27', 'f8ac2c23d57a6c77a4419c7ae98636b7', 's4dytl', '2019-12-01 22:23:36');
INSERT INTO `upms_admin_password` VALUES ('62', '28', 'e21915281c5f693a033482b0e932d207', 'nl6vzb', '2019-12-01 22:23:35');
INSERT INTO `upms_admin_password` VALUES ('63', '28', 'e03251e24c9833a06a03ce346891dea3', 'iv3atl', '2019-12-01 22:23:36');
INSERT INTO `upms_admin_password` VALUES ('73', '13', 'a726a68dcee5aa991f9fa28764bd6b6d', 'zcx7bb', '2020-08-09 20:44:15');
INSERT INTO `upms_admin_password` VALUES ('74', '20', '48c16e4d438ee539a23653917657b952', '3uyurr', '2020-08-09 20:44:18');
INSERT INTO `upms_admin_password` VALUES ('75', '21', 'e5827d16bff8f2381c65a36027d0c25a', 'qok182', '2020-08-09 20:44:21');
INSERT INTO `upms_admin_password` VALUES ('76', '22', '8be92115295a7080271240bb4a8e5eba', 'vybhr3', '2020-08-09 20:44:23');
INSERT INTO `upms_admin_password` VALUES ('77', '13', 'dd75b9256386ce3459e38c388faf39ac', 'cy85fa', '2020-08-09 20:44:49');
INSERT INTO `upms_admin_password` VALUES ('78', '20', 'aebb1a30dd241e90d149100f18af999a', 'fkes7l', '2020-08-09 20:44:57');
INSERT INTO `upms_admin_password` VALUES ('79', '21', '960a18d11fafe3f2abedd60265cc3bc2', '5wynfs', '2020-08-09 20:45:04');
INSERT INTO `upms_admin_password` VALUES ('80', '22', 'e8682d0823f38da1b85c16cc3d7de73d', '4kwtfz', '2020-08-09 20:45:11');
INSERT INTO `upms_admin_password` VALUES ('82', '29', '4f2e4aa2942b59259662d16c0f766e9c', 'yojxvi', '2020-08-12 04:24:02');
INSERT INTO `upms_admin_password` VALUES ('83', '29', '1a7138b1dcc37b9deb8dd839d17579d4', '62hlbk', '2020-08-12 04:24:29');
INSERT INTO `upms_admin_password` VALUES ('84', '29', 'f8c11b321f291db8b8decfad9132c80a', 'l1zaum', '2020-08-12 04:30:38');

-- ----------------------------
-- Table structure for upms_api
-- ----------------------------
DROP TABLE IF EXISTS `upms_api`;
CREATE TABLE `upms_api` (
  `api_id` bigint(20) NOT NULL AUTO_INCREMENT COMMENT '接口id',
  `application_name` varchar(255) CHARACTER SET utf8mb4 DEFAULT NULL COMMENT '接口应用名称',
  `controller_name` varchar(255) CHARACTER SET utf8mb4 DEFAULT NULL COMMENT 'controller_name',
  `api_url` varchar(255) CHARACTER SET utf8mb4 DEFAULT NULL COMMENT '接口地址',
  `modular_name` varchar(255) CHARACTER SET utf8mb4 DEFAULT NULL COMMENT '模块名称',
  `description` varchar(255) CHARACTER SET utf8mb4 DEFAULT NULL COMMENT '描述',
  `state` varchar(255) DEFAULT NULL COMMENT '状态 1-正常 2-该接口后期删除 -1-已删除',
  PRIMARY KEY (`api_id`)
) ENGINE=InnoDB AUTO_INCREMENT=283 DEFAULT CHARSET=utf8;

-- ----------------------------
-- Records of upms_api
-- ----------------------------
INSERT INTO `upms_api` VALUES ('46', 'upms', 'c.n.c.c.a.AdminCentreController', '/admin/centre/updatePassword', '管理员中心', '修改密码', '1');
INSERT INTO `upms_api` VALUES ('47', 'upms', 'c.n.c.c.a.AdminCentreController', '/admin/centre/updateInfo', '管理员中心', '修改个人信息', '1');
INSERT INTO `upms_api` VALUES ('48', 'upms', 'c.n.c.c.a.AdminController', '/admin/admin/updateAdmin', '管理员管理', '更新管理员', '1');
INSERT INTO `upms_api` VALUES ('49', 'upms', 'c.n.c.c.a.AdminController', '/admin/admin/addAdmin', '管理员管理', '新增管理员信息', '1');
INSERT INTO `upms_api` VALUES ('50', 'upms', 'c.n.c.c.a.AdminController', '/admin/admin/delAdmin', '管理员管理', '删除管理员', '1');
INSERT INTO `upms_api` VALUES ('51', 'upms', 'c.n.c.c.a.AdminController', '/admin/admin/getAdminList', '管理员管理', '获取管理员列表', '1');
INSERT INTO `upms_api` VALUES ('52', 'upms', 'c.n.c.c.a.AdminLoginController', '/admin/login/register', '管理员登陆', '管理员注册', '1');
INSERT INTO `upms_api` VALUES ('53', 'upms', 'c.n.c.c.a.AdminLoginController', '/admin/login/getAdminInfo', '管理员登陆', '获取管理员信息', '1');
INSERT INTO `upms_api` VALUES ('54', 'upms', 'c.n.c.c.a.AdminLoginController', '/admin/login/logout', '管理员登陆', '退出登陆', '1');
INSERT INTO `upms_api` VALUES ('55', 'upms', 'c.n.c.c.a.AdminLoginController', '/admin/login/login', '管理员登陆', '管理员登陆', '1');
INSERT INTO `upms_api` VALUES ('56', 'upms', 'c.n.c.c.a.ApiController', '/api/getApiTree', '接口管理', '获取接口树', '1');
INSERT INTO `upms_api` VALUES ('57', 'upms', 'c.n.c.c.a.ApiController', '/api/clearApiListCache', '接口管理', '清除接口缓存', '1');
INSERT INTO `upms_api` VALUES ('58', 'upms', 'c.n.c.c.a.AppController', '/app/delAppResource', '应用管理', '删除应用资源', '-1');
INSERT INTO `upms_api` VALUES ('59', 'upms', 'c.n.c.c.a.AppController', '/app/addAppResource', '应用管理', '添加应用资源', '-1');
INSERT INTO `upms_api` VALUES ('60', 'upms', 'c.n.c.c.a.AppController', '/app/getAppList', '应用管理', '查询应用列表', '1');
INSERT INTO `upms_api` VALUES ('61', 'upms', 'c.n.c.c.a.AppController', '/app/addApp', '应用管理', '添加应用', '1');
INSERT INTO `upms_api` VALUES ('62', 'upms', 'c.n.c.c.a.AppController', '/app/updateApp', '应用管理', '修改应用', '1');
INSERT INTO `upms_api` VALUES ('63', 'upms', 'c.n.c.c.a.AppController', '/app/delApp', '应用管理', '删除应用', '1');
INSERT INTO `upms_api` VALUES ('64', 'upms', 'c.n.c.c.a.AppController', '/app/getAppResourceTree', '应用管理', '获取应用资源树', '-1');
INSERT INTO `upms_api` VALUES ('65', 'upms', 'c.n.c.c.a.AppController', '/app/updateAppResource', '应用管理', '修改应用资源', '-1');
INSERT INTO `upms_api` VALUES ('66', 'upms', 'c.n.c.c.a.TenantController', '/admin/tenant/updateTenant', '租户管理', '更新租户信息', '1');
INSERT INTO `upms_api` VALUES ('67', 'upms', 'c.n.c.c.a.TenantController', '/admin/tenant/getTenantList', '租户管理', '获取所有租户信息', '1');
INSERT INTO `upms_api` VALUES ('68', 'upms', 'c.n.c.c.a.UserController', '/user/update', '运维后端用户管理', '更新用户信息', '1');
INSERT INTO `upms_api` VALUES ('69', 'upms', 'c.n.c.c.a.UserController', '/user/delete', '运维后端用户管理', '删除用户信息', '1');
INSERT INTO `upms_api` VALUES ('70', 'upms', 'c.n.c.c.a.UserController', '/user/resetPwd', '运维后端用户管理', '重置密码', '1');
INSERT INTO `upms_api` VALUES ('71', 'upms', 'c.n.c.c.a.UserController', '/user/getUserList', '运维后端用户管理', '获取所有用户信息', '1');
INSERT INTO `upms_api` VALUES ('72', 'upms', 'c.n.c.c.LoginController', '/user/getUserInfo', '用户登陆', '获取拥有的菜单信息', '1');
INSERT INTO `upms_api` VALUES ('73', 'upms', 'c.n.c.c.LoginController', '/user/logout', '用户登陆', '用户注销请求', '1');
INSERT INTO `upms_api` VALUES ('74', 'upms', 'c.n.c.c.LoginController', '/user/login', '用户登陆', '用户登陆', '1');
INSERT INTO `upms_api` VALUES ('75', 'upms', 'c.n.c.c.LoginController', '/user/register', '用户登陆', '用户注册', '1');
INSERT INTO `upms_api` VALUES ('76', 'upms', 'c.n.c.c.LoginController', '/user/updatePwdNoLogin', '用户登陆', '未登陆情况下重新设置密码', '1');
INSERT INTO `upms_api` VALUES ('77', 'upms', 'c.n.c.c.MemberController', '/member/inviteMember', '成员管理', '邀请成员', '1');
INSERT INTO `upms_api` VALUES ('78', 'upms', 'c.n.c.c.MemberController', '/member/updateMember', '成员管理', '更新成员信息', '1');
INSERT INTO `upms_api` VALUES ('79', 'upms', 'c.n.c.c.MemberController', '/member/delMember', '成员管理', '删除成员', '1');
INSERT INTO `upms_api` VALUES ('80', 'upms', 'c.n.c.c.MemberController', '/member/getMemberList', '成员管理', '查询成员列表', '1');
INSERT INTO `upms_api` VALUES ('81', 'upms', 'c.n.c.c.OrgController', '/org/getOrgTree', '组织机构管理', '查询组织机构树', '1');
INSERT INTO `upms_api` VALUES ('82', 'upms', 'c.n.c.c.OrgController', '/org/delOrg', '组织机构管理', '删除组织机构', '1');
INSERT INTO `upms_api` VALUES ('83', 'upms', 'c.n.c.c.OrgController', '/org/addOrg', '组织机构管理', '新增组织机构', '1');
INSERT INTO `upms_api` VALUES ('84', 'upms', 'c.n.c.c.OrgController', '/org/updateOrg', '组织机构管理', '更新组织机构', '1');
INSERT INTO `upms_api` VALUES ('85', 'upms', 'c.n.c.c.RoleController', '/role/addRole', '角色管理', '添加角色', '1');
INSERT INTO `upms_api` VALUES ('86', 'upms', 'c.n.c.c.RoleController', '/role/updateRole', '角色管理', '更新角色', '1');
INSERT INTO `upms_api` VALUES ('87', 'upms', 'c.n.c.c.RoleController', '/role/delRole', '角色管理', '删除角色', '1');
INSERT INTO `upms_api` VALUES ('88', 'upms', 'c.n.c.c.RoleController', '/role/getRoleList', '角色管理', '获取角色列表', '1');
INSERT INTO `upms_api` VALUES ('89', 'upms', 'c.n.c.c.UserCentreController', '/userCentre/getTenantList', '用户中心', '查询个人的所有租户信息', '-1');
INSERT INTO `upms_api` VALUES ('90', 'upms', 'c.n.c.c.UserCentreController', '/userCentre/registerTenant', '用户中心', '注册企业（租户）', '-1');
INSERT INTO `upms_api` VALUES ('91', 'upms', 'c.n.c.c.a.AppController', '/app/clearAppListCache', '应用管理', '清除应用列表缓存', '1');
INSERT INTO `upms_api` VALUES ('92', 'upms', 'c.n.c.c.a.AppController', '/app/getAppListCache', '应用管理', '查询应用列表缓存', '1');
INSERT INTO `upms_api` VALUES ('93', 'upms', 'c.n.c.c.a.AppController', '/app/getAppResourceListCache', '应用管理', '查询应用资源列表缓存', '-1');
INSERT INTO `upms_api` VALUES ('94', 'upms', 'c.n.c.c.a.AppController', '/app/clearAppResourceListCache', '应用管理', '清除应用资源列表缓存', '-1');
INSERT INTO `upms_api` VALUES ('95', 'upms', 'c.n.c.c.a.TenantController', '/admin/tenant/bindTenantApp', '租户应用管理', '绑定租户应用', '1');
INSERT INTO `upms_api` VALUES ('96', 'upms', 'c.n.c.c.a.TenantController', '/admin/tenant/clearTenantAppResourceListCache', '租户应用资源管理', '清除租户应用资源列表缓存', '-1');
INSERT INTO `upms_api` VALUES ('97', 'upms', 'c.n.c.c.a.TenantController', '/admin/tenant/clearTenantAppListCache', '租户应用管理', '清除租户应用列表缓存', '1');
INSERT INTO `upms_api` VALUES ('98', 'upms', 'c.n.c.c.a.TenantController', '/admin/tenant/getTenantAppResourceListCache', '租户应用管理', '查询租户应用资源列表缓存', '-1');
INSERT INTO `upms_api` VALUES ('99', 'upms', 'c.n.c.c.a.TenantController', '/admin/tenant/bindTenantAppResource', '租户应用资源管理', '绑定租户应用资源', '-1');
INSERT INTO `upms_api` VALUES ('100', 'upms', 'c.n.c.c.a.TenantController', '/admin/tenant/getTenantAppListCache', '租户应用管理', '查询租户应用列表缓存', '1');
INSERT INTO `upms_api` VALUES ('101', 'upms', 'c.n.c.c.a.ApiController', '/api/getApiVisitList', '接口访问管理', '查询接口访问情况', '1');
INSERT INTO `upms_api` VALUES ('102', 'upms', 'c.n.c.c.a.AdminController', '/admin/admin/lockAdmin', '管理员管理', '锁定/解锁管理员', '1');
INSERT INTO `upms_api` VALUES ('103', 'upms', 'c.n.c.c.MemberController', '/member/lockMember', '成员管理', '锁定/解锁成员', '1');
INSERT INTO `upms_api` VALUES ('104', 'upms', 'c.n.c.c.RoleController', '/role/lockRole', '角色管理', '锁定/解锁角色', '1');
INSERT INTO `upms_api` VALUES ('105', 'upms', 'c.n.c.c.a.TenantController', '/admin/tenant/lockTenantApp', '租户应用管理', '锁定解锁租户应用', '1');
INSERT INTO `upms_api` VALUES ('106', 'upms', 'c.n.c.c.a.TenantController', '/admin/tenant/lockTenantAppResource', '租户应用管理', '锁定/解锁租户应用', '-1');
INSERT INTO `upms_api` VALUES ('107', 'upms', 'c.n.c.c.MenuController', '/menu/getMenuTree', '菜单管理', '查询菜单树', '1');
INSERT INTO `upms_api` VALUES ('108', 'upms', 'c.n.c.c.MemberController', '/member/getOrgListByMemberId', '成员管理', '查询成员拥有组织列表', '1');
INSERT INTO `upms_api` VALUES ('109', 'upms', 'c.n.c.c.MemberController', '/member/bindOrgMemberByMemberId', '成员管理', '绑定/解绑组织机构成员关系', '1');
INSERT INTO `upms_api` VALUES ('110', 'upms', 'c.n.c.c.MemberController', '/member/getRoleListByMemberId', '成员管理', '查询成员拥有角色列表', '1');
INSERT INTO `upms_api` VALUES ('111', 'upms', 'c.n.c.c.MemberController', '/member/bindRoleMemberByMemberId', '成员管理', '绑定/解绑角色成员关系', '1');
INSERT INTO `upms_api` VALUES ('112', 'upms', 'c.n.c.c.MenuController', '/menu/getRoleListByMenuId', '角色管理', '查询菜单拥有角色列表', '1');
INSERT INTO `upms_api` VALUES ('113', 'upms', 'c.n.c.c.MenuController', '/menu/bindRoleMenuByMenuId', '角色管理', '绑定/解绑角色成员关系', '1');
INSERT INTO `upms_api` VALUES ('114', 'upms', 'c.n.c.c.OrgController', '/org/bindRoleOrgByOrgId', '组织机构管理', '绑定/解绑角色组织机构关系', '1');
INSERT INTO `upms_api` VALUES ('115', 'upms', 'c.n.c.c.OrgController', '/org/getRoleListByOrgId', '组织机构管理', '查询组织机构拥有角色列表', '1');
INSERT INTO `upms_api` VALUES ('116', 'upms', 'c.n.c.c.RoleController', '/role/getMenuListByRoleId', '角色管理', '查询角色拥有菜单列表', '1');
INSERT INTO `upms_api` VALUES ('117', 'upms', 'c.n.c.c.RoleController', '/role/bindRoleMenuByRoleId', '角色管理', '绑定/解绑角色菜单关系', '1');
INSERT INTO `upms_api` VALUES ('118', 'upms', 'c.n.c.c.RoleController', '/role/bindRoleMemberByRoleId', '角色管理', '绑定角色成员关系', '1');
INSERT INTO `upms_api` VALUES ('119', 'upms', 'c.n.c.c.RoleController', '/role/getOrgListByRoleId', '角色管理', '查询角色拥有组织机构列表', '1');
INSERT INTO `upms_api` VALUES ('120', 'upms', 'c.n.c.c.RoleController', '/role/bindRoleOrgByRoleId', '角色管理', '绑定/解绑角色组织机构关系', '1');
INSERT INTO `upms_api` VALUES ('121', 'upms', 'c.n.c.c.RoleController', '/role/getMemberListByRoleId', '角色管理', '查询角色拥有成员列表', '1');
INSERT INTO `upms_api` VALUES ('122', 'upms', 'c.n.c.c.a.ApiController', '/api/addApiVisitList', '接口访问管理', '添加接口访问数据', '1');
INSERT INTO `upms_api` VALUES ('123', 'upms', 'c.n.c.c.a.ApiController', '/api/initApiList', '接口管理', '添加接口', '1');
INSERT INTO `upms_api` VALUES ('124', 'upms', 'c.n.c.c.UpmsController', '/upms/orgs', 'c.n.c.c.UpmsController', '/upms/orgs', '1');
INSERT INTO `upms_api` VALUES ('125', 'upms', 'c.n.c.c.UpmsController', '/upms/users', 'c.n.c.c.UpmsController', '/upms/users', '1');
INSERT INTO `upms_api` VALUES ('126', 'upms', 'c.n.c.c.UpmsController', '/upms/roles', 'c.n.c.c.UpmsController', '/upms/roles', '1');
INSERT INTO `upms_api` VALUES ('127', 'upms', 'c.n.c.c.UpmsController', '/upms', 'c.n.c.c.UpmsController', '/upms', '1');
INSERT INTO `upms_api` VALUES ('128', 'upms', 'c.n.c.c.UpmsController', '/upms/tenants', 'c.n.c.c.UpmsController', '/upms/tenants', '1');
INSERT INTO `upms_api` VALUES ('129', 'upms', 'c.n.c.c.UpmsController', '/upms/apps', 'c.n.c.c.UpmsController', '/upms/apps', '1');
INSERT INTO `upms_api` VALUES ('130', 'upms', 'c.n.c.c.UpmsController', '/upms/menus', 'c.n.c.c.UpmsController', '/upms/menus', '1');
INSERT INTO `upms_api` VALUES ('131', 'upms', 'c.n.c.c.UpmsController', '/upms/configs', 'c.n.c.c.UpmsController', '/upms/configs', '1');
INSERT INTO `upms_api` VALUES ('132', 'upms', 'o.s.b.a.w.BasicErrorController', '/error', 'o.s.b.a.w.BasicErrorController', '/error', '-1');
INSERT INTO `upms_api` VALUES ('133', 'upms', 'o.s.b.a.w.BasicErrorController', '/error', 'o.s.b.a.w.BasicErrorController', '/error', '-1');
INSERT INTO `upms_api` VALUES ('134', 'worldTree', 'c.n.c.c.NCBaseNodeController', '/basics/getList', 'c.n.c.c.NCBaseNodeController', '/basics/getList', '-1');
INSERT INTO `upms_api` VALUES ('135', 'worldTree', 'c.n.c.c.NCBaseNodeController', '/basics/addBaseNode', 'c.n.c.c.NCBaseNodeController', '/basics/addBaseNode', '-1');
INSERT INTO `upms_api` VALUES ('136', 'worldTree', 'c.n.c.c.WorldTreeController', '/worldTree/getWorldTreeList', 'c.n.c.c.WorldTreeController', '/worldTree/getWorldTreeList', '1');
INSERT INTO `upms_api` VALUES ('137', 'worldTree', 'o.s.b.a.w.BasicErrorController', '/error', 'o.s.b.a.w.BasicErrorController', '/error', '-1');
INSERT INTO `upms_api` VALUES ('138', 'worldTree', 'o.s.b.a.w.BasicErrorController', '/error', 'o.s.b.a.w.BasicErrorController', '/error', '-1');
INSERT INTO `upms_api` VALUES ('139', 'upms', 'c.n.c.c.a.AppController', '/app/getMenuTreeByAppId', '应用管理', '获取应用菜单树', '1');
INSERT INTO `upms_api` VALUES ('140', 'upms', 'c.n.c.c.a.AppController', '/app/getMenuListByAppId', '应用管理', '查询应用菜单列表', '1');
INSERT INTO `upms_api` VALUES ('141', 'upms', 'c.n.c.c.a.AppController', '/app/updateMenuByAppId', '应用管理', '修改应用菜单', '1');
INSERT INTO `upms_api` VALUES ('142', 'upms', 'c.n.c.c.a.AppController', '/app/addMenuByAppId', '应用管理', '添加应用菜单', '1');
INSERT INTO `upms_api` VALUES ('143', 'upms', 'c.n.c.c.a.AppController', '/app/delMenuByAppId', '应用管理', '删除应用菜单', '1');
INSERT INTO `upms_api` VALUES ('144', 'upms', 'c.n.c.c.a.TenantController', '/admin/tenant/getMenuListByTenantId', '租户应用管理', '查询租户应用菜单列表', '1');
INSERT INTO `upms_api` VALUES ('145', 'upms', 'c.n.c.c.a.TenantController', '/admin/tenant/lockTenantMenu', '租户应用资源管理', '锁定/解锁租户菜单', '1');
INSERT INTO `upms_api` VALUES ('146', 'upms', 'c.n.c.c.a.TenantController', '/admin/tenant/bindTenantMenu', '租户应用资源管理', '绑定租户应用资源', '1');
INSERT INTO `upms_api` VALUES ('147', 'upms', 'c.n.c.c.a.AppRoleController', '/appRole/bindRoleMenuByRoleId', '角色管理', '绑定/解绑角色菜单关系', '1');
INSERT INTO `upms_api` VALUES ('148', 'upms', 'c.n.c.c.a.AppRoleController', '/appRole/updateRoleByAppId', '应用角色管理', '更新应用预制角色', '1');
INSERT INTO `upms_api` VALUES ('149', 'upms', 'c.n.c.c.a.AppRoleController', '/appRole/getRoleListByAppId', '应用角色管理', '查询应用预制角色列表', '1');
INSERT INTO `upms_api` VALUES ('150', 'upms', 'c.n.c.c.a.AppRoleController', '/appRole/getMenuListByRoleId', '角色管理', '查询角色拥有菜单列表', '1');
INSERT INTO `upms_api` VALUES ('151', 'upms', 'c.n.c.c.a.AppRoleController', '/appRole/delRoleByAppId', '应用角色管理', '删除应用预制角色', '1');
INSERT INTO `upms_api` VALUES ('152', 'upms', 'c.n.c.c.a.AppRoleController', '/appRole/lockRoleByAppId', '应用角色管理', '锁定解锁应用预制角色', '1');
INSERT INTO `upms_api` VALUES ('153', 'upms', 'c.n.c.c.a.AppRoleController', '/appRole/addRoleByAppId', '应用角色管理', '添加应用预制角色', '1');
INSERT INTO `upms_api` VALUES ('154', 'upms', 'c.n.c.c.OrgController', '/org/bindOrgMemberByOrgId', '组织机构管理', '绑定/解绑组织机构成员关系', '1');
INSERT INTO `upms_api` VALUES ('155', 'upms', 'c.n.c.c.OrgController', '/org/getMemberListByOrgId', '组织机构管理', '查询组织机构拥有成员列表', '1');
INSERT INTO `upms_api` VALUES ('156', 'upms', 'c.n.c.c.RoleController', '/role/unbindRoleMember', '角色管理', '解绑角色成员关系', '1');
INSERT INTO `upms_api` VALUES ('157', 'upms', 'c.n.c.c.MemberCenterController', '/memberCenter/updateMemberDefaultInfo', 'c.n.c.c.MemberCenterController', '/memberCenter/updateMemberDefaultInfo', '1');
INSERT INTO `upms_api` VALUES ('158', 'upms', 'c.n.c.c.UserCenterController', '/userCenter/getTenantList', '用户中心', '查询个人的所有租户信息', '1');
INSERT INTO `upms_api` VALUES ('159', 'upms', 'c.n.c.c.UserCenterController', '/userCenter/registerTenant', '用户中心', '注册企业（租户）', '1');
INSERT INTO `upms_api` VALUES ('160', 'pcgl', 'c.n.c.c.PcglController', '/pcgl/addPcgl', '批次管理', '添加文件', '1');
INSERT INTO `upms_api` VALUES ('161', 'pcgl', 'c.n.c.c.PcglController', '/pcgl/updatePcgl', '批次管理', '修改文件', '1');
INSERT INTO `upms_api` VALUES ('162', 'pcgl', 'c.n.c.c.PcglController', '/pcgl/getList', '批次管理', '获取文件列表', '1');
INSERT INTO `upms_api` VALUES ('163', 'pcgl', 'c.n.c.c.PcglController', '/pcgl/delPcgl', '批次管理', '删除文件', '1');
INSERT INTO `upms_api` VALUES ('164', 'pcgl', 'o.s.b.a.w.BasicErrorController', '/error', 'o.s.b.a.w.BasicErrorController', '/error', '-1');
INSERT INTO `upms_api` VALUES ('165', 'pcgl', 'o.s.b.a.w.BasicErrorController', '/error', 'o.s.b.a.w.BasicErrorController', '/error', '-1');
INSERT INTO `upms_api` VALUES ('166', 'upms', 'c.n.c.c.UserCenterController', '/userCenter/setDefaultTenant', '用户中心', '设置并切换默认登陆企业', '1');
INSERT INTO `upms_api` VALUES ('167', 'upms', 'c.n.c.c.UserCenterController', '/userCenter/getUserInfo', '用户中心', '查询个人信息', '1');
INSERT INTO `upms_api` VALUES ('168', 'upms', 'c.n.c.c.UserCenterController', '/userCenter/updateUserInfo', '用户中心', '修改个人信息', '1');
INSERT INTO `upms_api` VALUES ('169', 'upms', 'c.n.c.c.a.ConfigController', '/admin/config/updateConfig', '配置管理', '修改配置', '1');
INSERT INTO `upms_api` VALUES ('170', 'upms', 'c.n.c.c.a.ConfigController', '/admin/config/addConfig', '配置管理', '添加配置', '1');
INSERT INTO `upms_api` VALUES ('171', 'upms', 'c.n.c.c.a.ConfigController', '/admin/config/getConfigList', '配置管理', '查询配置列表', '1');
INSERT INTO `upms_api` VALUES ('172', 'upms', 'c.n.c.c.a.ConfigController', '/admin/config/delConfig', '配置管理', '删除配置', '1');
INSERT INTO `upms_api` VALUES ('173', 'pcgl', 'c.n.c.c.PcglController', '/pcgl/importPcgl', '批次管理', '导入文件', '1');
INSERT INTO `upms_api` VALUES ('174', 'pcgl', 'c.n.c.c.PcglController', '/pcgl/exportTemplate', '批次管理', '导出模板文件', '1');
INSERT INTO `upms_api` VALUES ('175', 'pcgl', 'c.n.c.c.PcglController', '/pcgl/exportPcgl', '批次管理', '导出模板文件', '1');
INSERT INTO `upms_api` VALUES ('176', 'upms', 'c.n.c.c.a.ApiController', '/api/getApiList', '接口管理', '获取接口列表', '-1');
INSERT INTO `upms_api` VALUES ('177', 'upms', 'c.n.c.c.a.OpRoleController', '/admin/opRole/getOpRoleMenuList', '运营角色管理', '根据运营角色查询运营菜单', '1');
INSERT INTO `upms_api` VALUES ('178', 'upms', 'c.n.c.c.a.OpRoleController', '/admin/opRole/getAdminListByOpRole', '运营角色管理', '查询绑定的管理员', '1');
INSERT INTO `upms_api` VALUES ('179', 'upms', 'c.n.c.c.a.OpRoleController', '/admin/opRole/unBindOpRoleAdmin', '运营角色管理', '解绑角色管理员', '1');
INSERT INTO `upms_api` VALUES ('180', 'upms', 'c.n.c.c.a.OpRoleController', '/admin/opRole/updateOpRole', '运营角色管理', '更新运营角色', '1');
INSERT INTO `upms_api` VALUES ('181', 'upms', 'c.n.c.c.a.OpRoleController', '/admin/opRole/delOpRole', '运营角色管理', '删除运营角色', '1');
INSERT INTO `upms_api` VALUES ('182', 'upms', 'c.n.c.c.a.OpRoleController', '/admin/opRole/getOpMenuTree', '运营角色管理', '查询所有运营菜单树', '1');
INSERT INTO `upms_api` VALUES ('183', 'upms', 'c.n.c.c.a.OpRoleController', '/admin/opRole/addOpRole', '运营角色管理', '添加运营角色', '1');
INSERT INTO `upms_api` VALUES ('184', 'upms', 'c.n.c.c.a.OpRoleController', '/admin/opRole/bindOpRoleMenu', '运营角色管理', '绑定解绑运营角色菜单信息', '1');
INSERT INTO `upms_api` VALUES ('185', 'upms', 'c.n.c.c.a.OpRoleController', '/admin/opRole/bindOpRoleAdmin', '运营角色管理', '绑定角色管理员', '1');
INSERT INTO `upms_api` VALUES ('186', 'upms', 'c.n.c.c.a.OpRoleController', '/admin/opRole/getOpRoleList', '运营角色管理', '查询运营角色列表', '1');
INSERT INTO `upms_api` VALUES ('187', 'upms', 'c.n.c.c.a.AdminController', '/admin/admin/resetPwd', '管理员管理', '重置管理员密码', '1');
INSERT INTO `upms_api` VALUES ('188', 'upms', 'c.n.c.c.a.AdminLoginController', '/admin/login/updatePwdNoLogin', '用户登陆', '未登陆情况下重新设置密码', '1');
INSERT INTO `upms_api` VALUES ('189', 'upms', 'c.n.c.c.a.TenantController', '/admin/tenant/getTenantById', '租户管理', '根据租户id查询租户信息', '1');
INSERT INTO `upms_api` VALUES ('190', 'upms', 'c.n.c.c.a.UserController', '/user/getUserListByQuery', '用户内部接口', '获取用户信息列表！', '1');
INSERT INTO `upms_api` VALUES ('191', 'upms', 'c.n.c.c.a.UserController', '/user/getUserByUserId', '用户内部接口', '根据用户id获取用户信息！', '1');
INSERT INTO `upms_api` VALUES ('192', 'upms', 'c.n.c.c.MyFriendController', '/myFriend/handleRequest', '我的好友', '处理好友请求！', '1');
INSERT INTO `upms_api` VALUES ('193', 'upms', 'c.n.c.c.MyFriendController', '/myFriend/getBlackList', '我的好友', '获取被我加入黑名单的好友列表！', '1');
INSERT INTO `upms_api` VALUES ('194', 'upms', 'c.n.c.c.MyFriendController', '/myFriend/getUserListByNickname', '我的好友', '根据昵称查询用户信息！', '1');
INSERT INTO `upms_api` VALUES ('195', 'upms', 'c.n.c.c.MyFriendController', '/myFriend/addFriend', '我的好友', '添加好友！', '1');
INSERT INTO `upms_api` VALUES ('196', 'upms', 'c.n.c.c.MyFriendController', '/myFriend/getNewFriendList', '我的好友', '获取加我好友的请求列表！', '1');
INSERT INTO `upms_api` VALUES ('197', 'upms', 'c.n.c.c.MyFriendController', '/myFriend/getMyFriendList', '我的好友', '获取我的朋友列表！', '1');
INSERT INTO `upms_api` VALUES ('198', 'upms', 'c.n.c.c.MyFriendController', '/myFriend/getNotAgreeFriendList', '我的好友', '获取被我拒绝的请求列表！', '1');
INSERT INTO `upms_api` VALUES ('199', 'upms', 'c.n.c.c.MyFriendController', '/myFriend/delFriend', '我的好友', '删除好友！', '1');
INSERT INTO `upms_api` VALUES ('200', 'upms', 'c.n.c.c.MyFriendController', '/myFriend/addBlack', '我的好友', '添加到黑名单！', '1');
INSERT INTO `upms_api` VALUES ('201', 'upms', 'c.n.c.c.MyFriendController', '/myFriend/delBlack', '我的好友', '移出黑名单！', '1');
INSERT INTO `upms_api` VALUES ('202', 'upms', 'c.n.c.c.MyFriendController', '/myFriend/getFriendList', '我的好友', '获取朋友列表-内部调用！', '1');
INSERT INTO `upms_api` VALUES ('203', 'upms', 'c.n.c.c.MyFriendController', '/myFriend/updateFriend', '我的好友', '修改好友信息！', '1');
INSERT INTO `upms_api` VALUES ('204', 'upms', 'c.n.c.c.OrgController', '/org/getOrgList', '组织机构管理', '查询组织机构树', '1');
INSERT INTO `upms_api` VALUES ('205', 'chat', 'c.n.c.c.ChatHandlerController', '/chatHandler/handler', 'c.n.c.c.ChatHandlerController', '/chatHandler/handler', '-1');
INSERT INTO `upms_api` VALUES ('206', 'chat', 'c.n.c.c.MyGroupController', '/chat/myGroup/addMyGroup', '我的群组', '创建群组', '1');
INSERT INTO `upms_api` VALUES ('207', 'chat', 'c.n.c.c.MyGroupController', '/chat/myGroup/getGroupList', '我的群组', '查询我的群组列表', '1');
INSERT INTO `upms_api` VALUES ('208', 'chat', 'o.s.b.a.w.BasicErrorController', '/error', 'o.s.b.a.w.BasicErrorController', '/error', '-1');
INSERT INTO `upms_api` VALUES ('209', 'chat', 'o.s.b.a.w.BasicErrorController', '/error', 'o.s.b.a.w.BasicErrorController', '/error', '-1');
INSERT INTO `upms_api` VALUES ('210', 'upms', 'c.n.c.c.UserCenterController', '/userCenter/uploadAvatar', '用户中心', '上传头像', '1');
INSERT INTO `upms_api` VALUES ('211', 'upms', 'c.n.c.c.UploadFileController', '/uploadImg', '文件管理', '上传图片', '1');
INSERT INTO `upms_api` VALUES ('212', 'upms', 'c.n.c.c.UploadFileController', '/uploadImgThumb', '用户中心', '上传图片，自动生成缩略图', '1');
INSERT INTO `upms_api` VALUES ('213', 'upms', 'c.n.c.c.UploadFileController', '/uploadFile', '文件管理', '上传文件', '1');
INSERT INTO `upms_api` VALUES ('214', 'upms', 'c.n.c.c.UploadFileController', '/downloadFile', '文件管理', '下载文件', '1');
INSERT INTO `upms_api` VALUES ('215', 'upms', 'o.s.b.a.w.s.e.BasicErrorController', '/error', 'o.s.b.a.w.s.e.BasicErrorController', '/error', '1');
INSERT INTO `upms_api` VALUES ('216', 'upms', 'o.s.b.a.w.s.e.BasicErrorController', '/error', 'o.s.b.a.w.s.e.BasicErrorController', '/error', '1');
INSERT INTO `upms_api` VALUES ('217', 'chat', 'c.n.c.c.DebateController', '/debate/getDebateCache', '辩论堂', '查询辩论堂缓存！', '1');
INSERT INTO `upms_api` VALUES ('218', 'chat', 'c.n.c.c.DebateController', '/debate/addDebateApi', '辩论堂', '添加辩论堂-内部接口！', '1');
INSERT INTO `upms_api` VALUES ('219', 'chat', 'c.n.c.c.DebateController', '/debate/getRelation', '辩论堂', '根据节点信息查询关联辩论堂信息！', '1');
INSERT INTO `upms_api` VALUES ('220', 'chat', 'c.n.c.c.DebateController', '/debate/getRecordList', '辩论堂', '查询辩论记录列表！', '1');
INSERT INTO `upms_api` VALUES ('221', 'chat', 'c.n.c.c.DebateController', '/debate/addDebate', '辩论堂', '添加辩论堂！', '1');
INSERT INTO `upms_api` VALUES ('222', 'chat', 'c.n.c.c.DebateController', '/debate/getDebateList', '辩论堂', '查询辩论堂列表！', '1');
INSERT INTO `upms_api` VALUES ('223', 'chat', 'o.s.b.a.w.s.e.BasicErrorController', '/error', 'o.s.b.a.w.s.e.BasicErrorController', '/error', '1');
INSERT INTO `upms_api` VALUES ('224', 'chat', 'o.s.b.a.w.s.e.BasicErrorController', '/error', 'o.s.b.a.w.s.e.BasicErrorController', '/error', '1');
INSERT INTO `upms_api` VALUES ('225', 'pcgl', 'o.s.b.a.w.s.e.BasicErrorController', '/error', 'o.s.b.a.w.s.e.BasicErrorController', '/error', '1');
INSERT INTO `upms_api` VALUES ('226', 'pcgl', 'o.s.b.a.w.s.e.BasicErrorController', '/error', 'o.s.b.a.w.s.e.BasicErrorController', '/error', '1');
INSERT INTO `upms_api` VALUES ('227', 'chat', 'c.n.c.c.WebsocketController', '/getWebsocketUrl', '聊天室', '获取websocket地址', '1');
INSERT INTO `upms_api` VALUES ('228', 'worldTree', 'c.n.c.c.InitController', '/init', 'c.n.c.c.InitController', '/init', '-1');
INSERT INTO `upms_api` VALUES ('229', 'worldTree', 'c.n.c.c.NCBaseController', '/basic/addBase', '世界树', '添加节点！', '1');
INSERT INTO `upms_api` VALUES ('230', 'worldTree', 'c.n.c.c.NCBaseController', '/basic/linkParentBasic', '世界树', '链接上级节点！', '1');
INSERT INTO `upms_api` VALUES ('231', 'worldTree', 'c.n.c.c.NCBaseController', '/basic/updateBase', '世界树', '修改节点信息！', '1');
INSERT INTO `upms_api` VALUES ('232', 'worldTree', 'c.n.c.c.NCBaseController', '/basic/delBase', '世界树', '删除下级节点信息！', '1');
INSERT INTO `upms_api` VALUES ('233', 'worldTree', 'c.n.c.c.NCBaseController', '/basic/getChildrenList', '世界树', '获取子级节点列表！', '1');
INSERT INTO `upms_api` VALUES ('234', 'worldTree', 'c.n.c.c.NCBaseController', '/basic/debateHandle', '世界树', '处理辩论堂数据！', '1');
INSERT INTO `upms_api` VALUES ('235', 'worldTree', 'c.n.c.c.NCBaseController', '/basic/getBaseById', '世界树', '根据id获取节点信息！', '1');
INSERT INTO `upms_api` VALUES ('236', 'worldTree', 'c.n.c.c.NCBaseController', '/basic/getBasePage', '世界树', '分页查询基础节点信息！', '1');
INSERT INTO `upms_api` VALUES ('237', 'worldTree', 'c.n.c.c.WorldTreeController', '/worldTree/getBaseListByArticleId', '世界树', '根据文章id获取节点信息！', '1');
INSERT INTO `upms_api` VALUES ('238', 'worldTree', 'c.n.c.c.WorldTreeController', '/worldTree/loadData', 'c.n.c.c.WorldTreeController', '/worldTree/loadData', '1');
INSERT INTO `upms_api` VALUES ('239', 'worldTree', 'c.n.c.c.WorldTreeController', '/worldTree/getParentList', '世界树', '获取父级节点列表！', '1');
INSERT INTO `upms_api` VALUES ('240', 'worldTree', 'o.s.b.a.w.s.e.BasicErrorController', '/error', 'o.s.b.a.w.s.e.BasicErrorController', '/error', '1');
INSERT INTO `upms_api` VALUES ('241', 'worldTree', 'o.s.b.a.w.s.e.BasicErrorController', '/error', 'o.s.b.a.w.s.e.BasicErrorController', '/error', '1');
INSERT INTO `upms_api` VALUES ('242', 'article', 'c.n.c.c.ArticleController', '/article/addArticle', '文章', '添加文章', '1');
INSERT INTO `upms_api` VALUES ('243', 'article', 'c.n.c.c.ArticleController', '/article/addBaseArticle', '文章', '添加节点百科文章', '1');
INSERT INTO `upms_api` VALUES ('244', 'article', 'c.n.c.c.ArticleController', '/article/getArticleList', '文章', '查询文章列表', '1');
INSERT INTO `upms_api` VALUES ('245', 'article', 'c.n.c.c.ArticleController', '/article/updateArticle', '文章', '更新文章', '1');
INSERT INTO `upms_api` VALUES ('246', 'article', 'c.n.c.c.ArticleController', '/article/delArticle', '文章', '删除文章', '1');
INSERT INTO `upms_api` VALUES ('247', 'article', 'c.n.c.c.ArticleController', '/article/getRelevantData', '文章', '查询节点关联文章信息', '1');
INSERT INTO `upms_api` VALUES ('248', 'article', 'c.n.c.c.ArticleController', '/article/getArticleBaseList', '文章', '查询文章关联节点信息', '1');
INSERT INTO `upms_api` VALUES ('249', 'article', 'c.n.c.c.ArticleController', '/article/uploadFile', '文章', '上传文章图片', '1');
INSERT INTO `upms_api` VALUES ('250', 'article', 'c.n.c.c.ArticleInfoController', '/article/info/{articleId}', 'c.n.c.c.ArticleInfoController', '/article/info/{articleId}', '1');
INSERT INTO `upms_api` VALUES ('251', 'article', 'c.n.c.c.ArticleInfoController', '/article/add/{baseId}', 'c.n.c.c.ArticleInfoController', '/article/add/{baseId}', '1');
INSERT INTO `upms_api` VALUES ('252', 'article', 'c.n.c.c.ArticleInfoController', '/article/update/{articleId}', 'c.n.c.c.ArticleInfoController', '/article/update/{articleId}', '1');
INSERT INTO `upms_api` VALUES ('253', 'article', 'o.s.b.a.w.s.e.BasicErrorController', '/error', 'o.s.b.a.w.s.e.BasicErrorController', '/error', '1');
INSERT INTO `upms_api` VALUES ('254', 'article', 'o.s.b.a.w.s.e.BasicErrorController', '/error', 'o.s.b.a.w.s.e.BasicErrorController', '/error', '1');
INSERT INTO `upms_api` VALUES ('255', 'log', 'c.n.c.c.VisitLogController', '/log/addVisitLog', 'c.n.c.c.VisitLogController', '/log/addVisitLog', '1');
INSERT INTO `upms_api` VALUES ('256', 'log', 'o.s.b.a.w.s.e.BasicErrorController', '/error', 'o.s.b.a.w.s.e.BasicErrorController', '/error', '1');
INSERT INTO `upms_api` VALUES ('257', 'log', 'o.s.b.a.w.s.e.BasicErrorController', '/error', 'o.s.b.a.w.s.e.BasicErrorController', '/error', '1');
INSERT INTO `upms_api` VALUES ('258', 'upms', 'c.n.c.c.a.ApiController', '/api/getAppApiTree', '服务接口管理', '获取服务接口树', '1');
INSERT INTO `upms_api` VALUES ('259', 'operate', 'c.n.c.c.ProductController', '/product/getProductMenuTree', '产品菜单信息', '查询产品菜单树', '1');
INSERT INTO `upms_api` VALUES ('260', 'operate', 'c.n.c.c.ProductController', '/product/delProduct', '产品信息', '删除产品', '1');
INSERT INTO `upms_api` VALUES ('261', 'operate', 'c.n.c.c.ProductController', '/product/addProductMenu', '产品菜单信息', '添加产品菜单', '1');
INSERT INTO `upms_api` VALUES ('262', 'operate', 'c.n.c.c.ProductController', '/product/editProductMenu', '产品菜单信息', '修改产品菜单', '1');
INSERT INTO `upms_api` VALUES ('263', 'operate', 'c.n.c.c.ProductController', '/product/bindProductMenu', '产品菜单信息', '绑定产品菜单', '1');
INSERT INTO `upms_api` VALUES ('264', 'operate', 'c.n.c.c.ProductController', '/product/delProductMenu', '产品菜单信息', '删除产品菜单', '1');
INSERT INTO `upms_api` VALUES ('265', 'operate', 'c.n.c.c.ProductController', '/product/getProductList', '产品信息', '查询产品列表', '1');
INSERT INTO `upms_api` VALUES ('266', 'operate', 'c.n.c.c.ProductController', '/product/addProduct', '产品信息', '添加产品', '1');
INSERT INTO `upms_api` VALUES ('267', 'operate', 'c.n.c.c.ProductController', '/product/editProduct', '产品信息', '编辑产品', '1');
INSERT INTO `upms_api` VALUES ('268', 'operate', 'c.n.c.c.UiController', '/ui/editUi', '前端工程', '修改前端', '1');
INSERT INTO `upms_api` VALUES ('269', 'operate', 'c.n.c.c.UiController', '/ui/editUiPageButton', '前端页面按钮', '修改前端页面按钮', '1');
INSERT INTO `upms_api` VALUES ('270', 'operate', 'c.n.c.c.UiController', '/ui/getUiPageList', '前端页面', '查询前端页面信息', '1');
INSERT INTO `upms_api` VALUES ('271', 'operate', 'c.n.c.c.UiController', '/ui/getUiList', '前端工程', '查询前端列表', '1');
INSERT INTO `upms_api` VALUES ('272', 'operate', 'c.n.c.c.UiController', '/ui/delUiPage', '前端页面', '删除前端页面', '1');
INSERT INTO `upms_api` VALUES ('273', 'operate', 'c.n.c.c.UiController', '/ui/addUiPageButton', '前端页面按钮', '添加前端页面按钮', '1');
INSERT INTO `upms_api` VALUES ('274', 'operate', 'c.n.c.c.UiController', '/ui/delUi', '前端工程', '删除前端', '1');
INSERT INTO `upms_api` VALUES ('275', 'operate', 'c.n.c.c.UiController', '/ui/addUiPage', '前端页面', '添加前端页面', '1');
INSERT INTO `upms_api` VALUES ('276', 'operate', 'c.n.c.c.UiController', '/ui/editUiPage', '前端页面', '修改前端页面', '1');
INSERT INTO `upms_api` VALUES ('277', 'operate', 'c.n.c.c.UiController', '/ui/delUiPageButton', '前端页面按钮', '删除前端页面按钮', '1');
INSERT INTO `upms_api` VALUES ('278', 'operate', 'c.n.c.c.UiController', '/ui/getUiPageTree', '前端页面', '查询前端页面树', '1');
INSERT INTO `upms_api` VALUES ('279', 'operate', 'c.n.c.c.UiController', '/ui/getButtonTree', '前端页面按钮', '查询按钮树', '1');
INSERT INTO `upms_api` VALUES ('280', 'operate', 'c.n.c.c.UiController', '/ui/addUi', '前端工程', '添加前端', '1');
INSERT INTO `upms_api` VALUES ('281', 'operate', 'o.s.b.a.w.s.e.BasicErrorController', '/error', 'o.s.b.a.w.s.e.BasicErrorController', '/error', '1');
INSERT INTO `upms_api` VALUES ('282', 'operate', 'o.s.b.a.w.s.e.BasicErrorController', '/error', 'o.s.b.a.w.s.e.BasicErrorController', '/error', '1');

-- ----------------------------
-- Table structure for upms_api_visit
-- ----------------------------
DROP TABLE IF EXISTS `upms_api_visit`;
CREATE TABLE `upms_api_visit` (
  `api_visit_id` bigint(20) NOT NULL AUTO_INCREMENT COMMENT '接口访问id',
  `api_id` bigint(20) DEFAULT NULL COMMENT '接口id',
  `visit_date` char(10) CHARACTER SET utf8mb4 DEFAULT NULL COMMENT '访问日期 yyyymmdd',
  `visit_h` char(2) CHARACTER SET utf8mb4 DEFAULT NULL COMMENT '访问小时 HH',
  `tenant_id` bigint(20) DEFAULT NULL COMMENT '租户id',
  `visit_count` bigint(20) DEFAULT NULL COMMENT '访问量',
  `request_ip` varchar(255) CHARACTER SET utf8mb4 DEFAULT NULL COMMENT '访客ip加端口',
  `access_source` varchar(32) CHARACTER SET utf8mb4 DEFAULT NULL COMMENT '访问来源',
  `local_ip_port` varchar(32) CHARACTER SET utf8mb4 DEFAULT NULL COMMENT '本地ip加端口',
  PRIMARY KEY (`api_visit_id`)
) ENGINE=InnoDB AUTO_INCREMENT=5119 DEFAULT CHARSET=utf8;

-- ----------------------------
-- Records of upms_api_visit
-- ----------------------------
INSERT INTO `upms_api_visit` VALUES ('1', '56', '20200801', '22', null, '3', '127.0.0.1', 'nc-nginx', '192.168.31.19:1081');
INSERT INTO `upms_api_visit` VALUES ('2', '149', '20200801', '22', null, '1', '127.0.0.1', 'nc-nginx', '192.168.31.19:1081');
INSERT INTO `upms_api_visit` VALUES ('3', '186', '20200801', '22', null, '1', '127.0.0.1', 'nc-nginx', '192.168.31.19:1081');
INSERT INTO `upms_api_visit` VALUES ('4', '71', '20200801', '22', null, '1', '127.0.0.1', 'nc-nginx', '192.168.31.19:1081');
INSERT INTO `upms_api_visit` VALUES ('5', '60', '20200801', '22', null, '3', '127.0.0.1', 'nc-nginx', '192.168.31.19:1081');
INSERT INTO `upms_api_visit` VALUES ('6', '101', '20200801', '22', null, '6', '127.0.0.1', 'nc-nginx', '192.168.31.19:1081');
INSERT INTO `upms_api_visit` VALUES ('7', '67', '20200801', '22', null, '1', '127.0.0.1', 'nc-nginx', '192.168.31.19:1081');
INSERT INTO `upms_api_visit` VALUES ('8', '171', '20200801', '22', null, '1', '127.0.0.1', 'nc-nginx', '192.168.31.19:1081');
INSERT INTO `upms_api_visit` VALUES ('9', '55', '20200801', '22', null, '4', '127.0.0.1', 'nc-nginx', '192.168.31.19:1081');
INSERT INTO `upms_api_visit` VALUES ('10', '51', '20200801', '22', null, '1', '127.0.0.1', 'nc-nginx', '192.168.31.19:1081');
INSERT INTO `upms_api_visit` VALUES ('11', '56', '20200801', '23', null, '2', '123.113.250.214', 'nc-nginx', '172.18.32.205:1081');
INSERT INTO `upms_api_visit` VALUES ('12', '149', '20200801', '23', null, '1', '123.113.250.214', 'nc-nginx', '172.18.32.205:1081');
INSERT INTO `upms_api_visit` VALUES ('13', '71', '20200801', '23', null, '1', '123.113.250.214', 'nc-nginx', '172.18.32.205:1081');
INSERT INTO `upms_api_visit` VALUES ('14', '54', '20200801', '23', null, '1', '123.113.250.214', 'nc-nginx', '172.18.32.205:1081');
INSERT INTO `upms_api_visit` VALUES ('15', '55', '20200801', '23', null, '6', '123.113.250.214', 'nc-nginx', '172.18.32.205:1081');
INSERT INTO `upms_api_visit` VALUES ('16', '186', '20200801', '23', null, '2', '123.113.250.214', 'nc-nginx', '172.18.32.205:1081');
INSERT INTO `upms_api_visit` VALUES ('17', '51', '20200801', '23', null, '9', '123.113.250.214', 'nc-nginx', '172.18.32.205:1081');
INSERT INTO `upms_api_visit` VALUES ('18', '187', '20200801', '23', null, '4', '123.113.250.214', 'nc-nginx', '172.18.32.205:1081');
INSERT INTO `upms_api_visit` VALUES ('19', '171', '20200801', '23', null, '1', '123.113.250.214', 'nc-nginx', '172.18.32.205:1081');
INSERT INTO `upms_api_visit` VALUES ('20', '101', '20200801', '23', null, '6', '123.113.250.214', 'nc-nginx', '172.18.32.205:1081');
INSERT INTO `upms_api_visit` VALUES ('21', '188', '20200801', '23', null, '4', '123.113.250.214', 'nc-nginx', '172.18.32.205:1081');
INSERT INTO `upms_api_visit` VALUES ('22', '60', '20200801', '23', null, '5', '123.113.250.214', 'nc-nginx', '172.18.32.205:1081');
INSERT INTO `upms_api_visit` VALUES ('23', '67', '20200801', '23', null, '2', '123.113.250.214', 'nc-nginx', '172.18.32.205:1081');
INSERT INTO `upms_api_visit` VALUES ('24', '122', '20200802', '00', null, '1', '172.18.32.205', 'worldTree', '172.18.32.205:1081');
INSERT INTO `upms_api_visit` VALUES ('25', '122', '20200802', '00', null, '1', '172.18.32.205', 'article', '172.18.32.205:1081');
INSERT INTO `upms_api_visit` VALUES ('26', '122', '20200802', '00', null, '1', '172.18.32.205', 'chat', '172.18.32.205:1081');
INSERT INTO `upms_api_visit` VALUES ('27', '122', '20200802', '00', null, '1', '172.18.32.205', 'pcgl', '172.18.32.205:1081');
INSERT INTO `upms_api_visit` VALUES ('28', '122', '20200802', '01', null, '1', '172.18.32.205', 'worldTree', '172.18.32.205:1081');
INSERT INTO `upms_api_visit` VALUES ('29', '122', '20200802', '01', null, '1', '172.18.32.205', 'pcgl', '172.18.32.205:1081');
INSERT INTO `upms_api_visit` VALUES ('30', '122', '20200802', '01', null, '1', '172.18.32.205', 'chat', '172.18.32.205:1081');
INSERT INTO `upms_api_visit` VALUES ('31', '122', '20200802', '01', null, '1', '172.18.32.205', 'article', '172.18.32.205:1081');
INSERT INTO `upms_api_visit` VALUES ('32', '122', '20200802', '02', null, '1', '172.18.32.205', 'pcgl', '172.18.32.205:1081');
INSERT INTO `upms_api_visit` VALUES ('33', '122', '20200802', '02', null, '1', '172.18.32.205', 'article', '172.18.32.205:1081');
INSERT INTO `upms_api_visit` VALUES ('34', '122', '20200802', '02', null, '1', '172.18.32.205', 'worldTree', '172.18.32.205:1081');
INSERT INTO `upms_api_visit` VALUES ('35', '122', '20200802', '02', null, '1', '172.18.32.205', 'chat', '172.18.32.205:1081');
INSERT INTO `upms_api_visit` VALUES ('36', '122', '20200802', '03', null, '1', '172.18.32.205', 'article', '172.18.32.205:1081');
INSERT INTO `upms_api_visit` VALUES ('37', '122', '20200802', '03', null, '1', '172.18.32.205', 'pcgl', '172.18.32.205:1081');
INSERT INTO `upms_api_visit` VALUES ('38', '122', '20200802', '03', null, '1', '172.18.32.205', 'worldTree', '172.18.32.205:1081');
INSERT INTO `upms_api_visit` VALUES ('39', '122', '20200802', '03', null, '1', '172.18.32.205', 'chat', '172.18.32.205:1081');
INSERT INTO `upms_api_visit` VALUES ('40', '122', '20200802', '04', null, '1', '172.18.32.205', 'article', '172.18.32.205:1081');
INSERT INTO `upms_api_visit` VALUES ('41', '122', '20200802', '04', null, '1', '172.18.32.205', 'chat', '172.18.32.205:1081');
INSERT INTO `upms_api_visit` VALUES ('42', '122', '20200802', '04', null, '1', '172.18.32.205', 'worldTree', '172.18.32.205:1081');
INSERT INTO `upms_api_visit` VALUES ('43', '122', '20200802', '04', null, '1', '172.18.32.205', 'pcgl', '172.18.32.205:1081');
INSERT INTO `upms_api_visit` VALUES ('44', '122', '20200802', '05', null, '1', '172.18.32.205', 'chat', '172.18.32.205:1081');
INSERT INTO `upms_api_visit` VALUES ('45', '122', '20200802', '05', null, '1', '172.18.32.205', 'pcgl', '172.18.32.205:1081');
INSERT INTO `upms_api_visit` VALUES ('46', '122', '20200802', '05', null, '1', '172.18.32.205', 'worldTree', '172.18.32.205:1081');
INSERT INTO `upms_api_visit` VALUES ('47', '122', '20200802', '05', null, '1', '172.18.32.205', 'article', '172.18.32.205:1081');
INSERT INTO `upms_api_visit` VALUES ('48', '122', '20200802', '06', null, '1', '172.18.32.205', 'worldTree', '172.18.32.205:1081');
INSERT INTO `upms_api_visit` VALUES ('49', '122', '20200802', '06', null, '1', '172.18.32.205', 'pcgl', '172.18.32.205:1081');
INSERT INTO `upms_api_visit` VALUES ('50', '122', '20200802', '06', null, '1', '172.18.32.205', 'article', '172.18.32.205:1081');
INSERT INTO `upms_api_visit` VALUES ('51', '122', '20200802', '06', null, '1', '172.18.32.205', 'chat', '172.18.32.205:1081');
INSERT INTO `upms_api_visit` VALUES ('52', '122', '20200802', '07', null, '1', '172.18.32.205', 'worldTree', '172.18.32.205:1081');
INSERT INTO `upms_api_visit` VALUES ('53', '122', '20200802', '07', null, '1', '172.18.32.205', 'pcgl', '172.18.32.205:1081');
INSERT INTO `upms_api_visit` VALUES ('54', '122', '20200802', '07', null, '1', '172.18.32.205', 'chat', '172.18.32.205:1081');
INSERT INTO `upms_api_visit` VALUES ('55', '122', '20200802', '07', null, '1', '172.18.32.205', 'article', '172.18.32.205:1081');
INSERT INTO `upms_api_visit` VALUES ('56', '122', '20200802', '08', null, '1', '172.18.32.205', 'worldTree', '172.18.32.205:1081');
INSERT INTO `upms_api_visit` VALUES ('57', '122', '20200802', '08', null, '1', '172.18.32.205', 'pcgl', '172.18.32.205:1081');
INSERT INTO `upms_api_visit` VALUES ('58', '122', '20200802', '08', null, '1', '172.18.32.205', 'article', '172.18.32.205:1081');
INSERT INTO `upms_api_visit` VALUES ('59', '122', '20200802', '08', null, '1', '172.18.32.205', 'chat', '172.18.32.205:1081');
INSERT INTO `upms_api_visit` VALUES ('60', '72', '20200802', '09', null, '1', '172.18.32.205', 'chat', '172.18.32.205:1081');
INSERT INTO `upms_api_visit` VALUES ('61', '81', '20200802', '09', '30', '3', '113.119.30.221', 'nc-nginx', '172.18.32.205:1081');
INSERT INTO `upms_api_visit` VALUES ('62', '107', '20200802', '09', '30', '2', '113.119.30.221', 'nc-nginx', '172.18.32.205:1081');
INSERT INTO `upms_api_visit` VALUES ('63', '80', '20200802', '09', '30', '1', '113.119.30.221', 'nc-nginx', '172.18.32.205:1081');
INSERT INTO `upms_api_visit` VALUES ('64', '72', '20200802', '09', null, '1', '113.119.30.221', 'nc-nginx', '172.18.32.205:1081');
INSERT INTO `upms_api_visit` VALUES ('65', '122', '20200802', '09', null, '1', '172.18.32.205', 'chat', '172.18.32.205:1081');
INSERT INTO `upms_api_visit` VALUES ('66', '88', '20200802', '09', '30', '1', '113.119.30.221', 'nc-nginx', '172.18.32.205:1081');
INSERT INTO `upms_api_visit` VALUES ('67', '122', '20200802', '09', null, '1', '172.18.32.205', 'article', '172.18.32.205:1081');
INSERT INTO `upms_api_visit` VALUES ('68', '202', '20200802', '09', null, '1', '172.18.32.205', 'chat', '172.18.32.205:1081');
INSERT INTO `upms_api_visit` VALUES ('69', '122', '20200802', '09', null, '1', '172.18.32.205', 'worldTree', '172.18.32.205:1081');
INSERT INTO `upms_api_visit` VALUES ('70', '122', '20200802', '09', null, '1', '172.18.32.205', 'pcgl', '172.18.32.205:1081');
INSERT INTO `upms_api_visit` VALUES ('71', '74', '20200802', '09', null, '1', '113.119.30.221', 'nc-nginx', '172.18.32.205:1081');
INSERT INTO `upms_api_visit` VALUES ('72', '122', '20200802', '10', null, '1', '172.18.32.205', 'worldTree', '172.18.32.205:1081');
INSERT INTO `upms_api_visit` VALUES ('73', '122', '20200802', '10', null, '1', '172.18.32.205', 'pcgl', '172.18.32.205:1081');
INSERT INTO `upms_api_visit` VALUES ('74', '122', '20200802', '10', null, '1', '172.18.32.205', 'article', '172.18.32.205:1081');
INSERT INTO `upms_api_visit` VALUES ('75', '122', '20200802', '10', null, '1', '172.18.32.205', 'chat', '172.18.32.205:1081');
INSERT INTO `upms_api_visit` VALUES ('76', '122', '20200802', '11', null, '1', '172.18.32.205', 'chat', '172.18.32.205:1081');
INSERT INTO `upms_api_visit` VALUES ('77', '122', '20200802', '11', null, '1', '172.18.32.205', 'article', '172.18.32.205:1081');
INSERT INTO `upms_api_visit` VALUES ('78', '122', '20200802', '11', null, '1', '172.18.32.205', 'worldTree', '172.18.32.205:1081');
INSERT INTO `upms_api_visit` VALUES ('79', '122', '20200802', '11', null, '1', '172.18.32.205', 'pcgl', '172.18.32.205:1081');
INSERT INTO `upms_api_visit` VALUES ('80', '122', '20200802', '12', null, '1', '172.18.32.205', 'chat', '172.18.32.205:1081');
INSERT INTO `upms_api_visit` VALUES ('81', '122', '20200802', '12', null, '1', '172.18.32.205', 'article', '172.18.32.205:1081');
INSERT INTO `upms_api_visit` VALUES ('82', '122', '20200802', '12', null, '1', '172.18.32.205', 'pcgl', '172.18.32.205:1081');
INSERT INTO `upms_api_visit` VALUES ('83', '122', '20200802', '12', null, '1', '172.18.32.205', 'worldTree', '172.18.32.205:1081');
INSERT INTO `upms_api_visit` VALUES ('84', '122', '20200802', '13', null, '1', '172.18.32.205', 'worldTree', '172.18.32.205:1081');
INSERT INTO `upms_api_visit` VALUES ('85', '122', '20200802', '13', null, '1', '172.18.32.205', 'pcgl', '172.18.32.205:1081');
INSERT INTO `upms_api_visit` VALUES ('86', '122', '20200802', '13', null, '1', '172.18.32.205', 'chat', '172.18.32.205:1081');
INSERT INTO `upms_api_visit` VALUES ('87', '122', '20200802', '13', null, '1', '172.18.32.205', 'article', '172.18.32.205:1081');
INSERT INTO `upms_api_visit` VALUES ('88', '122', '20200802', '14', null, '1', '172.18.32.205', 'pcgl', '172.18.32.205:1081');
INSERT INTO `upms_api_visit` VALUES ('89', '122', '20200802', '14', null, '1', '172.18.32.205', 'worldTree', '172.18.32.205:1081');
INSERT INTO `upms_api_visit` VALUES ('90', '122', '20200802', '14', null, '1', '172.18.32.205', 'article', '172.18.32.205:1081');
INSERT INTO `upms_api_visit` VALUES ('91', '122', '20200802', '14', null, '1', '172.18.32.205', 'chat', '172.18.32.205:1081');
INSERT INTO `upms_api_visit` VALUES ('92', '122', '20200802', '15', null, '1', '172.18.32.205', 'article', '172.18.32.205:1081');
INSERT INTO `upms_api_visit` VALUES ('93', '122', '20200802', '15', null, '1', '172.18.32.205', 'chat', '172.18.32.205:1081');
INSERT INTO `upms_api_visit` VALUES ('94', '122', '20200802', '15', null, '1', '172.18.32.205', 'worldTree', '172.18.32.205:1081');
INSERT INTO `upms_api_visit` VALUES ('95', '122', '20200802', '15', null, '1', '172.18.32.205', 'pcgl', '172.18.32.205:1081');
INSERT INTO `upms_api_visit` VALUES ('96', '101', '20200802', '16', null, '6', '123.113.250.214', 'nc-nginx', '172.18.32.205:1081');
INSERT INTO `upms_api_visit` VALUES ('97', '56', '20200802', '16', null, '2', '123.113.250.214', 'nc-nginx', '172.18.32.205:1081');
INSERT INTO `upms_api_visit` VALUES ('98', '122', '20200802', '16', null, '1', '172.18.32.205', 'article', '172.18.32.205:1081');
INSERT INTO `upms_api_visit` VALUES ('99', '122', '20200802', '16', null, '1', '172.18.32.205', 'chat', '172.18.32.205:1081');
INSERT INTO `upms_api_visit` VALUES ('100', '171', '20200802', '16', null, '2', '123.113.250.214', 'nc-nginx', '172.18.32.205:1081');
INSERT INTO `upms_api_visit` VALUES ('101', '122', '20200802', '16', null, '1', '172.18.32.205', 'pcgl', '172.18.32.205:1081');
INSERT INTO `upms_api_visit` VALUES ('102', '67', '20200802', '16', null, '1', '123.113.250.214', 'nc-nginx', '172.18.32.205:1081');
INSERT INTO `upms_api_visit` VALUES ('103', '122', '20200802', '16', null, '1', '172.18.32.205', 'worldTree', '172.18.32.205:1081');
INSERT INTO `upms_api_visit` VALUES ('104', '72', '20200802', '16', null, '2', '172.18.32.205', 'article', '172.18.32.205:1081');
INSERT INTO `upms_api_visit` VALUES ('105', '71', '20200802', '16', null, '6', '123.113.250.214', 'nc-nginx', '172.18.32.205:1081');
INSERT INTO `upms_api_visit` VALUES ('106', '72', '20200802', '16', null, '1', '123.113.250.214', 'nc-nginx', '172.18.32.205:1081');
INSERT INTO `upms_api_visit` VALUES ('107', '70', '20200802', '16', null, '1', '123.113.250.214', 'nc-nginx', '172.18.32.205:1081');
INSERT INTO `upms_api_visit` VALUES ('108', '74', '20200802', '16', null, '5', '123.113.250.214', 'nc-nginx', '172.18.32.205:1081');
INSERT INTO `upms_api_visit` VALUES ('109', '60', '20200802', '16', null, '3', '123.113.250.214', 'nc-nginx', '172.18.32.205:1081');
INSERT INTO `upms_api_visit` VALUES ('110', '55', '20200802', '16', null, '1', '123.113.250.214', 'nc-nginx', '172.18.32.205:1081');
INSERT INTO `upms_api_visit` VALUES ('111', '76', '20200802', '16', null, '1', '123.113.250.214', 'nc-nginx', '172.18.32.205:1081');
INSERT INTO `upms_api_visit` VALUES ('112', '149', '20200802', '16', null, '2', '123.113.250.214', 'nc-nginx', '172.18.32.205:1081');
INSERT INTO `upms_api_visit` VALUES ('113', '190', '20200802', '16', null, '3', '172.18.32.205', 'article', '172.18.32.205:1081');
INSERT INTO `upms_api_visit` VALUES ('114', '122', '20200802', '17', null, '1', '172.18.32.205', 'pcgl', '172.18.32.205:1081');
INSERT INTO `upms_api_visit` VALUES ('115', '122', '20200802', '17', null, '1', '172.18.32.205', 'worldTree', '172.18.32.205:1081');
INSERT INTO `upms_api_visit` VALUES ('116', '122', '20200802', '17', null, '1', '172.18.32.205', 'chat', '172.18.32.205:1081');
INSERT INTO `upms_api_visit` VALUES ('117', '122', '20200802', '17', null, '1', '172.18.32.205', 'article', '172.18.32.205:1081');
INSERT INTO `upms_api_visit` VALUES ('118', '122', '20200802', '18', null, '1', '172.18.32.205', 'chat', '172.18.32.205:1081');
INSERT INTO `upms_api_visit` VALUES ('119', '122', '20200802', '18', null, '1', '172.18.32.205', 'pcgl', '172.18.32.205:1081');
INSERT INTO `upms_api_visit` VALUES ('120', '122', '20200802', '18', null, '1', '172.18.32.205', 'worldTree', '172.18.32.205:1081');
INSERT INTO `upms_api_visit` VALUES ('121', '122', '20200802', '18', null, '1', '172.18.32.205', 'article', '172.18.32.205:1081');
INSERT INTO `upms_api_visit` VALUES ('122', '202', '20200802', '19', null, '1', '172.18.32.205', 'chat', '172.18.32.205:1081');
INSERT INTO `upms_api_visit` VALUES ('123', '155', '20200802', '19', '30', '3', '221.216.136.124', 'nc-nginx', '172.18.32.205:1081');
INSERT INTO `upms_api_visit` VALUES ('124', '122', '20200802', '19', null, '1', '172.18.32.205', 'pcgl', '172.18.32.205:1081');
INSERT INTO `upms_api_visit` VALUES ('125', '74', '20200802', '19', null, '1', '221.216.136.124', 'nc-nginx', '172.18.32.205:1081');
INSERT INTO `upms_api_visit` VALUES ('126', '83', '20200802', '19', '30', '1', '221.216.136.124', 'nc-nginx', '172.18.32.205:1081');
INSERT INTO `upms_api_visit` VALUES ('127', '72', '20200802', '19', null, '1', '221.216.136.124', 'nc-nginx', '172.18.32.205:1081');
INSERT INTO `upms_api_visit` VALUES ('128', '115', '20200802', '19', '30', '3', '221.216.136.124', 'nc-nginx', '172.18.32.205:1081');
INSERT INTO `upms_api_visit` VALUES ('129', '55', '20200802', '19', null, '1', '221.216.136.124', 'nc-nginx', '172.18.32.205:1081');
INSERT INTO `upms_api_visit` VALUES ('130', '81', '20200802', '19', '30', '7', '221.216.136.124', 'nc-nginx', '172.18.32.205:1081');
INSERT INTO `upms_api_visit` VALUES ('131', '77', '20200802', '19', '30', '3', '221.216.136.124', 'nc-nginx', '172.18.32.205:1081');
INSERT INTO `upms_api_visit` VALUES ('132', '122', '20200802', '19', null, '1', '172.18.32.205', 'worldTree', '172.18.32.205:1081');
INSERT INTO `upms_api_visit` VALUES ('133', '122', '20200802', '19', null, '1', '172.18.32.205', 'chat', '172.18.32.205:1081');
INSERT INTO `upms_api_visit` VALUES ('134', '72', '20200802', '19', null, '1', '172.18.32.205', 'chat', '172.18.32.205:1081');
INSERT INTO `upms_api_visit` VALUES ('135', '122', '20200802', '19', null, '1', '172.18.32.205', 'article', '172.18.32.205:1081');
INSERT INTO `upms_api_visit` VALUES ('136', '80', '20200802', '19', '30', '4', '221.216.136.124', 'nc-nginx', '172.18.32.205:1081');
INSERT INTO `upms_api_visit` VALUES ('137', '122', '20200802', '20', null, '1', '172.18.32.205', 'pcgl', '172.18.32.205:1081');
INSERT INTO `upms_api_visit` VALUES ('138', '122', '20200802', '20', null, '1', '172.18.32.205', 'article', '172.18.32.205:1081');
INSERT INTO `upms_api_visit` VALUES ('139', '122', '20200802', '20', null, '1', '172.18.32.205', 'chat', '172.18.32.205:1081');
INSERT INTO `upms_api_visit` VALUES ('140', '122', '20200802', '20', null, '1', '172.18.32.205', 'worldTree', '172.18.32.205:1081');
INSERT INTO `upms_api_visit` VALUES ('141', '122', '20200802', '21', null, '1', '172.18.32.205', 'article', '172.18.32.205:1081');
INSERT INTO `upms_api_visit` VALUES ('142', '122', '20200802', '21', null, '1', '172.18.32.205', 'chat', '172.18.32.205:1081');
INSERT INTO `upms_api_visit` VALUES ('143', '122', '20200802', '21', null, '1', '172.18.32.205', 'worldTree', '172.18.32.205:1081');
INSERT INTO `upms_api_visit` VALUES ('144', '122', '20200802', '21', null, '1', '172.18.32.205', 'pcgl', '172.18.32.205:1081');
INSERT INTO `upms_api_visit` VALUES ('145', '122', '20200802', '22', null, '1', '172.18.32.205', 'article', '172.18.32.205:1081');
INSERT INTO `upms_api_visit` VALUES ('146', '122', '20200802', '22', null, '1', '172.18.32.205', 'worldTree', '172.18.32.205:1081');
INSERT INTO `upms_api_visit` VALUES ('147', '122', '20200802', '22', null, '1', '172.18.32.205', 'pcgl', '172.18.32.205:1081');
INSERT INTO `upms_api_visit` VALUES ('148', '122', '20200802', '22', null, '1', '172.18.32.205', 'chat', '172.18.32.205:1081');
INSERT INTO `upms_api_visit` VALUES ('149', '122', '20200802', '23', null, '1', '172.18.32.205', 'chat', '172.18.32.205:1081');
INSERT INTO `upms_api_visit` VALUES ('150', '122', '20200802', '23', null, '1', '172.18.32.205', 'article', '172.18.32.205:1081');
INSERT INTO `upms_api_visit` VALUES ('151', '122', '20200802', '23', null, '1', '172.18.32.205', 'pcgl', '172.18.32.205:1081');
INSERT INTO `upms_api_visit` VALUES ('152', '122', '20200802', '23', null, '1', '172.18.32.205', 'worldTree', '172.18.32.205:1081');
INSERT INTO `upms_api_visit` VALUES ('153', '122', '20200803', '00', null, '1', '172.18.32.205', 'article', '172.18.32.205:1081');
INSERT INTO `upms_api_visit` VALUES ('154', '122', '20200803', '00', null, '1', '172.18.32.205', 'chat', '172.18.32.205:1081');
INSERT INTO `upms_api_visit` VALUES ('155', '122', '20200803', '00', null, '1', '172.18.32.205', 'worldTree', '172.18.32.205:1081');
INSERT INTO `upms_api_visit` VALUES ('156', '122', '20200803', '00', null, '1', '172.18.32.205', 'pcgl', '172.18.32.205:1081');
INSERT INTO `upms_api_visit` VALUES ('157', '122', '20200803', '01', null, '1', '172.18.32.205', 'chat', '172.18.32.205:1081');
INSERT INTO `upms_api_visit` VALUES ('158', '122', '20200803', '01', null, '1', '172.18.32.205', 'article', '172.18.32.205:1081');
INSERT INTO `upms_api_visit` VALUES ('159', '122', '20200803', '01', null, '1', '172.18.32.205', 'pcgl', '172.18.32.205:1081');
INSERT INTO `upms_api_visit` VALUES ('160', '122', '20200803', '01', null, '1', '172.18.32.205', 'worldTree', '172.18.32.205:1081');
INSERT INTO `upms_api_visit` VALUES ('161', '122', '20200803', '02', null, '1', '172.18.32.205', 'chat', '172.18.32.205:1081');
INSERT INTO `upms_api_visit` VALUES ('162', '122', '20200803', '02', null, '1', '172.18.32.205', 'article', '172.18.32.205:1081');
INSERT INTO `upms_api_visit` VALUES ('163', '122', '20200803', '02', null, '1', '172.18.32.205', 'pcgl', '172.18.32.205:1081');
INSERT INTO `upms_api_visit` VALUES ('164', '122', '20200803', '02', null, '1', '172.18.32.205', 'worldTree', '172.18.32.205:1081');
INSERT INTO `upms_api_visit` VALUES ('165', '122', '20200803', '03', null, '1', '172.18.32.205', 'worldTree', '172.18.32.205:1081');
INSERT INTO `upms_api_visit` VALUES ('166', '122', '20200803', '03', null, '1', '172.18.32.205', 'pcgl', '172.18.32.205:1081');
INSERT INTO `upms_api_visit` VALUES ('167', '122', '20200803', '03', null, '1', '172.18.32.205', 'chat', '172.18.32.205:1081');
INSERT INTO `upms_api_visit` VALUES ('168', '122', '20200803', '03', null, '1', '172.18.32.205', 'article', '172.18.32.205:1081');
INSERT INTO `upms_api_visit` VALUES ('169', '122', '20200803', '04', null, '1', '172.18.32.205', 'pcgl', '172.18.32.205:1081');
INSERT INTO `upms_api_visit` VALUES ('170', '122', '20200803', '04', null, '1', '172.18.32.205', 'worldTree', '172.18.32.205:1081');
INSERT INTO `upms_api_visit` VALUES ('171', '122', '20200803', '04', null, '1', '172.18.32.205', 'article', '172.18.32.205:1081');
INSERT INTO `upms_api_visit` VALUES ('172', '122', '20200803', '04', null, '1', '172.18.32.205', 'chat', '172.18.32.205:1081');
INSERT INTO `upms_api_visit` VALUES ('173', '122', '20200803', '05', null, '1', '172.18.32.205', 'article', '172.18.32.205:1081');
INSERT INTO `upms_api_visit` VALUES ('174', '122', '20200803', '05', null, '1', '172.18.32.205', 'chat', '172.18.32.205:1081');
INSERT INTO `upms_api_visit` VALUES ('175', '122', '20200803', '05', null, '1', '172.18.32.205', 'worldTree', '172.18.32.205:1081');
INSERT INTO `upms_api_visit` VALUES ('176', '122', '20200803', '05', null, '1', '172.18.32.205', 'pcgl', '172.18.32.205:1081');
INSERT INTO `upms_api_visit` VALUES ('177', '122', '20200803', '06', null, '1', '172.18.32.205', 'article', '172.18.32.205:1081');
INSERT INTO `upms_api_visit` VALUES ('178', '122', '20200803', '06', null, '1', '172.18.32.205', 'chat', '172.18.32.205:1081');
INSERT INTO `upms_api_visit` VALUES ('179', '122', '20200803', '06', null, '1', '172.18.32.205', 'pcgl', '172.18.32.205:1081');
INSERT INTO `upms_api_visit` VALUES ('180', '122', '20200803', '06', null, '1', '172.18.32.205', 'worldTree', '172.18.32.205:1081');
INSERT INTO `upms_api_visit` VALUES ('181', '122', '20200803', '07', null, '1', '172.18.32.205', 'chat', '172.18.32.205:1081');
INSERT INTO `upms_api_visit` VALUES ('182', '122', '20200803', '07', null, '1', '172.18.32.205', 'pcgl', '172.18.32.205:1081');
INSERT INTO `upms_api_visit` VALUES ('183', '122', '20200803', '07', null, '1', '172.18.32.205', 'worldTree', '172.18.32.205:1081');
INSERT INTO `upms_api_visit` VALUES ('184', '122', '20200803', '07', null, '1', '172.18.32.205', 'article', '172.18.32.205:1081');
INSERT INTO `upms_api_visit` VALUES ('185', '80', '20200803', '08', '30', '1', '171.106.20.195', 'nc-nginx', '172.18.32.205:1081');
INSERT INTO `upms_api_visit` VALUES ('186', '107', '20200803', '08', '30', '2', '171.106.20.195', 'nc-nginx', '172.18.32.205:1081');
INSERT INTO `upms_api_visit` VALUES ('187', '122', '20200803', '08', null, '1', '172.18.32.205', 'chat', '172.18.32.205:1081');
INSERT INTO `upms_api_visit` VALUES ('188', '115', '20200803', '08', '30', '1', '171.106.20.195', 'nc-nginx', '172.18.32.205:1081');
INSERT INTO `upms_api_visit` VALUES ('189', '119', '20200803', '08', '30', '1', '171.106.20.195', 'nc-nginx', '172.18.32.205:1081');
INSERT INTO `upms_api_visit` VALUES ('190', '122', '20200803', '08', null, '1', '172.18.32.205', 'worldTree', '172.18.32.205:1081');
INSERT INTO `upms_api_visit` VALUES ('191', '74', '20200803', '08', null, '1', '171.106.20.195', 'nc-nginx', '172.18.32.205:1081');
INSERT INTO `upms_api_visit` VALUES ('192', '122', '20200803', '08', null, '1', '172.18.32.205', 'article', '172.18.32.205:1081');
INSERT INTO `upms_api_visit` VALUES ('193', '72', '20200803', '08', null, '1', '172.18.32.205', 'chat', '172.18.32.205:1081');
INSERT INTO `upms_api_visit` VALUES ('194', '202', '20200803', '08', null, '1', '172.18.32.205', 'chat', '172.18.32.205:1081');
INSERT INTO `upms_api_visit` VALUES ('195', '72', '20200803', '08', null, '1', '171.106.20.195', 'nc-nginx', '172.18.32.205:1081');
INSERT INTO `upms_api_visit` VALUES ('196', '155', '20200803', '08', '30', '1', '171.106.20.195', 'nc-nginx', '172.18.32.205:1081');
INSERT INTO `upms_api_visit` VALUES ('197', '122', '20200803', '08', null, '1', '172.18.32.205', 'pcgl', '172.18.32.205:1081');
INSERT INTO `upms_api_visit` VALUES ('198', '88', '20200803', '08', '30', '1', '171.106.20.195', 'nc-nginx', '172.18.32.205:1081');
INSERT INTO `upms_api_visit` VALUES ('199', '116', '20200803', '08', '30', '1', '171.106.20.195', 'nc-nginx', '172.18.32.205:1081');
INSERT INTO `upms_api_visit` VALUES ('200', '81', '20200803', '08', '30', '3', '171.106.20.195', 'nc-nginx', '172.18.32.205:1081');
INSERT INTO `upms_api_visit` VALUES ('201', '55', '20200803', '09', null, '2', '211.97.128.113', 'nc-nginx', '172.18.32.205:1081');
INSERT INTO `upms_api_visit` VALUES ('202', '88', '20200803', '09', '30', '1', '211.97.131.198', 'nc-nginx', '172.18.32.205:1081');
INSERT INTO `upms_api_visit` VALUES ('203', '100', '20200803', '09', null, '4', '211.97.128.113', 'nc-nginx', '172.18.32.205:1081');
INSERT INTO `upms_api_visit` VALUES ('204', '72', '20200803', '09', null, '1', '211.97.131.198', 'nc-nginx', '172.18.32.205:1081');
INSERT INTO `upms_api_visit` VALUES ('205', '171', '20200803', '09', null, '1', '211.97.128.113', 'nc-nginx', '172.18.32.205:1081');
INSERT INTO `upms_api_visit` VALUES ('206', '122', '20200803', '09', null, '1', '172.18.32.205', 'chat', '172.18.32.205:1081');
INSERT INTO `upms_api_visit` VALUES ('207', '74', '20200803', '09', null, '1', '211.97.131.198', 'nc-nginx', '172.18.32.205:1081');
INSERT INTO `upms_api_visit` VALUES ('208', '72', '20200803', '09', null, '1', '172.18.32.205', 'chat', '172.18.32.205:1081');
INSERT INTO `upms_api_visit` VALUES ('209', '122', '20200803', '09', null, '1', '172.18.32.205', 'article', '172.18.32.205:1081');
INSERT INTO `upms_api_visit` VALUES ('210', '67', '20200803', '09', null, '2', '211.97.128.113', 'nc-nginx', '172.18.32.205:1081');
INSERT INTO `upms_api_visit` VALUES ('211', '177', '20200803', '09', null, '3', '211.97.128.113', 'nc-nginx', '172.18.32.205:1081');
INSERT INTO `upms_api_visit` VALUES ('212', '60', '20200803', '09', null, '3', '211.97.128.113', 'nc-nginx', '172.18.32.205:1081');
INSERT INTO `upms_api_visit` VALUES ('213', '202', '20200803', '09', null, '1', '172.18.32.205', 'chat', '172.18.32.205:1081');
INSERT INTO `upms_api_visit` VALUES ('214', '186', '20200803', '09', null, '1', '211.97.128.113', 'nc-nginx', '172.18.32.205:1081');
INSERT INTO `upms_api_visit` VALUES ('215', '71', '20200803', '09', null, '1', '211.97.128.113', 'nc-nginx', '172.18.32.205:1081');
INSERT INTO `upms_api_visit` VALUES ('216', '122', '20200803', '09', null, '1', '172.18.32.205', 'pcgl', '172.18.32.205:1081');
INSERT INTO `upms_api_visit` VALUES ('217', '81', '20200803', '09', '30', '4', '211.97.131.198', 'nc-nginx', '172.18.32.205:1081');
INSERT INTO `upms_api_visit` VALUES ('218', '80', '20200803', '09', '30', '1', '211.97.131.198', 'nc-nginx', '172.18.32.205:1081');
INSERT INTO `upms_api_visit` VALUES ('219', '182', '20200803', '09', null, '1', '211.97.128.113', 'nc-nginx', '172.18.32.205:1081');
INSERT INTO `upms_api_visit` VALUES ('220', '56', '20200803', '09', null, '2', '211.97.128.113', 'nc-nginx', '172.18.32.205:1081');
INSERT INTO `upms_api_visit` VALUES ('221', '101', '20200803', '09', null, '6', '211.97.128.113', 'nc-nginx', '172.18.32.205:1081');
INSERT INTO `upms_api_visit` VALUES ('222', '51', '20200803', '09', null, '1', '211.97.128.113', 'nc-nginx', '172.18.32.205:1081');
INSERT INTO `upms_api_visit` VALUES ('223', '122', '20200803', '09', null, '1', '172.18.32.205', 'worldTree', '172.18.32.205:1081');
INSERT INTO `upms_api_visit` VALUES ('224', '107', '20200803', '09', '30', '1', '211.97.131.198', 'nc-nginx', '172.18.32.205:1081');
INSERT INTO `upms_api_visit` VALUES ('225', '149', '20200803', '09', null, '1', '211.97.128.113', 'nc-nginx', '172.18.32.205:1081');
INSERT INTO `upms_api_visit` VALUES ('226', '105', '20200803', '09', null, '2', '211.97.128.113', 'nc-nginx', '172.18.32.205:1081');
INSERT INTO `upms_api_visit` VALUES ('227', '67', '20200803', '10', null, '3', '111.18.39.230', 'nc-nginx', '172.18.32.205:1081');
INSERT INTO `upms_api_visit` VALUES ('228', '122', '20200803', '10', null, '1', '172.18.32.205', 'pcgl', '172.18.32.205:1081');
INSERT INTO `upms_api_visit` VALUES ('229', '139', '20200803', '10', null, '1', '211.97.128.113', 'nc-nginx', '172.18.32.205:1081');
INSERT INTO `upms_api_visit` VALUES ('230', '81', '20200803', '10', '30', '3', '211.97.128.113', 'nc-nginx', '172.18.32.205:1081');
INSERT INTO `upms_api_visit` VALUES ('231', '80', '20200803', '10', '30', '1', '211.97.128.113', 'nc-nginx', '172.18.32.205:1081');
INSERT INTO `upms_api_visit` VALUES ('232', '122', '20200803', '10', null, '1', '172.18.32.205', 'article', '172.18.32.205:1081');
INSERT INTO `upms_api_visit` VALUES ('233', '122', '20200803', '10', null, '1', '172.18.32.205', 'chat', '172.18.32.205:1081');
INSERT INTO `upms_api_visit` VALUES ('234', '55', '20200803', '10', null, '1', '111.18.39.230', 'nc-nginx', '172.18.32.205:1081');
INSERT INTO `upms_api_visit` VALUES ('235', '122', '20200803', '10', null, '1', '172.18.32.205', 'worldTree', '172.18.32.205:1081');
INSERT INTO `upms_api_visit` VALUES ('236', '60', '20200803', '10', null, '3', '111.18.39.230', 'nc-nginx', '172.18.32.205:1081');
INSERT INTO `upms_api_visit` VALUES ('237', '100', '20200803', '10', null, '1', '211.97.128.113', 'nc-nginx', '172.18.32.205:1081');
INSERT INTO `upms_api_visit` VALUES ('238', '66', '20200803', '10', null, '1', '111.18.39.230', 'nc-nginx', '172.18.32.205:1081');
INSERT INTO `upms_api_visit` VALUES ('239', '144', '20200803', '10', null, '1', '211.97.128.113', 'nc-nginx', '172.18.32.205:1081');
INSERT INTO `upms_api_visit` VALUES ('240', '51', '20200803', '11', null, '1', '222.128.87.207', 'nc-nginx', '172.18.32.205:1081');
INSERT INTO `upms_api_visit` VALUES ('241', '67', '20200803', '11', null, '1', '222.128.87.207', 'nc-nginx', '172.18.32.205:1081');
INSERT INTO `upms_api_visit` VALUES ('242', '72', '20200803', '11', null, '1', '218.17.157.169', 'nc-nginx', '172.18.32.205:1081');
INSERT INTO `upms_api_visit` VALUES ('243', '149', '20200803', '11', null, '1', '222.128.87.207', 'nc-nginx', '172.18.32.205:1081');
INSERT INTO `upms_api_visit` VALUES ('244', '122', '20200803', '11', null, '1', '172.18.32.205', 'pcgl', '172.18.32.205:1081');
INSERT INTO `upms_api_visit` VALUES ('245', '122', '20200803', '11', null, '1', '172.18.32.205', 'worldTree', '172.18.32.205:1081');
INSERT INTO `upms_api_visit` VALUES ('246', '74', '20200803', '11', null, '1', '218.17.157.169', 'nc-nginx', '172.18.32.205:1081');
INSERT INTO `upms_api_visit` VALUES ('247', '56', '20200803', '11', null, '2', '222.128.87.207', 'nc-nginx', '172.18.32.205:1081');
INSERT INTO `upms_api_visit` VALUES ('248', '122', '20200803', '11', null, '1', '172.18.32.205', 'article', '172.18.32.205:1081');
INSERT INTO `upms_api_visit` VALUES ('249', '116', '20200803', '11', '30', '4', '218.17.157.169', 'nc-nginx', '172.18.32.205:1081');
INSERT INTO `upms_api_visit` VALUES ('250', '55', '20200803', '11', null, '1', '222.128.87.207', 'nc-nginx', '172.18.32.205:1081');
INSERT INTO `upms_api_visit` VALUES ('251', '60', '20200803', '11', null, '3', '222.128.87.207', 'nc-nginx', '172.18.32.205:1081');
INSERT INTO `upms_api_visit` VALUES ('252', '171', '20200803', '11', null, '1', '222.128.87.207', 'nc-nginx', '172.18.32.205:1081');
INSERT INTO `upms_api_visit` VALUES ('253', '186', '20200803', '11', null, '1', '222.128.87.207', 'nc-nginx', '172.18.32.205:1081');
INSERT INTO `upms_api_visit` VALUES ('254', '107', '20200803', '11', '30', '1', '218.17.157.169', 'nc-nginx', '172.18.32.205:1081');
INSERT INTO `upms_api_visit` VALUES ('255', '122', '20200803', '11', null, '1', '172.18.32.205', 'chat', '172.18.32.205:1081');
INSERT INTO `upms_api_visit` VALUES ('256', '81', '20200803', '11', '30', '3', '218.17.157.169', 'nc-nginx', '172.18.32.205:1081');
INSERT INTO `upms_api_visit` VALUES ('257', '71', '20200803', '11', null, '1', '222.128.87.207', 'nc-nginx', '172.18.32.205:1081');
INSERT INTO `upms_api_visit` VALUES ('258', '80', '20200803', '11', '30', '1', '218.17.157.169', 'nc-nginx', '172.18.32.205:1081');
INSERT INTO `upms_api_visit` VALUES ('259', '110', '20200803', '11', '30', '1', '218.17.157.169', 'nc-nginx', '172.18.32.205:1081');
INSERT INTO `upms_api_visit` VALUES ('260', '88', '20200803', '11', '30', '1', '218.17.157.169', 'nc-nginx', '172.18.32.205:1081');
INSERT INTO `upms_api_visit` VALUES ('261', '101', '20200803', '11', null, '6', '222.128.87.207', 'nc-nginx', '172.18.32.205:1081');
INSERT INTO `upms_api_visit` VALUES ('262', '122', '20200803', '12', null, '1', '172.18.32.205', 'worldTree', '172.18.32.205:1081');
INSERT INTO `upms_api_visit` VALUES ('263', '122', '20200803', '12', null, '1', '172.18.32.205', 'article', '172.18.32.205:1081');
INSERT INTO `upms_api_visit` VALUES ('264', '122', '20200803', '12', null, '1', '172.18.32.205', 'chat', '172.18.32.205:1081');
INSERT INTO `upms_api_visit` VALUES ('265', '122', '20200803', '12', null, '1', '172.18.32.205', 'pcgl', '172.18.32.205:1081');
INSERT INTO `upms_api_visit` VALUES ('266', '122', '20200803', '13', null, '1', '172.18.32.205', 'chat', '172.18.32.205:1081');
INSERT INTO `upms_api_visit` VALUES ('267', '122', '20200803', '13', null, '1', '172.18.32.205', 'article', '172.18.32.205:1081');
INSERT INTO `upms_api_visit` VALUES ('268', '122', '20200803', '13', null, '1', '172.18.32.205', 'pcgl', '172.18.32.205:1081');
INSERT INTO `upms_api_visit` VALUES ('269', '122', '20200803', '13', null, '1', '172.18.32.205', 'worldTree', '172.18.32.205:1081');
INSERT INTO `upms_api_visit` VALUES ('270', '67', '20200803', '14', null, '3', '218.17.157.169', 'nc-nginx', '172.18.32.205:1081');
INSERT INTO `upms_api_visit` VALUES ('271', '55', '20200803', '14', null, '1', '218.17.157.169', 'nc-nginx', '172.18.32.205:1081');
INSERT INTO `upms_api_visit` VALUES ('272', '122', '20200803', '14', null, '1', '172.18.32.205', 'chat', '172.18.32.205:1081');
INSERT INTO `upms_api_visit` VALUES ('273', '60', '20200803', '14', null, '2', '218.17.157.169', 'nc-nginx', '172.18.32.205:1081');
INSERT INTO `upms_api_visit` VALUES ('274', '139', '20200803', '14', null, '1', '218.17.157.169', 'nc-nginx', '172.18.32.205:1081');
INSERT INTO `upms_api_visit` VALUES ('275', '122', '20200803', '14', null, '1', '172.18.32.205', 'article', '172.18.32.205:1081');
INSERT INTO `upms_api_visit` VALUES ('276', '56', '20200803', '14', null, '1', '218.17.157.169', 'nc-nginx', '172.18.32.205:1081');
INSERT INTO `upms_api_visit` VALUES ('277', '122', '20200803', '14', null, '1', '172.18.32.205', 'pcgl', '172.18.32.205:1081');
INSERT INTO `upms_api_visit` VALUES ('278', '122', '20200803', '14', null, '1', '172.18.32.205', 'worldTree', '172.18.32.205:1081');
INSERT INTO `upms_api_visit` VALUES ('279', '149', '20200803', '14', null, '1', '218.17.157.169', 'nc-nginx', '172.18.32.205:1081');
INSERT INTO `upms_api_visit` VALUES ('280', '81', '20200803', '15', '30', '2', '183.15.178.140', 'nc-nginx', '172.18.32.205:1081');
INSERT INTO `upms_api_visit` VALUES ('281', '74', '20200803', '15', null, '1', '183.15.178.140', 'nc-nginx', '172.18.32.205:1081');
INSERT INTO `upms_api_visit` VALUES ('282', '202', '20200803', '15', null, '1', '172.18.32.205', 'chat', '172.18.32.205:1081');
INSERT INTO `upms_api_visit` VALUES ('283', '72', '20200803', '15', null, '1', '183.15.178.140', 'nc-nginx', '172.18.32.205:1081');
INSERT INTO `upms_api_visit` VALUES ('284', '51', '20200803', '15', null, '1', '218.17.157.169', 'nc-nginx', '172.18.32.205:1081');
INSERT INTO `upms_api_visit` VALUES ('285', '122', '20200803', '15', null, '1', '172.18.32.205', 'pcgl', '172.18.32.205:1081');
INSERT INTO `upms_api_visit` VALUES ('286', '122', '20200803', '15', null, '1', '172.18.32.205', 'worldTree', '172.18.32.205:1081');
INSERT INTO `upms_api_visit` VALUES ('287', '122', '20200803', '15', null, '1', '172.18.32.205', 'chat', '172.18.32.205:1081');
INSERT INTO `upms_api_visit` VALUES ('288', '72', '20200803', '15', null, '1', '172.18.32.205', 'chat', '172.18.32.205:1081');
INSERT INTO `upms_api_visit` VALUES ('289', '122', '20200803', '15', null, '1', '172.18.32.205', 'article', '172.18.32.205:1081');
INSERT INTO `upms_api_visit` VALUES ('290', '56', '20200803', '16', null, '1', '218.17.157.169', 'nc-nginx', '172.18.32.205:1081');
INSERT INTO `upms_api_visit` VALUES ('291', '157', '20200803', '16', '30', '2', '180.164.94.167', 'nc-nginx', '172.18.32.205:1081');
INSERT INTO `upms_api_visit` VALUES ('292', '182', '20200803', '16', null, '1', '180.164.94.167', 'nc-nginx', '172.18.32.205:1081');
INSERT INTO `upms_api_visit` VALUES ('293', '56', '20200803', '16', null, '2', '180.164.94.167', 'nc-nginx', '172.18.32.205:1081');
INSERT INTO `upms_api_visit` VALUES ('294', '72', '20200803', '16', null, '2', '172.18.32.205', 'chat', '172.18.32.205:1081');
INSERT INTO `upms_api_visit` VALUES ('295', '171', '20200803', '16', null, '2', '218.17.157.169', 'nc-nginx', '172.18.32.205:1081');
INSERT INTO `upms_api_visit` VALUES ('296', '108', '20200803', '16', '30', '3', '180.164.94.167', 'nc-nginx', '172.18.32.205:1081');
INSERT INTO `upms_api_visit` VALUES ('297', '105', '20200803', '16', null, '2', '218.17.157.169', 'nc-nginx', '172.18.32.205:1081');
INSERT INTO `upms_api_visit` VALUES ('298', '149', '20200803', '16', null, '2', '218.17.157.169', 'nc-nginx', '172.18.32.205:1081');
INSERT INTO `upms_api_visit` VALUES ('299', '139', '20200803', '16', null, '1', '218.17.157.169', 'nc-nginx', '172.18.32.205:1081');
INSERT INTO `upms_api_visit` VALUES ('300', '81', '20200803', '16', '30', '14', '180.164.94.167', 'nc-nginx', '172.18.32.205:1081');
INSERT INTO `upms_api_visit` VALUES ('301', '55', '20200803', '16', null, '1', '180.164.94.167', 'nc-nginx', '172.18.32.205:1081');
INSERT INTO `upms_api_visit` VALUES ('302', '60', '20200803', '16', null, '4', '218.17.157.169', 'nc-nginx', '172.18.32.205:1081');
INSERT INTO `upms_api_visit` VALUES ('303', '67', '20200803', '16', null, '2', '218.17.157.169', 'nc-nginx', '172.18.32.205:1081');
INSERT INTO `upms_api_visit` VALUES ('304', '158', '20200803', '16', '30', '1', '180.164.94.167', 'nc-nginx', '172.18.32.205:1081');
INSERT INTO `upms_api_visit` VALUES ('305', '116', '20200803', '16', '30', '3', '180.164.94.167', 'nc-nginx', '172.18.32.205:1081');
INSERT INTO `upms_api_visit` VALUES ('306', '122', '20200803', '16', null, '1', '172.18.32.205', 'worldTree', '172.18.32.205:1081');
INSERT INTO `upms_api_visit` VALUES ('307', '167', '20200803', '16', '30', '2', '180.164.94.167', 'nc-nginx', '172.18.32.205:1081');
INSERT INTO `upms_api_visit` VALUES ('308', '197', '20200803', '16', '30', '3', '180.164.94.167', 'nc-nginx', '172.18.32.205:1081');
INSERT INTO `upms_api_visit` VALUES ('309', '67', '20200803', '16', null, '6', '180.164.94.167', 'nc-nginx', '172.18.32.205:1081');
INSERT INTO `upms_api_visit` VALUES ('310', '177', '20200803', '16', null, '2', '180.164.94.167', 'nc-nginx', '172.18.32.205:1081');
INSERT INTO `upms_api_visit` VALUES ('311', '115', '20200803', '16', '30', '3', '180.164.94.167', 'nc-nginx', '172.18.32.205:1081');
INSERT INTO `upms_api_visit` VALUES ('312', '186', '20200803', '16', null, '1', '180.164.94.167', 'nc-nginx', '172.18.32.205:1081');
INSERT INTO `upms_api_visit` VALUES ('313', '171', '20200803', '16', null, '1', '180.164.94.167', 'nc-nginx', '172.18.32.205:1081');
INSERT INTO `upms_api_visit` VALUES ('314', '100', '20200803', '16', null, '3', '218.17.157.169', 'nc-nginx', '172.18.32.205:1081');
INSERT INTO `upms_api_visit` VALUES ('315', '100', '20200803', '16', null, '5', '180.164.94.167', 'nc-nginx', '172.18.32.205:1081');
INSERT INTO `upms_api_visit` VALUES ('316', '51', '20200803', '16', null, '2', '180.164.94.167', 'nc-nginx', '172.18.32.205:1081');
INSERT INTO `upms_api_visit` VALUES ('317', '101', '20200803', '16', null, '6', '180.164.94.167', 'nc-nginx', '172.18.32.205:1081');
INSERT INTO `upms_api_visit` VALUES ('318', '122', '20200803', '16', null, '1', '172.18.32.205', 'chat', '172.18.32.205:1081');
INSERT INTO `upms_api_visit` VALUES ('319', '72', '20200803', '16', null, '3', '180.164.94.167', 'nc-nginx', '172.18.32.205:1081');
INSERT INTO `upms_api_visit` VALUES ('320', '178', '20200803', '16', null, '1', '180.164.94.167', 'nc-nginx', '172.18.32.205:1081');
INSERT INTO `upms_api_visit` VALUES ('321', '71', '20200803', '16', null, '1', '180.164.94.167', 'nc-nginx', '172.18.32.205:1081');
INSERT INTO `upms_api_visit` VALUES ('322', '74', '20200803', '16', null, '1', '180.164.94.167', 'nc-nginx', '172.18.32.205:1081');
INSERT INTO `upms_api_visit` VALUES ('323', '60', '20200803', '16', null, '4', '180.164.94.167', 'nc-nginx', '172.18.32.205:1081');
INSERT INTO `upms_api_visit` VALUES ('324', '144', '20200803', '16', null, '1', '218.17.157.169', 'nc-nginx', '172.18.32.205:1081');
INSERT INTO `upms_api_visit` VALUES ('325', '196', '20200803', '16', '30', '1', '180.164.94.167', 'nc-nginx', '172.18.32.205:1081');
INSERT INTO `upms_api_visit` VALUES ('326', '202', '20200803', '16', null, '3', '172.18.32.205', 'chat', '172.18.32.205:1081');
INSERT INTO `upms_api_visit` VALUES ('327', '122', '20200803', '16', null, '1', '172.18.32.205', 'article', '172.18.32.205:1081');
INSERT INTO `upms_api_visit` VALUES ('328', '191', '20200803', '16', null, '1', '172.18.32.205', 'chat', '172.18.32.205:1081');
INSERT INTO `upms_api_visit` VALUES ('329', '107', '20200803', '16', '30', '4', '180.164.94.167', 'nc-nginx', '172.18.32.205:1081');
INSERT INTO `upms_api_visit` VALUES ('330', '105', '20200803', '16', null, '2', '180.164.94.167', 'nc-nginx', '172.18.32.205:1081');
INSERT INTO `upms_api_visit` VALUES ('331', '149', '20200803', '16', null, '2', '180.164.94.167', 'nc-nginx', '172.18.32.205:1081');
INSERT INTO `upms_api_visit` VALUES ('332', '80', '20200803', '16', '30', '5', '180.164.94.167', 'nc-nginx', '172.18.32.205:1081');
INSERT INTO `upms_api_visit` VALUES ('333', '155', '20200803', '16', '30', '3', '180.164.94.167', 'nc-nginx', '172.18.32.205:1081');
INSERT INTO `upms_api_visit` VALUES ('334', '122', '20200803', '16', null, '1', '172.18.32.205', 'pcgl', '172.18.32.205:1081');
INSERT INTO `upms_api_visit` VALUES ('335', '71', '20200803', '16', null, '1', '218.17.157.169', 'nc-nginx', '172.18.32.205:1081');
INSERT INTO `upms_api_visit` VALUES ('336', '88', '20200803', '16', '30', '2', '180.164.94.167', 'nc-nginx', '172.18.32.205:1081');
INSERT INTO `upms_api_visit` VALUES ('337', '122', '20200803', '17', null, '1', '172.18.32.205', 'chat', '172.18.32.205:1081');
INSERT INTO `upms_api_visit` VALUES ('338', '122', '20200803', '17', null, '1', '172.18.32.205', 'pcgl', '172.18.32.205:1081');
INSERT INTO `upms_api_visit` VALUES ('339', '122', '20200803', '17', null, '1', '172.18.32.205', 'article', '172.18.32.205:1081');
INSERT INTO `upms_api_visit` VALUES ('340', '122', '20200803', '17', null, '1', '172.18.32.205', 'worldTree', '172.18.32.205:1081');
INSERT INTO `upms_api_visit` VALUES ('341', '122', '20200803', '18', null, '1', '172.18.32.205', 'article', '172.18.32.205:1081');
INSERT INTO `upms_api_visit` VALUES ('342', '122', '20200803', '18', null, '1', '172.18.32.205', 'chat', '172.18.32.205:1081');
INSERT INTO `upms_api_visit` VALUES ('343', '122', '20200803', '18', null, '1', '172.18.32.205', 'pcgl', '172.18.32.205:1081');
INSERT INTO `upms_api_visit` VALUES ('344', '122', '20200803', '18', null, '1', '172.18.32.205', 'worldTree', '172.18.32.205:1081');
INSERT INTO `upms_api_visit` VALUES ('345', '122', '20200803', '19', null, '1', '172.18.32.205', 'chat', '172.18.32.205:1081');
INSERT INTO `upms_api_visit` VALUES ('346', '74', '20200803', '19', null, '1', '112.0.103.11', 'nc-nginx', '172.18.32.205:1081');
INSERT INTO `upms_api_visit` VALUES ('347', '122', '20200803', '19', null, '1', '172.18.32.205', 'article', '172.18.32.205:1081');
INSERT INTO `upms_api_visit` VALUES ('348', '202', '20200803', '19', null, '1', '172.18.32.205', 'chat', '172.18.32.205:1081');
INSERT INTO `upms_api_visit` VALUES ('349', '80', '20200803', '19', '30', '1', '112.0.103.11', 'nc-nginx', '172.18.32.205:1081');
INSERT INTO `upms_api_visit` VALUES ('350', '122', '20200803', '19', null, '1', '172.18.32.205', 'worldTree', '172.18.32.205:1081');
INSERT INTO `upms_api_visit` VALUES ('351', '122', '20200803', '19', null, '1', '172.18.32.205', 'pcgl', '172.18.32.205:1081');
INSERT INTO `upms_api_visit` VALUES ('352', '72', '20200803', '19', null, '2', '112.0.103.11', 'nc-nginx', '172.18.32.205:1081');
INSERT INTO `upms_api_visit` VALUES ('353', '157', '20200803', '19', '30', '1', '112.0.103.11', 'nc-nginx', '172.18.32.205:1081');
INSERT INTO `upms_api_visit` VALUES ('354', '72', '20200803', '19', null, '1', '172.18.32.205', 'chat', '172.18.32.205:1081');
INSERT INTO `upms_api_visit` VALUES ('355', '88', '20200803', '19', '30', '3', '112.0.103.11', 'nc-nginx', '172.18.32.205:1081');
INSERT INTO `upms_api_visit` VALUES ('356', '115', '20200803', '19', '30', '1', '112.0.103.11', 'nc-nginx', '172.18.32.205:1081');
INSERT INTO `upms_api_visit` VALUES ('357', '155', '20200803', '19', '30', '1', '112.0.103.11', 'nc-nginx', '172.18.32.205:1081');
INSERT INTO `upms_api_visit` VALUES ('358', '116', '20200803', '19', '30', '1', '112.0.103.11', 'nc-nginx', '172.18.32.205:1081');
INSERT INTO `upms_api_visit` VALUES ('359', '81', '20200803', '19', '30', '6', '112.0.103.11', 'nc-nginx', '172.18.32.205:1081');
INSERT INTO `upms_api_visit` VALUES ('360', '107', '20200803', '19', '30', '4', '112.0.103.11', 'nc-nginx', '172.18.32.205:1081');
INSERT INTO `upms_api_visit` VALUES ('361', '122', '20200803', '20', null, '1', '172.18.32.205', 'chat', '172.18.32.205:1081');
INSERT INTO `upms_api_visit` VALUES ('362', '122', '20200803', '20', null, '1', '172.18.32.205', 'worldTree', '172.18.32.205:1081');
INSERT INTO `upms_api_visit` VALUES ('363', '122', '20200803', '20', null, '1', '172.18.32.205', 'pcgl', '172.18.32.205:1081');
INSERT INTO `upms_api_visit` VALUES ('364', '122', '20200803', '20', null, '1', '172.18.32.205', 'article', '172.18.32.205:1081');
INSERT INTO `upms_api_visit` VALUES ('365', '122', '20200803', '21', null, '1', '172.18.32.205', 'pcgl', '172.18.32.205:1081');
INSERT INTO `upms_api_visit` VALUES ('366', '122', '20200803', '21', null, '1', '172.18.32.205', 'worldTree', '172.18.32.205:1081');
INSERT INTO `upms_api_visit` VALUES ('367', '122', '20200803', '21', null, '1', '172.18.32.205', 'article', '172.18.32.205:1081');
INSERT INTO `upms_api_visit` VALUES ('368', '122', '20200803', '21', null, '1', '172.18.32.205', 'chat', '172.18.32.205:1081');
INSERT INTO `upms_api_visit` VALUES ('369', '122', '20200803', '22', null, '1', '172.18.32.205', 'worldTree', '172.18.32.205:1081');
INSERT INTO `upms_api_visit` VALUES ('370', '122', '20200803', '22', null, '1', '172.18.32.205', 'pcgl', '172.18.32.205:1081');
INSERT INTO `upms_api_visit` VALUES ('371', '122', '20200803', '22', null, '1', '172.18.32.205', 'chat', '172.18.32.205:1081');
INSERT INTO `upms_api_visit` VALUES ('372', '122', '20200803', '22', null, '1', '172.18.32.205', 'article', '172.18.32.205:1081');
INSERT INTO `upms_api_visit` VALUES ('373', '122', '20200803', '23', null, '1', '172.18.32.205', 'worldTree', '172.18.32.205:1081');
INSERT INTO `upms_api_visit` VALUES ('374', '122', '20200803', '23', null, '1', '172.18.32.205', 'pcgl', '172.18.32.205:1081');
INSERT INTO `upms_api_visit` VALUES ('375', '122', '20200803', '23', null, '1', '172.18.32.205', 'article', '172.18.32.205:1081');
INSERT INTO `upms_api_visit` VALUES ('376', '122', '20200803', '23', null, '1', '172.18.32.205', 'chat', '172.18.32.205:1081');
INSERT INTO `upms_api_visit` VALUES ('377', '81', '20200804', '00', '30', '2', '219.136.204.148', 'nc-nginx', '172.18.32.205:1081');
INSERT INTO `upms_api_visit` VALUES ('378', '122', '20200804', '00', null, '1', '172.18.32.205', 'worldTree', '172.18.32.205:1081');
INSERT INTO `upms_api_visit` VALUES ('379', '122', '20200804', '00', null, '1', '172.18.32.205', 'pcgl', '172.18.32.205:1081');
INSERT INTO `upms_api_visit` VALUES ('380', '74', '20200804', '00', null, '1', '219.136.204.148', 'nc-nginx', '172.18.32.205:1081');
INSERT INTO `upms_api_visit` VALUES ('381', '202', '20200804', '00', null, '1', '172.18.32.205', 'chat', '172.18.32.205:1081');
INSERT INTO `upms_api_visit` VALUES ('382', '122', '20200804', '00', null, '1', '172.18.32.205', 'article', '172.18.32.205:1081');
INSERT INTO `upms_api_visit` VALUES ('383', '122', '20200804', '00', null, '1', '172.18.32.205', 'chat', '172.18.32.205:1081');
INSERT INTO `upms_api_visit` VALUES ('384', '72', '20200804', '00', null, '1', '219.136.204.148', 'nc-nginx', '172.18.32.205:1081');
INSERT INTO `upms_api_visit` VALUES ('385', '72', '20200804', '00', null, '1', '172.18.32.205', 'chat', '172.18.32.205:1081');
INSERT INTO `upms_api_visit` VALUES ('386', '122', '20200804', '01', null, '1', '172.18.32.205', 'pcgl', '172.18.32.205:1081');
INSERT INTO `upms_api_visit` VALUES ('387', '122', '20200804', '01', null, '1', '172.18.32.205', 'worldTree', '172.18.32.205:1081');
INSERT INTO `upms_api_visit` VALUES ('388', '122', '20200804', '01', null, '1', '172.18.32.205', 'article', '172.18.32.205:1081');
INSERT INTO `upms_api_visit` VALUES ('389', '122', '20200804', '01', null, '1', '172.18.32.205', 'chat', '172.18.32.205:1081');
INSERT INTO `upms_api_visit` VALUES ('390', '122', '20200804', '02', null, '1', '172.18.32.205', 'article', '172.18.32.205:1081');
INSERT INTO `upms_api_visit` VALUES ('391', '122', '20200804', '02', null, '1', '172.18.32.205', 'worldTree', '172.18.32.205:1081');
INSERT INTO `upms_api_visit` VALUES ('392', '122', '20200804', '02', null, '1', '172.18.32.205', 'pcgl', '172.18.32.205:1081');
INSERT INTO `upms_api_visit` VALUES ('393', '122', '20200804', '02', null, '1', '172.18.32.205', 'chat', '172.18.32.205:1081');
INSERT INTO `upms_api_visit` VALUES ('394', '122', '20200804', '03', null, '1', '172.18.32.205', 'chat', '172.18.32.205:1081');
INSERT INTO `upms_api_visit` VALUES ('395', '122', '20200804', '03', null, '1', '172.18.32.205', 'article', '172.18.32.205:1081');
INSERT INTO `upms_api_visit` VALUES ('396', '122', '20200804', '03', null, '1', '172.18.32.205', 'pcgl', '172.18.32.205:1081');
INSERT INTO `upms_api_visit` VALUES ('397', '122', '20200804', '03', null, '1', '172.18.32.205', 'worldTree', '172.18.32.205:1081');
INSERT INTO `upms_api_visit` VALUES ('398', '122', '20200804', '04', null, '1', '172.18.32.205', 'chat', '172.18.32.205:1081');
INSERT INTO `upms_api_visit` VALUES ('399', '122', '20200804', '04', null, '1', '172.18.32.205', 'article', '172.18.32.205:1081');
INSERT INTO `upms_api_visit` VALUES ('400', '122', '20200804', '04', null, '1', '172.18.32.205', 'pcgl', '172.18.32.205:1081');
INSERT INTO `upms_api_visit` VALUES ('401', '122', '20200804', '04', null, '1', '172.18.32.205', 'worldTree', '172.18.32.205:1081');
INSERT INTO `upms_api_visit` VALUES ('402', '122', '20200804', '05', null, '1', '172.18.32.205', 'worldTree', '172.18.32.205:1081');
INSERT INTO `upms_api_visit` VALUES ('403', '122', '20200804', '05', null, '1', '172.18.32.205', 'chat', '172.18.32.205:1081');
INSERT INTO `upms_api_visit` VALUES ('404', '122', '20200804', '05', null, '1', '172.18.32.205', 'article', '172.18.32.205:1081');
INSERT INTO `upms_api_visit` VALUES ('405', '122', '20200804', '05', null, '1', '172.18.32.205', 'pcgl', '172.18.32.205:1081');
INSERT INTO `upms_api_visit` VALUES ('406', '122', '20200804', '06', null, '1', '172.18.32.205', 'article', '172.18.32.205:1081');
INSERT INTO `upms_api_visit` VALUES ('407', '122', '20200804', '06', null, '1', '172.18.32.205', 'chat', '172.18.32.205:1081');
INSERT INTO `upms_api_visit` VALUES ('408', '122', '20200804', '06', null, '1', '172.18.32.205', 'worldTree', '172.18.32.205:1081');
INSERT INTO `upms_api_visit` VALUES ('409', '122', '20200804', '06', null, '1', '172.18.32.205', 'pcgl', '172.18.32.205:1081');
INSERT INTO `upms_api_visit` VALUES ('410', '122', '20200804', '07', null, '1', '172.18.32.205', 'chat', '172.18.32.205:1081');
INSERT INTO `upms_api_visit` VALUES ('411', '122', '20200804', '07', null, '1', '172.18.32.205', 'article', '172.18.32.205:1081');
INSERT INTO `upms_api_visit` VALUES ('412', '122', '20200804', '07', null, '1', '172.18.32.205', 'worldTree', '172.18.32.205:1081');
INSERT INTO `upms_api_visit` VALUES ('413', '122', '20200804', '07', null, '1', '172.18.32.205', 'pcgl', '172.18.32.205:1081');
INSERT INTO `upms_api_visit` VALUES ('414', '122', '20200804', '08', null, '1', '172.18.32.205', 'article', '172.18.32.205:1081');
INSERT INTO `upms_api_visit` VALUES ('415', '122', '20200804', '08', null, '1', '172.18.32.205', 'chat', '172.18.32.205:1081');
INSERT INTO `upms_api_visit` VALUES ('416', '122', '20200804', '08', null, '1', '172.18.32.205', 'pcgl', '172.18.32.205:1081');
INSERT INTO `upms_api_visit` VALUES ('417', '122', '20200804', '08', null, '1', '172.18.32.205', 'worldTree', '172.18.32.205:1081');
INSERT INTO `upms_api_visit` VALUES ('418', '122', '20200804', '09', null, '1', '172.18.32.205', 'chat', '172.18.32.205:1081');
INSERT INTO `upms_api_visit` VALUES ('419', '107', '20200804', '09', '30', '1', '49.77.234.122', 'nc-nginx', '172.18.32.205:1081');
INSERT INTO `upms_api_visit` VALUES ('420', '80', '20200804', '09', '30', '1', '49.77.234.122', 'nc-nginx', '172.18.32.205:1081');
INSERT INTO `upms_api_visit` VALUES ('421', '81', '20200804', '09', '30', '11', '218.17.157.169', 'nc-nginx', '172.18.32.205:1081');
INSERT INTO `upms_api_visit` VALUES ('422', '107', '20200804', '09', '30', '8', '218.17.157.169', 'nc-nginx', '172.18.32.205:1081');
INSERT INTO `upms_api_visit` VALUES ('423', '119', '20200804', '09', '30', '1', '218.17.157.169', 'nc-nginx', '172.18.32.205:1081');
INSERT INTO `upms_api_visit` VALUES ('424', '81', '20200804', '09', '30', '4', '49.77.234.122', 'nc-nginx', '172.18.32.205:1081');
INSERT INTO `upms_api_visit` VALUES ('425', '80', '20200804', '09', '30', '3', '218.17.157.169', 'nc-nginx', '172.18.32.205:1081');
INSERT INTO `upms_api_visit` VALUES ('426', '74', '20200804', '09', null, '1', '218.17.157.169', 'nc-nginx', '172.18.32.205:1081');
INSERT INTO `upms_api_visit` VALUES ('427', '122', '20200804', '09', null, '1', '172.18.32.205', 'article', '172.18.32.205:1081');
INSERT INTO `upms_api_visit` VALUES ('428', '202', '20200804', '09', null, '4', '172.18.32.205', 'chat', '172.18.32.205:1081');
INSERT INTO `upms_api_visit` VALUES ('429', '167', '20200804', '09', '30', '1', '49.77.234.122', 'nc-nginx', '172.18.32.205:1081');
INSERT INTO `upms_api_visit` VALUES ('430', '122', '20200804', '09', null, '1', '172.18.32.205', 'worldTree', '172.18.32.205:1081');
INSERT INTO `upms_api_visit` VALUES ('431', '122', '20200804', '09', null, '1', '172.18.32.205', 'pcgl', '172.18.32.205:1081');
INSERT INTO `upms_api_visit` VALUES ('432', '88', '20200804', '09', '30', '1', '49.77.234.122', 'nc-nginx', '172.18.32.205:1081');
INSERT INTO `upms_api_visit` VALUES ('433', '72', '20200804', '09', null, '1', '218.17.157.169', 'nc-nginx', '172.18.32.205:1081');
INSERT INTO `upms_api_visit` VALUES ('434', '72', '20200804', '09', null, '3', '172.18.32.205', 'chat', '172.18.32.205:1081');
INSERT INTO `upms_api_visit` VALUES ('435', '110', '20200804', '09', '30', '1', '218.17.157.169', 'nc-nginx', '172.18.32.205:1081');
INSERT INTO `upms_api_visit` VALUES ('436', '88', '20200804', '09', '30', '5', '218.17.157.169', 'nc-nginx', '172.18.32.205:1081');
INSERT INTO `upms_api_visit` VALUES ('437', '116', '20200804', '09', '30', '2', '218.17.157.169', 'nc-nginx', '172.18.32.205:1081');
INSERT INTO `upms_api_visit` VALUES ('438', '72', '20200804', '09', null, '2', '49.77.234.122', 'nc-nginx', '172.18.32.205:1081');
INSERT INTO `upms_api_visit` VALUES ('439', '74', '20200804', '09', null, '2', '49.77.234.122', 'nc-nginx', '172.18.32.205:1081');
INSERT INTO `upms_api_visit` VALUES ('440', '108', '20200804', '09', '30', '1', '218.17.157.169', 'nc-nginx', '172.18.32.205:1081');
INSERT INTO `upms_api_visit` VALUES ('441', '74', '20200804', '10', null, '1', '211.97.129.57', 'nc-nginx', '172.18.32.205:1081');
INSERT INTO `upms_api_visit` VALUES ('442', '81', '20200804', '10', '30', '1', '218.17.157.169', 'nc-nginx', '172.18.32.205:1081');
INSERT INTO `upms_api_visit` VALUES ('443', '107', '20200804', '10', '30', '1', '211.97.129.57', 'nc-nginx', '172.18.32.205:1081');
INSERT INTO `upms_api_visit` VALUES ('444', '116', '20200804', '10', '30', '14', '211.97.129.57', 'nc-nginx', '172.18.32.205:1081');
INSERT INTO `upms_api_visit` VALUES ('445', '72', '20200804', '10', null, '1', '211.97.129.57', 'nc-nginx', '172.18.32.205:1081');
INSERT INTO `upms_api_visit` VALUES ('446', '121', '20200804', '10', '30', '2', '211.97.129.57', 'nc-nginx', '172.18.32.205:1081');
INSERT INTO `upms_api_visit` VALUES ('447', '107', '20200804', '10', '30', '2', '180.168.130.10', 'nc-nginx', '172.18.32.205:1081');
INSERT INTO `upms_api_visit` VALUES ('448', '67', '20200804', '10', null, '1', '218.17.157.169', 'nc-nginx', '172.18.32.205:1081');
INSERT INTO `upms_api_visit` VALUES ('449', '60', '20200804', '10', null, '5', '180.168.130.10', 'nc-nginx', '172.18.32.205:1081');
INSERT INTO `upms_api_visit` VALUES ('450', '171', '20200804', '10', null, '2', '180.168.130.10', 'nc-nginx', '172.18.32.205:1081');
INSERT INTO `upms_api_visit` VALUES ('451', '116', '20200804', '10', '30', '2', '218.17.157.169', 'nc-nginx', '172.18.32.205:1081');
INSERT INTO `upms_api_visit` VALUES ('452', '119', '20200804', '10', '30', '1', '211.97.129.57', 'nc-nginx', '172.18.32.205:1081');
INSERT INTO `upms_api_visit` VALUES ('453', '122', '20200804', '10', null, '1', '172.18.32.205', 'chat', '172.18.32.205:1081');
INSERT INTO `upms_api_visit` VALUES ('454', '88', '20200804', '10', '30', '1', '180.168.130.10', 'nc-nginx', '172.18.32.205:1081');
INSERT INTO `upms_api_visit` VALUES ('455', '119', '20200804', '10', '30', '4', '218.17.157.169', 'nc-nginx', '172.18.32.205:1081');
INSERT INTO `upms_api_visit` VALUES ('456', '107', '20200804', '10', '30', '2', '218.17.157.169', 'nc-nginx', '172.18.32.205:1081');
INSERT INTO `upms_api_visit` VALUES ('457', '122', '20200804', '10', null, '1', '172.18.32.205', 'worldTree', '172.18.32.205:1081');
INSERT INTO `upms_api_visit` VALUES ('458', '67', '20200804', '10', null, '1', '211.97.129.57', 'nc-nginx', '172.18.32.205:1081');
INSERT INTO `upms_api_visit` VALUES ('459', '80', '20200804', '10', '30', '6', '211.97.129.57', 'nc-nginx', '172.18.32.205:1081');
INSERT INTO `upms_api_visit` VALUES ('460', '74', '20200804', '10', null, '1', '180.168.130.10', 'nc-nginx', '172.18.32.205:1081');
INSERT INTO `upms_api_visit` VALUES ('461', '155', '20200804', '10', '30', '7', '211.97.129.57', 'nc-nginx', '172.18.32.205:1081');
INSERT INTO `upms_api_visit` VALUES ('462', '122', '20200804', '10', null, '1', '172.18.32.205', 'pcgl', '172.18.32.205:1081');
INSERT INTO `upms_api_visit` VALUES ('463', '202', '20200804', '10', null, '2', '172.18.32.205', 'chat', '172.18.32.205:1081');
INSERT INTO `upms_api_visit` VALUES ('464', '101', '20200804', '10', null, '6', '180.168.130.10', 'nc-nginx', '172.18.32.205:1081');
INSERT INTO `upms_api_visit` VALUES ('465', '51', '20200804', '10', null, '1', '180.168.130.10', 'nc-nginx', '172.18.32.205:1081');
INSERT INTO `upms_api_visit` VALUES ('466', '55', '20200804', '10', null, '2', '211.97.129.57', 'nc-nginx', '172.18.32.205:1081');
INSERT INTO `upms_api_visit` VALUES ('467', '67', '20200804', '10', null, '2', '180.168.130.10', 'nc-nginx', '172.18.32.205:1081');
INSERT INTO `upms_api_visit` VALUES ('468', '110', '20200804', '10', '30', '1', '211.97.129.57', 'nc-nginx', '172.18.32.205:1081');
INSERT INTO `upms_api_visit` VALUES ('469', '55', '20200804', '10', null, '2', '180.168.130.10', 'nc-nginx', '172.18.32.205:1081');
INSERT INTO `upms_api_visit` VALUES ('470', '60', '20200804', '10', null, '1', '218.17.157.169', 'nc-nginx', '172.18.32.205:1081');
INSERT INTO `upms_api_visit` VALUES ('471', '81', '20200804', '10', '30', '3', '180.168.130.10', 'nc-nginx', '172.18.32.205:1081');
INSERT INTO `upms_api_visit` VALUES ('472', '186', '20200804', '10', null, '1', '180.168.130.10', 'nc-nginx', '172.18.32.205:1081');
INSERT INTO `upms_api_visit` VALUES ('473', '55', '20200804', '10', null, '2', '218.17.157.169', 'nc-nginx', '172.18.32.205:1081');
INSERT INTO `upms_api_visit` VALUES ('474', '55', '20200804', '10', null, '1', '180.156.183.61', 'nc-nginx', '172.18.32.205:1081');
INSERT INTO `upms_api_visit` VALUES ('475', '81', '20200804', '10', '30', '10', '211.97.129.57', 'nc-nginx', '172.18.32.205:1081');
INSERT INTO `upms_api_visit` VALUES ('476', '77', '20200804', '10', '30', '2', '211.97.129.57', 'nc-nginx', '172.18.32.205:1081');
INSERT INTO `upms_api_visit` VALUES ('477', '149', '20200804', '10', null, '2', '180.168.130.10', 'nc-nginx', '172.18.32.205:1081');
INSERT INTO `upms_api_visit` VALUES ('478', '115', '20200804', '10', '30', '7', '211.97.129.57', 'nc-nginx', '172.18.32.205:1081');
INSERT INTO `upms_api_visit` VALUES ('479', '56', '20200804', '10', null, '3', '180.168.130.10', 'nc-nginx', '172.18.32.205:1081');
INSERT INTO `upms_api_visit` VALUES ('480', '88', '20200804', '10', '30', '1', '218.17.157.169', 'nc-nginx', '172.18.32.205:1081');
INSERT INTO `upms_api_visit` VALUES ('481', '88', '20200804', '10', '30', '1', '211.97.129.57', 'nc-nginx', '172.18.32.205:1081');
INSERT INTO `upms_api_visit` VALUES ('482', '80', '20200804', '10', '30', '1', '180.168.130.10', 'nc-nginx', '172.18.32.205:1081');
INSERT INTO `upms_api_visit` VALUES ('483', '108', '20200804', '10', '30', '3', '211.97.129.57', 'nc-nginx', '172.18.32.205:1081');
INSERT INTO `upms_api_visit` VALUES ('484', '72', '20200804', '10', null, '1', '180.168.130.10', 'nc-nginx', '172.18.32.205:1081');
INSERT INTO `upms_api_visit` VALUES ('485', '71', '20200804', '10', null, '2', '180.168.130.10', 'nc-nginx', '172.18.32.205:1081');
INSERT INTO `upms_api_visit` VALUES ('486', '72', '20200804', '10', null, '2', '172.18.32.205', 'chat', '172.18.32.205:1081');
INSERT INTO `upms_api_visit` VALUES ('487', '122', '20200804', '10', null, '1', '172.18.32.205', 'article', '172.18.32.205:1081');
INSERT INTO `upms_api_visit` VALUES ('488', '60', '20200804', '10', null, '1', '211.97.129.57', 'nc-nginx', '172.18.32.205:1081');
INSERT INTO `upms_api_visit` VALUES ('489', '88', '20200804', '11', '30', '3', '211.97.129.57', 'nc-nginx', '172.18.32.205:1081');
INSERT INTO `upms_api_visit` VALUES ('490', '86', '20200804', '11', '30', '1', '211.97.129.57', 'nc-nginx', '172.18.32.205:1081');
INSERT INTO `upms_api_visit` VALUES ('491', '122', '20200804', '11', null, '1', '172.18.32.205', 'worldTree', '172.18.32.205:1081');
INSERT INTO `upms_api_visit` VALUES ('492', '81', '20200804', '11', '30', '3', '211.97.129.57', 'nc-nginx', '172.18.32.205:1081');
INSERT INTO `upms_api_visit` VALUES ('493', '116', '20200804', '11', '30', '4', '211.97.129.57', 'nc-nginx', '172.18.32.205:1081');
INSERT INTO `upms_api_visit` VALUES ('494', '122', '20200804', '11', null, '1', '172.18.32.205', 'pcgl', '172.18.32.205:1081');
INSERT INTO `upms_api_visit` VALUES ('495', '100', '20200804', '11', null, '1', '211.97.129.57', 'nc-nginx', '172.18.32.205:1081');
INSERT INTO `upms_api_visit` VALUES ('496', '104', '20200804', '11', '30', '1', '211.97.129.57', 'nc-nginx', '172.18.32.205:1081');
INSERT INTO `upms_api_visit` VALUES ('497', '122', '20200804', '11', null, '1', '172.18.32.205', 'chat', '172.18.32.205:1081');
INSERT INTO `upms_api_visit` VALUES ('498', '119', '20200804', '11', '30', '11', '211.97.129.57', 'nc-nginx', '172.18.32.205:1081');
INSERT INTO `upms_api_visit` VALUES ('499', '107', '20200804', '11', '30', '2', '211.97.129.57', 'nc-nginx', '172.18.32.205:1081');
INSERT INTO `upms_api_visit` VALUES ('500', '72', '20200804', '11', null, '6', '211.97.129.57', 'nc-nginx', '172.18.32.205:1081');
INSERT INTO `upms_api_visit` VALUES ('501', '110', '20200804', '11', '30', '1', '211.97.129.57', 'nc-nginx', '172.18.32.205:1081');
INSERT INTO `upms_api_visit` VALUES ('502', '121', '20200804', '11', '30', '2', '211.97.129.57', 'nc-nginx', '172.18.32.205:1081');
INSERT INTO `upms_api_visit` VALUES ('503', '80', '20200804', '11', '30', '3', '211.97.129.57', 'nc-nginx', '172.18.32.205:1081');
INSERT INTO `upms_api_visit` VALUES ('504', '108', '20200804', '11', '30', '1', '211.97.129.57', 'nc-nginx', '172.18.32.205:1081');
INSERT INTO `upms_api_visit` VALUES ('505', '120', '20200804', '11', '30', '3', '211.97.129.57', 'nc-nginx', '172.18.32.205:1081');
INSERT INTO `upms_api_visit` VALUES ('506', '139', '20200804', '11', null, '1', '211.97.129.57', 'nc-nginx', '172.18.32.205:1081');
INSERT INTO `upms_api_visit` VALUES ('507', '122', '20200804', '11', null, '1', '172.18.32.205', 'article', '172.18.32.205:1081');
INSERT INTO `upms_api_visit` VALUES ('508', '144', '20200804', '11', null, '1', '211.97.129.57', 'nc-nginx', '172.18.32.205:1081');
INSERT INTO `upms_api_visit` VALUES ('509', '157', '20200804', '11', '30', '6', '211.97.129.57', 'nc-nginx', '172.18.32.205:1081');
INSERT INTO `upms_api_visit` VALUES ('510', '122', '20200804', '12', null, '1', '172.18.32.205', 'worldTree', '172.18.32.205:1081');
INSERT INTO `upms_api_visit` VALUES ('511', '54', '20200804', '12', null, '1', '211.97.129.57', 'nc-nginx', '172.18.32.205:1081');
INSERT INTO `upms_api_visit` VALUES ('512', '56', '20200804', '12', null, '1', '211.97.129.57', 'nc-nginx', '172.18.32.205:1081');
INSERT INTO `upms_api_visit` VALUES ('513', '150', '20200804', '12', null, '4', '211.97.129.57', 'nc-nginx', '172.18.32.205:1081');
INSERT INTO `upms_api_visit` VALUES ('514', '186', '20200804', '12', null, '1', '211.97.129.57', 'nc-nginx', '172.18.32.205:1081');
INSERT INTO `upms_api_visit` VALUES ('515', '122', '20200804', '12', null, '1', '172.18.32.205', 'pcgl', '172.18.32.205:1081');
INSERT INTO `upms_api_visit` VALUES ('516', '149', '20200804', '12', null, '3', '211.97.129.57', 'nc-nginx', '172.18.32.205:1081');
INSERT INTO `upms_api_visit` VALUES ('517', '60', '20200804', '12', null, '3', '211.97.129.57', 'nc-nginx', '172.18.32.205:1081');
INSERT INTO `upms_api_visit` VALUES ('518', '122', '20200804', '12', null, '1', '172.18.32.205', 'chat', '172.18.32.205:1081');
INSERT INTO `upms_api_visit` VALUES ('519', '122', '20200804', '12', null, '1', '172.18.32.205', 'article', '172.18.32.205:1081');
INSERT INTO `upms_api_visit` VALUES ('520', '55', '20200804', '12', null, '1', '211.97.129.57', 'nc-nginx', '172.18.32.205:1081');
INSERT INTO `upms_api_visit` VALUES ('521', '67', '20200804', '12', null, '1', '211.97.129.57', 'nc-nginx', '172.18.32.205:1081');
INSERT INTO `upms_api_visit` VALUES ('522', '51', '20200804', '12', null, '1', '211.97.129.57', 'nc-nginx', '172.18.32.205:1081');
INSERT INTO `upms_api_visit` VALUES ('523', '139', '20200804', '12', null, '5', '211.97.129.57', 'nc-nginx', '172.18.32.205:1081');
INSERT INTO `upms_api_visit` VALUES ('524', '202', '20200804', '13', null, '1', '172.18.32.205', 'chat', '172.18.32.205:1081');
INSERT INTO `upms_api_visit` VALUES ('525', '80', '20200804', '13', '30', '2', '112.95.224.94', 'nc-nginx', '172.18.32.205:1081');
INSERT INTO `upms_api_visit` VALUES ('526', '122', '20200804', '13', null, '1', '172.18.32.205', 'pcgl', '172.18.32.205:1081');
INSERT INTO `upms_api_visit` VALUES ('527', '51', '20200804', '13', null, '1', '211.97.129.57', 'nc-nginx', '172.18.32.205:1081');
INSERT INTO `upms_api_visit` VALUES ('528', '81', '20200804', '13', '30', '5', '112.95.224.94', 'nc-nginx', '172.18.32.205:1081');
INSERT INTO `upms_api_visit` VALUES ('529', '60', '20200804', '13', null, '1', '211.97.129.57', 'nc-nginx', '172.18.32.205:1081');
INSERT INTO `upms_api_visit` VALUES ('530', '122', '20200804', '13', null, '1', '172.18.32.205', 'article', '172.18.32.205:1081');
INSERT INTO `upms_api_visit` VALUES ('531', '122', '20200804', '13', null, '1', '172.18.32.205', 'chat', '172.18.32.205:1081');
INSERT INTO `upms_api_visit` VALUES ('532', '72', '20200804', '13', null, '1', '172.18.32.205', 'chat', '172.18.32.205:1081');
INSERT INTO `upms_api_visit` VALUES ('533', '88', '20200804', '13', '30', '1', '112.95.224.94', 'nc-nginx', '172.18.32.205:1081');
INSERT INTO `upms_api_visit` VALUES ('534', '182', '20200804', '13', null, '1', '211.97.129.57', 'nc-nginx', '172.18.32.205:1081');
INSERT INTO `upms_api_visit` VALUES ('535', '72', '20200804', '13', null, '1', '112.95.224.94', 'nc-nginx', '172.18.32.205:1081');
INSERT INTO `upms_api_visit` VALUES ('536', '107', '20200804', '13', '30', '2', '112.95.224.94', 'nc-nginx', '172.18.32.205:1081');
INSERT INTO `upms_api_visit` VALUES ('537', '55', '20200804', '13', null, '1', '211.97.129.57', 'nc-nginx', '172.18.32.205:1081');
INSERT INTO `upms_api_visit` VALUES ('538', '54', '20200804', '13', null, '1', '211.97.129.57', 'nc-nginx', '172.18.32.205:1081');
INSERT INTO `upms_api_visit` VALUES ('539', '122', '20200804', '13', null, '1', '172.18.32.205', 'worldTree', '172.18.32.205:1081');
INSERT INTO `upms_api_visit` VALUES ('540', '74', '20200804', '13', null, '1', '112.95.224.94', 'nc-nginx', '172.18.32.205:1081');
INSERT INTO `upms_api_visit` VALUES ('541', '177', '20200804', '13', null, '2', '211.97.129.57', 'nc-nginx', '172.18.32.205:1081');
INSERT INTO `upms_api_visit` VALUES ('542', '67', '20200804', '13', null, '1', '211.97.129.57', 'nc-nginx', '172.18.32.205:1081');
INSERT INTO `upms_api_visit` VALUES ('543', '186', '20200804', '13', null, '1', '211.97.129.57', 'nc-nginx', '172.18.32.205:1081');
INSERT INTO `upms_api_visit` VALUES ('544', '122', '20200804', '14', null, '1', '172.18.32.205', 'pcgl', '172.18.32.205:1081');
INSERT INTO `upms_api_visit` VALUES ('545', '71', '20200804', '14', null, '1', '211.97.129.57', 'nc-nginx', '172.18.32.205:1081');
INSERT INTO `upms_api_visit` VALUES ('546', '72', '20200804', '14', null, '5', '58.251.30.178', 'nc-nginx', '172.18.32.205:1081');
INSERT INTO `upms_api_visit` VALUES ('547', '179', '20200804', '14', null, '1', '211.97.129.57', 'nc-nginx', '172.18.32.205:1081');
INSERT INTO `upms_api_visit` VALUES ('548', '107', '20200804', '14', '30', '9', '58.251.30.178', 'nc-nginx', '172.18.32.205:1081');
INSERT INTO `upms_api_visit` VALUES ('549', '51', '20200804', '14', null, '6', '211.97.129.57', 'nc-nginx', '172.18.32.205:1081');
INSERT INTO `upms_api_visit` VALUES ('550', '80', '20200804', '14', '30', '3', '58.251.30.178', 'nc-nginx', '172.18.32.205:1081');
INSERT INTO `upms_api_visit` VALUES ('551', '157', '20200804', '14', '30', '4', '58.251.30.178', 'nc-nginx', '172.18.32.205:1081');
INSERT INTO `upms_api_visit` VALUES ('552', '185', '20200804', '14', null, '1', '211.97.129.57', 'nc-nginx', '172.18.32.205:1081');
INSERT INTO `upms_api_visit` VALUES ('553', '88', '20200804', '14', '30', '6', '58.251.30.178', 'nc-nginx', '172.18.32.205:1081');
INSERT INTO `upms_api_visit` VALUES ('554', '122', '20200804', '14', null, '1', '172.18.32.205', 'worldTree', '172.18.32.205:1081');
INSERT INTO `upms_api_visit` VALUES ('555', '74', '20200804', '14', null, '1', '58.251.30.178', 'nc-nginx', '172.18.32.205:1081');
INSERT INTO `upms_api_visit` VALUES ('556', '122', '20200804', '14', null, '1', '172.18.32.205', 'article', '172.18.32.205:1081');
INSERT INTO `upms_api_visit` VALUES ('557', '167', '20200804', '14', '30', '1', '58.251.30.178', 'nc-nginx', '172.18.32.205:1081');
INSERT INTO `upms_api_visit` VALUES ('558', '178', '20200804', '14', null, '6', '211.97.129.57', 'nc-nginx', '172.18.32.205:1081');
INSERT INTO `upms_api_visit` VALUES ('559', '202', '20200804', '14', null, '2', '172.18.32.205', 'chat', '172.18.32.205:1081');
INSERT INTO `upms_api_visit` VALUES ('560', '81', '20200804', '14', '30', '12', '58.251.30.178', 'nc-nginx', '172.18.32.205:1081');
INSERT INTO `upms_api_visit` VALUES ('561', '122', '20200804', '14', null, '1', '172.18.32.205', 'chat', '172.18.32.205:1081');
INSERT INTO `upms_api_visit` VALUES ('562', '72', '20200804', '14', null, '2', '172.18.32.205', 'chat', '172.18.32.205:1081');
INSERT INTO `upms_api_visit` VALUES ('563', '81', '20200804', '15', '30', '6', '211.97.131.209', 'nc-nginx', '172.18.32.205:1081');
INSERT INTO `upms_api_visit` VALUES ('564', '107', '20200804', '15', '30', '1', '112.95.224.94', 'nc-nginx', '172.18.32.205:1081');
INSERT INTO `upms_api_visit` VALUES ('565', '157', '20200804', '15', '30', '1', '211.97.131.209', 'nc-nginx', '172.18.32.205:1081');
INSERT INTO `upms_api_visit` VALUES ('566', '88', '20200804', '15', '30', '2', '211.97.131.209', 'nc-nginx', '172.18.32.205:1081');
INSERT INTO `upms_api_visit` VALUES ('567', '171', '20200804', '15', null, '1', '211.97.131.209', 'nc-nginx', '172.18.32.205:1081');
INSERT INTO `upms_api_visit` VALUES ('568', '72', '20200804', '15', null, '1', '172.18.32.205', 'chat', '172.18.32.205:1081');
INSERT INTO `upms_api_visit` VALUES ('569', '80', '20200804', '15', '30', '1', '211.97.131.209', 'nc-nginx', '172.18.32.205:1081');
INSERT INTO `upms_api_visit` VALUES ('570', '67', '20200804', '15', null, '5', '211.97.131.209', 'nc-nginx', '172.18.32.205:1081');
INSERT INTO `upms_api_visit` VALUES ('571', '149', '20200804', '15', null, '1', '211.97.131.209', 'nc-nginx', '172.18.32.205:1081');
INSERT INTO `upms_api_visit` VALUES ('572', '56', '20200804', '15', null, '3', '211.97.131.209', 'nc-nginx', '172.18.32.205:1081');
INSERT INTO `upms_api_visit` VALUES ('573', '122', '20200804', '15', null, '1', '172.18.32.205', 'worldTree', '172.18.32.205:1081');
INSERT INTO `upms_api_visit` VALUES ('574', '60', '20200804', '15', null, '4', '211.97.131.209', 'nc-nginx', '172.18.32.205:1081');
INSERT INTO `upms_api_visit` VALUES ('575', '72', '20200804', '15', null, '3', '211.97.131.209', 'nc-nginx', '172.18.32.205:1081');
INSERT INTO `upms_api_visit` VALUES ('576', '202', '20200804', '15', null, '1', '172.18.32.205', 'chat', '172.18.32.205:1081');
INSERT INTO `upms_api_visit` VALUES ('577', '107', '20200804', '15', '30', '3', '211.97.131.209', 'nc-nginx', '172.18.32.205:1081');
INSERT INTO `upms_api_visit` VALUES ('578', '55', '20200804', '15', null, '1', '211.97.131.209', 'nc-nginx', '172.18.32.205:1081');
INSERT INTO `upms_api_visit` VALUES ('579', '101', '20200804', '15', null, '12', '211.97.131.209', 'nc-nginx', '172.18.32.205:1081');
INSERT INTO `upms_api_visit` VALUES ('580', '122', '20200804', '15', null, '1', '172.18.32.205', 'article', '172.18.32.205:1081');
INSERT INTO `upms_api_visit` VALUES ('581', '122', '20200804', '15', null, '1', '172.18.32.205', 'chat', '172.18.32.205:1081');
INSERT INTO `upms_api_visit` VALUES ('582', '51', '20200804', '15', null, '1', '211.97.131.209', 'nc-nginx', '172.18.32.205:1081');
INSERT INTO `upms_api_visit` VALUES ('583', '122', '20200804', '15', null, '1', '172.18.32.205', 'pcgl', '172.18.32.205:1081');
INSERT INTO `upms_api_visit` VALUES ('584', '74', '20200804', '15', null, '2', '211.97.131.209', 'nc-nginx', '172.18.32.205:1081');
INSERT INTO `upms_api_visit` VALUES ('585', '80', '20200804', '16', '30', '1', '218.26.3.21', 'nc-nginx', '172.18.32.205:1081');
INSERT INTO `upms_api_visit` VALUES ('586', '81', '20200804', '16', '30', '4', '218.26.3.21', 'nc-nginx', '172.18.32.205:1081');
INSERT INTO `upms_api_visit` VALUES ('587', '144', '20200804', '16', null, '2', '218.26.3.21', 'nc-nginx', '172.18.32.205:1081');
INSERT INTO `upms_api_visit` VALUES ('588', '56', '20200804', '16', null, '3', '218.26.3.21', 'nc-nginx', '172.18.32.205:1081');
INSERT INTO `upms_api_visit` VALUES ('589', '122', '20200804', '16', null, '1', '172.18.32.205', 'worldTree', '172.18.32.205:1081');
INSERT INTO `upms_api_visit` VALUES ('590', '60', '20200804', '16', null, '12', '218.26.3.21', 'nc-nginx', '172.18.32.205:1081');
INSERT INTO `upms_api_visit` VALUES ('591', '122', '20200804', '16', null, '1', '172.18.32.205', 'chat', '172.18.32.205:1081');
INSERT INTO `upms_api_visit` VALUES ('592', '149', '20200804', '16', null, '3', '218.26.3.21', 'nc-nginx', '172.18.32.205:1081');
INSERT INTO `upms_api_visit` VALUES ('593', '71', '20200804', '16', null, '3', '218.26.3.21', 'nc-nginx', '172.18.32.205:1081');
INSERT INTO `upms_api_visit` VALUES ('594', '51', '20200804', '16', null, '6', '218.26.3.21', 'nc-nginx', '172.18.32.205:1081');
INSERT INTO `upms_api_visit` VALUES ('595', '101', '20200804', '16', null, '6', '218.26.3.21', 'nc-nginx', '172.18.32.205:1081');
INSERT INTO `upms_api_visit` VALUES ('596', '122', '20200804', '16', null, '1', '172.18.32.205', 'article', '172.18.32.205:1081');
INSERT INTO `upms_api_visit` VALUES ('597', '157', '20200804', '16', '30', '5', '218.26.3.21', 'nc-nginx', '172.18.32.205:1081');
INSERT INTO `upms_api_visit` VALUES ('598', '182', '20200804', '16', null, '1', '218.26.3.21', 'nc-nginx', '172.18.32.205:1081');
INSERT INTO `upms_api_visit` VALUES ('599', '72', '20200804', '16', null, '1', '172.18.32.205', 'chat', '172.18.32.205:1081');
INSERT INTO `upms_api_visit` VALUES ('600', '55', '20200804', '16', null, '1', '218.26.3.21', 'nc-nginx', '172.18.32.205:1081');
INSERT INTO `upms_api_visit` VALUES ('601', '177', '20200804', '16', null, '2', '218.26.3.21', 'nc-nginx', '172.18.32.205:1081');
INSERT INTO `upms_api_visit` VALUES ('602', '72', '20200804', '16', null, '6', '218.26.3.21', 'nc-nginx', '172.18.32.205:1081');
INSERT INTO `upms_api_visit` VALUES ('603', '100', '20200804', '16', null, '2', '218.26.3.21', 'nc-nginx', '172.18.32.205:1081');
INSERT INTO `upms_api_visit` VALUES ('604', '202', '20200804', '16', null, '3', '172.18.32.205', 'chat', '172.18.32.205:1081');
INSERT INTO `upms_api_visit` VALUES ('605', '179', '20200804', '16', null, '1', '218.26.3.21', 'nc-nginx', '172.18.32.205:1081');
INSERT INTO `upms_api_visit` VALUES ('606', '185', '20200804', '16', null, '1', '218.26.3.21', 'nc-nginx', '172.18.32.205:1081');
INSERT INTO `upms_api_visit` VALUES ('607', '122', '20200804', '16', null, '1', '172.18.32.205', 'pcgl', '172.18.32.205:1081');
INSERT INTO `upms_api_visit` VALUES ('608', '74', '20200804', '16', null, '1', '218.26.3.21', 'nc-nginx', '172.18.32.205:1081');
INSERT INTO `upms_api_visit` VALUES ('609', '67', '20200804', '16', null, '6', '218.26.3.21', 'nc-nginx', '172.18.32.205:1081');
INSERT INTO `upms_api_visit` VALUES ('610', '158', '20200804', '16', '30', '1', '218.26.3.21', 'nc-nginx', '172.18.32.205:1081');
INSERT INTO `upms_api_visit` VALUES ('611', '178', '20200804', '16', null, '4', '218.26.3.21', 'nc-nginx', '172.18.32.205:1081');
INSERT INTO `upms_api_visit` VALUES ('612', '167', '20200804', '16', '30', '2', '218.26.3.21', 'nc-nginx', '172.18.32.205:1081');
INSERT INTO `upms_api_visit` VALUES ('613', '186', '20200804', '16', null, '3', '218.26.3.21', 'nc-nginx', '172.18.32.205:1081');
INSERT INTO `upms_api_visit` VALUES ('614', '139', '20200804', '16', null, '3', '218.26.3.21', 'nc-nginx', '172.18.32.205:1081');
INSERT INTO `upms_api_visit` VALUES ('615', '197', '20200804', '16', '30', '1', '218.26.3.21', 'nc-nginx', '172.18.32.205:1081');
INSERT INTO `upms_api_visit` VALUES ('616', '171', '20200804', '16', null, '3', '218.26.3.21', 'nc-nginx', '172.18.32.205:1081');
INSERT INTO `upms_api_visit` VALUES ('617', '60', '20200804', '17', null, '4', '116.7.226.66', 'nc-nginx', '172.18.32.205:1081');
INSERT INTO `upms_api_visit` VALUES ('618', '101', '20200804', '17', null, '6', '116.7.226.66', 'nc-nginx', '172.18.32.205:1081');
INSERT INTO `upms_api_visit` VALUES ('619', '100', '20200804', '17', null, '1', '116.7.226.66', 'nc-nginx', '172.18.32.205:1081');
INSERT INTO `upms_api_visit` VALUES ('620', '122', '20200804', '17', null, '1', '172.18.32.205', 'worldTree', '172.18.32.205:1081');
INSERT INTO `upms_api_visit` VALUES ('621', '186', '20200804', '17', null, '1', '116.7.226.66', 'nc-nginx', '172.18.32.205:1081');
INSERT INTO `upms_api_visit` VALUES ('622', '122', '20200804', '17', null, '1', '172.18.32.205', 'article', '172.18.32.205:1081');
INSERT INTO `upms_api_visit` VALUES ('623', '122', '20200804', '17', null, '1', '172.18.32.205', 'chat', '172.18.32.205:1081');
INSERT INTO `upms_api_visit` VALUES ('624', '71', '20200804', '17', null, '1', '116.7.226.66', 'nc-nginx', '172.18.32.205:1081');
INSERT INTO `upms_api_visit` VALUES ('625', '51', '20200804', '17', null, '1', '116.7.226.66', 'nc-nginx', '172.18.32.205:1081');
INSERT INTO `upms_api_visit` VALUES ('626', '122', '20200804', '17', null, '1', '172.18.32.205', 'pcgl', '172.18.32.205:1081');
INSERT INTO `upms_api_visit` VALUES ('627', '56', '20200804', '17', null, '2', '116.7.226.66', 'nc-nginx', '172.18.32.205:1081');
INSERT INTO `upms_api_visit` VALUES ('628', '149', '20200804', '17', null, '1', '116.7.226.66', 'nc-nginx', '172.18.32.205:1081');
INSERT INTO `upms_api_visit` VALUES ('629', '67', '20200804', '17', null, '2', '116.7.226.66', 'nc-nginx', '172.18.32.205:1081');
INSERT INTO `upms_api_visit` VALUES ('630', '55', '20200804', '17', null, '1', '180.156.183.61', 'nc-nginx', '172.18.32.205:1081');
INSERT INTO `upms_api_visit` VALUES ('631', '171', '20200804', '17', null, '1', '116.7.226.66', 'nc-nginx', '172.18.32.205:1081');
INSERT INTO `upms_api_visit` VALUES ('632', '55', '20200804', '17', null, '3', '116.7.226.66', 'nc-nginx', '172.18.32.205:1081');
INSERT INTO `upms_api_visit` VALUES ('633', '202', '20200804', '18', null, '1', '172.18.32.205', 'chat', '172.18.32.205:1081');
INSERT INTO `upms_api_visit` VALUES ('634', '122', '20200804', '18', null, '1', '172.18.32.205', 'article', '172.18.32.205:1081');
INSERT INTO `upms_api_visit` VALUES ('635', '122', '20200804', '18', null, '1', '172.18.32.205', 'pcgl', '172.18.32.205:1081');
INSERT INTO `upms_api_visit` VALUES ('636', '122', '20200804', '18', null, '1', '172.18.32.205', 'worldTree', '172.18.32.205:1081');
INSERT INTO `upms_api_visit` VALUES ('637', '74', '20200804', '18', null, '1', '211.97.131.209', 'nc-nginx', '172.18.32.205:1081');
INSERT INTO `upms_api_visit` VALUES ('638', '81', '20200804', '18', '30', '1', '211.97.131.209', 'nc-nginx', '172.18.32.205:1081');
INSERT INTO `upms_api_visit` VALUES ('639', '72', '20200804', '18', null, '27', '172.18.32.205', 'pcgl', '172.18.32.205:1081');
INSERT INTO `upms_api_visit` VALUES ('640', '72', '20200804', '18', null, '3', '211.97.131.209', 'nc-nginx', '172.18.32.205:1081');
INSERT INTO `upms_api_visit` VALUES ('641', '157', '20200804', '18', '30', '2', '211.97.131.209', 'nc-nginx', '172.18.32.205:1081');
INSERT INTO `upms_api_visit` VALUES ('642', '122', '20200804', '18', null, '1', '172.18.32.205', 'chat', '172.18.32.205:1081');
INSERT INTO `upms_api_visit` VALUES ('643', '72', '20200804', '18', null, '1', '172.18.32.205', 'chat', '172.18.32.205:1081');
INSERT INTO `upms_api_visit` VALUES ('644', '73', '20200804', '18', null, '27', '211.97.131.209', 'nc-nginx', '172.18.32.205:1081');
INSERT INTO `upms_api_visit` VALUES ('645', '122', '20200804', '19', null, '1', '172.18.32.205', 'chat', '172.18.32.205:1081');
INSERT INTO `upms_api_visit` VALUES ('646', '122', '20200804', '19', null, '1', '172.18.32.205', 'article', '172.18.32.205:1081');
INSERT INTO `upms_api_visit` VALUES ('647', '122', '20200804', '19', null, '1', '172.18.32.205', 'worldTree', '172.18.32.205:1081');
INSERT INTO `upms_api_visit` VALUES ('648', '122', '20200804', '19', null, '1', '172.18.32.205', 'pcgl', '172.18.32.205:1081');
INSERT INTO `upms_api_visit` VALUES ('649', '122', '20200804', '20', null, '1', '172.18.32.205', 'article', '172.18.32.205:1081');
INSERT INTO `upms_api_visit` VALUES ('650', '122', '20200804', '20', null, '1', '172.18.32.205', 'chat', '172.18.32.205:1081');
INSERT INTO `upms_api_visit` VALUES ('651', '122', '20200804', '20', null, '1', '172.18.32.205', 'worldTree', '172.18.32.205:1081');
INSERT INTO `upms_api_visit` VALUES ('652', '122', '20200804', '20', null, '1', '172.18.32.205', 'pcgl', '172.18.32.205:1081');
INSERT INTO `upms_api_visit` VALUES ('653', '122', '20200804', '21', null, '1', '172.18.32.205', 'article', '172.18.32.205:1081');
INSERT INTO `upms_api_visit` VALUES ('654', '122', '20200804', '21', null, '1', '172.18.32.205', 'chat', '172.18.32.205:1081');
INSERT INTO `upms_api_visit` VALUES ('655', '122', '20200804', '21', null, '1', '172.18.32.205', 'worldTree', '172.18.32.205:1081');
INSERT INTO `upms_api_visit` VALUES ('656', '122', '20200804', '21', null, '1', '172.18.32.205', 'pcgl', '172.18.32.205:1081');
INSERT INTO `upms_api_visit` VALUES ('657', '122', '20200804', '22', null, '1', '172.18.32.205', 'chat', '172.18.32.205:1081');
INSERT INTO `upms_api_visit` VALUES ('658', '122', '20200804', '22', null, '1', '172.18.32.205', 'pcgl', '172.18.32.205:1081');
INSERT INTO `upms_api_visit` VALUES ('659', '122', '20200804', '22', null, '1', '172.18.32.205', 'worldTree', '172.18.32.205:1081');
INSERT INTO `upms_api_visit` VALUES ('660', '122', '20200804', '22', null, '1', '172.18.32.205', 'article', '172.18.32.205:1081');
INSERT INTO `upms_api_visit` VALUES ('661', '122', '20200804', '23', null, '1', '172.18.32.205', 'chat', '172.18.32.205:1081');
INSERT INTO `upms_api_visit` VALUES ('662', '122', '20200804', '23', null, '1', '172.18.32.205', 'worldTree', '172.18.32.205:1081');
INSERT INTO `upms_api_visit` VALUES ('663', '122', '20200804', '23', null, '1', '172.18.32.205', 'pcgl', '172.18.32.205:1081');
INSERT INTO `upms_api_visit` VALUES ('664', '122', '20200804', '23', null, '1', '172.18.32.205', 'article', '172.18.32.205:1081');
INSERT INTO `upms_api_visit` VALUES ('665', '122', '20200805', '00', null, '1', '172.18.32.205', 'chat', '172.18.32.205:1081');
INSERT INTO `upms_api_visit` VALUES ('666', '122', '20200805', '00', null, '1', '172.18.32.205', 'worldTree', '172.18.32.205:1081');
INSERT INTO `upms_api_visit` VALUES ('667', '122', '20200805', '00', null, '1', '172.18.32.205', 'pcgl', '172.18.32.205:1081');
INSERT INTO `upms_api_visit` VALUES ('668', '122', '20200805', '00', null, '1', '172.18.32.205', 'article', '172.18.32.205:1081');
INSERT INTO `upms_api_visit` VALUES ('669', '122', '20200805', '01', null, '1', '172.18.32.205', 'worldTree', '172.18.32.205:1081');
INSERT INTO `upms_api_visit` VALUES ('670', '122', '20200805', '01', null, '1', '172.18.32.205', 'pcgl', '172.18.32.205:1081');
INSERT INTO `upms_api_visit` VALUES ('671', '122', '20200805', '01', null, '1', '172.18.32.205', 'article', '172.18.32.205:1081');
INSERT INTO `upms_api_visit` VALUES ('672', '122', '20200805', '01', null, '1', '172.18.32.205', 'chat', '172.18.32.205:1081');
INSERT INTO `upms_api_visit` VALUES ('673', '122', '20200805', '02', null, '1', '172.18.32.205', 'worldTree', '172.18.32.205:1081');
INSERT INTO `upms_api_visit` VALUES ('674', '122', '20200805', '02', null, '1', '172.18.32.205', 'pcgl', '172.18.32.205:1081');
INSERT INTO `upms_api_visit` VALUES ('675', '122', '20200805', '02', null, '1', '172.18.32.205', 'chat', '172.18.32.205:1081');
INSERT INTO `upms_api_visit` VALUES ('676', '122', '20200805', '02', null, '1', '172.18.32.205', 'article', '172.18.32.205:1081');
INSERT INTO `upms_api_visit` VALUES ('677', '122', '20200805', '03', null, '1', '172.18.32.205', 'pcgl', '172.18.32.205:1081');
INSERT INTO `upms_api_visit` VALUES ('678', '122', '20200805', '03', null, '1', '172.18.32.205', 'worldTree', '172.18.32.205:1081');
INSERT INTO `upms_api_visit` VALUES ('679', '122', '20200805', '03', null, '1', '172.18.32.205', 'article', '172.18.32.205:1081');
INSERT INTO `upms_api_visit` VALUES ('680', '122', '20200805', '03', null, '1', '172.18.32.205', 'chat', '172.18.32.205:1081');
INSERT INTO `upms_api_visit` VALUES ('681', '122', '20200805', '04', null, '1', '172.18.32.205', 'article', '172.18.32.205:1081');
INSERT INTO `upms_api_visit` VALUES ('682', '122', '20200805', '04', null, '1', '172.18.32.205', 'pcgl', '172.18.32.205:1081');
INSERT INTO `upms_api_visit` VALUES ('683', '122', '20200805', '04', null, '1', '172.18.32.205', 'worldTree', '172.18.32.205:1081');
INSERT INTO `upms_api_visit` VALUES ('684', '122', '20200805', '04', null, '1', '172.18.32.205', 'chat', '172.18.32.205:1081');
INSERT INTO `upms_api_visit` VALUES ('685', '122', '20200805', '05', null, '1', '172.18.32.205', 'worldTree', '172.18.32.205:1081');
INSERT INTO `upms_api_visit` VALUES ('686', '122', '20200805', '05', null, '1', '172.18.32.205', 'pcgl', '172.18.32.205:1081');
INSERT INTO `upms_api_visit` VALUES ('687', '122', '20200805', '05', null, '1', '172.18.32.205', 'article', '172.18.32.205:1081');
INSERT INTO `upms_api_visit` VALUES ('688', '122', '20200805', '05', null, '1', '172.18.32.205', 'chat', '172.18.32.205:1081');
INSERT INTO `upms_api_visit` VALUES ('689', '122', '20200805', '06', null, '1', '172.18.32.205', 'chat', '172.18.32.205:1081');
INSERT INTO `upms_api_visit` VALUES ('690', '122', '20200805', '06', null, '1', '172.18.32.205', 'article', '172.18.32.205:1081');
INSERT INTO `upms_api_visit` VALUES ('691', '122', '20200805', '06', null, '1', '172.18.32.205', 'pcgl', '172.18.32.205:1081');
INSERT INTO `upms_api_visit` VALUES ('692', '122', '20200805', '06', null, '1', '172.18.32.205', 'worldTree', '172.18.32.205:1081');
INSERT INTO `upms_api_visit` VALUES ('693', '122', '20200805', '07', null, '1', '172.18.32.205', 'worldTree', '172.18.32.205:1081');
INSERT INTO `upms_api_visit` VALUES ('694', '122', '20200805', '07', null, '1', '172.18.32.205', 'pcgl', '172.18.32.205:1081');
INSERT INTO `upms_api_visit` VALUES ('695', '122', '20200805', '07', null, '1', '172.18.32.205', 'article', '172.18.32.205:1081');
INSERT INTO `upms_api_visit` VALUES ('696', '122', '20200805', '07', null, '1', '172.18.32.205', 'chat', '172.18.32.205:1081');
INSERT INTO `upms_api_visit` VALUES ('697', '122', '20200805', '08', null, '1', '172.18.32.205', 'article', '172.18.32.205:1081');
INSERT INTO `upms_api_visit` VALUES ('698', '122', '20200805', '08', null, '1', '172.18.32.205', 'chat', '172.18.32.205:1081');
INSERT INTO `upms_api_visit` VALUES ('699', '122', '20200805', '08', null, '1', '172.18.32.205', 'pcgl', '172.18.32.205:1081');
INSERT INTO `upms_api_visit` VALUES ('700', '122', '20200805', '08', null, '1', '172.18.32.205', 'worldTree', '172.18.32.205:1081');
INSERT INTO `upms_api_visit` VALUES ('701', '122', '20200805', '09', null, '1', '172.18.32.205', 'article', '172.18.32.205:1081');
INSERT INTO `upms_api_visit` VALUES ('702', '122', '20200805', '09', null, '1', '172.18.32.205', 'chat', '172.18.32.205:1081');
INSERT INTO `upms_api_visit` VALUES ('703', '122', '20200805', '09', null, '1', '172.18.32.205', 'worldTree', '172.18.32.205:1081');
INSERT INTO `upms_api_visit` VALUES ('704', '122', '20200805', '09', null, '1', '172.18.32.205', 'pcgl', '172.18.32.205:1081');
INSERT INTO `upms_api_visit` VALUES ('705', '88', '20200805', '10', '30', '1', '114.95.120.132', 'nc-nginx', '172.18.32.205:1081');
INSERT INTO `upms_api_visit` VALUES ('706', '72', '20200805', '10', null, '1', '172.18.32.205', 'chat', '172.18.32.205:1081');
INSERT INTO `upms_api_visit` VALUES ('707', '122', '20200805', '10', null, '1', '172.18.32.205', 'worldTree', '172.18.32.205:1081');
INSERT INTO `upms_api_visit` VALUES ('708', '122', '20200805', '10', null, '1', '172.18.32.205', 'pcgl', '172.18.32.205:1081');
INSERT INTO `upms_api_visit` VALUES ('709', '202', '20200805', '10', null, '1', '172.18.32.205', 'chat', '172.18.32.205:1081');
INSERT INTO `upms_api_visit` VALUES ('710', '122', '20200805', '10', null, '1', '172.18.32.205', 'article', '172.18.32.205:1081');
INSERT INTO `upms_api_visit` VALUES ('711', '80', '20200805', '10', '30', '1', '114.95.120.132', 'nc-nginx', '172.18.32.205:1081');
INSERT INTO `upms_api_visit` VALUES ('712', '72', '20200805', '10', null, '1', '114.95.120.132', 'nc-nginx', '172.18.32.205:1081');
INSERT INTO `upms_api_visit` VALUES ('713', '107', '20200805', '10', '30', '2', '114.95.120.132', 'nc-nginx', '172.18.32.205:1081');
INSERT INTO `upms_api_visit` VALUES ('714', '81', '20200805', '10', '30', '3', '114.95.120.132', 'nc-nginx', '172.18.32.205:1081');
INSERT INTO `upms_api_visit` VALUES ('715', '122', '20200805', '10', null, '1', '172.18.32.205', 'chat', '172.18.32.205:1081');
INSERT INTO `upms_api_visit` VALUES ('716', '74', '20200805', '10', null, '1', '114.95.120.132', 'nc-nginx', '172.18.32.205:1081');
INSERT INTO `upms_api_visit` VALUES ('717', '122', '20200805', '11', null, '1', '172.18.32.205', 'article', '172.18.32.205:1081');
INSERT INTO `upms_api_visit` VALUES ('718', '72', '20200805', '11', null, '1', '112.95.224.94', 'nc-nginx', '172.18.32.205:1081');
INSERT INTO `upms_api_visit` VALUES ('719', '122', '20200805', '11', null, '1', '172.18.32.205', 'chat', '172.18.32.205:1081');
INSERT INTO `upms_api_visit` VALUES ('720', '81', '20200805', '11', '30', '1', '112.95.224.94', 'nc-nginx', '172.18.32.205:1081');
INSERT INTO `upms_api_visit` VALUES ('721', '72', '20200805', '11', null, '1', '172.18.32.205', 'chat', '172.18.32.205:1081');
INSERT INTO `upms_api_visit` VALUES ('722', '74', '20200805', '11', null, '1', '112.95.224.94', 'nc-nginx', '172.18.32.205:1081');
INSERT INTO `upms_api_visit` VALUES ('723', '122', '20200805', '11', null, '1', '172.18.32.205', 'pcgl', '172.18.32.205:1081');
INSERT INTO `upms_api_visit` VALUES ('724', '122', '20200805', '11', null, '1', '172.18.32.205', 'worldTree', '172.18.32.205:1081');
INSERT INTO `upms_api_visit` VALUES ('725', '202', '20200805', '11', null, '1', '172.18.32.205', 'chat', '172.18.32.205:1081');
INSERT INTO `upms_api_visit` VALUES ('726', '122', '20200805', '12', null, '1', '172.18.32.205', 'pcgl', '172.18.32.205:1081');
INSERT INTO `upms_api_visit` VALUES ('727', '122', '20200805', '12', null, '1', '172.18.32.205', 'article', '172.18.32.205:1081');
INSERT INTO `upms_api_visit` VALUES ('728', '122', '20200805', '12', null, '1', '172.18.32.205', 'chat', '172.18.32.205:1081');
INSERT INTO `upms_api_visit` VALUES ('729', '122', '20200805', '12', null, '1', '172.18.32.205', 'worldTree', '172.18.32.205:1081');
INSERT INTO `upms_api_visit` VALUES ('730', '122', '20200805', '13', null, '1', '172.18.32.205', 'chat', '172.18.32.205:1081');
INSERT INTO `upms_api_visit` VALUES ('731', '122', '20200805', '13', null, '1', '172.18.32.205', 'worldTree', '172.18.32.205:1081');
INSERT INTO `upms_api_visit` VALUES ('732', '122', '20200805', '13', null, '1', '172.18.32.205', 'pcgl', '172.18.32.205:1081');
INSERT INTO `upms_api_visit` VALUES ('733', '122', '20200805', '13', null, '1', '172.18.32.205', 'article', '172.18.32.205:1081');
INSERT INTO `upms_api_visit` VALUES ('734', '81', '20200805', '14', '30', '6', '124.89.116.234', 'nc-nginx', '172.18.32.205:1081');
INSERT INTO `upms_api_visit` VALUES ('735', '80', '20200805', '14', '30', '3', '124.89.116.234', 'nc-nginx', '172.18.32.205:1081');
INSERT INTO `upms_api_visit` VALUES ('736', '72', '20200805', '14', null, '1', '112.95.224.94', 'nc-nginx', '172.18.32.205:1081');
INSERT INTO `upms_api_visit` VALUES ('737', '107', '20200805', '14', '30', '1', '112.95.224.94', 'nc-nginx', '172.18.32.205:1081');
INSERT INTO `upms_api_visit` VALUES ('738', '73', '20200805', '14', null, '1', '112.95.224.94', 'nc-nginx', '172.18.32.205:1081');
INSERT INTO `upms_api_visit` VALUES ('739', '88', '20200805', '14', '30', '1', '124.89.116.234', 'nc-nginx', '172.18.32.205:1081');
INSERT INTO `upms_api_visit` VALUES ('740', '171', '20200805', '14', null, '1', '124.89.116.234', 'nc-nginx', '172.18.32.205:1081');
INSERT INTO `upms_api_visit` VALUES ('741', '186', '20200805', '14', null, '1', '124.89.116.234', 'nc-nginx', '172.18.32.205:1081');
INSERT INTO `upms_api_visit` VALUES ('742', '67', '20200805', '14', null, '8', '124.89.116.234', 'nc-nginx', '172.18.32.205:1081');
INSERT INTO `upms_api_visit` VALUES ('743', '116', '20200805', '14', '30', '4', '112.95.224.94', 'nc-nginx', '172.18.32.205:1081');
INSERT INTO `upms_api_visit` VALUES ('744', '122', '20200805', '14', null, '1', '172.18.32.205', 'worldTree', '172.18.32.205:1081');
INSERT INTO `upms_api_visit` VALUES ('745', '56', '20200805', '14', null, '3', '124.89.116.234', 'nc-nginx', '172.18.32.205:1081');
INSERT INTO `upms_api_visit` VALUES ('746', '74', '20200805', '14', null, '1', '112.95.224.94', 'nc-nginx', '172.18.32.205:1081');
INSERT INTO `upms_api_visit` VALUES ('747', '60', '20200805', '14', null, '13', '124.89.116.234', 'nc-nginx', '172.18.32.205:1081');
INSERT INTO `upms_api_visit` VALUES ('748', '119', '20200805', '14', '30', '5', '112.95.224.94', 'nc-nginx', '172.18.32.205:1081');
INSERT INTO `upms_api_visit` VALUES ('749', '55', '20200805', '14', null, '1', '124.89.116.234', 'nc-nginx', '172.18.32.205:1081');
INSERT INTO `upms_api_visit` VALUES ('750', '107', '20200805', '14', '30', '2', '124.89.116.234', 'nc-nginx', '172.18.32.205:1081');
INSERT INTO `upms_api_visit` VALUES ('751', '202', '20200805', '14', null, '2', '172.18.32.205', 'chat', '172.18.32.205:1081');
INSERT INTO `upms_api_visit` VALUES ('752', '72', '20200805', '14', null, '1', '124.89.116.234', 'nc-nginx', '172.18.32.205:1081');
INSERT INTO `upms_api_visit` VALUES ('753', '122', '20200805', '14', null, '1', '172.18.32.205', 'pcgl', '172.18.32.205:1081');
INSERT INTO `upms_api_visit` VALUES ('754', '81', '20200805', '14', '30', '2', '112.95.224.94', 'nc-nginx', '172.18.32.205:1081');
INSERT INTO `upms_api_visit` VALUES ('755', '122', '20200805', '14', null, '1', '172.18.32.205', 'chat', '172.18.32.205:1081');
INSERT INTO `upms_api_visit` VALUES ('756', '72', '20200805', '14', null, '2', '172.18.32.205', 'chat', '172.18.32.205:1081');
INSERT INTO `upms_api_visit` VALUES ('757', '149', '20200805', '14', null, '2', '124.89.116.234', 'nc-nginx', '172.18.32.205:1081');
INSERT INTO `upms_api_visit` VALUES ('758', '88', '20200805', '14', '30', '1', '112.95.224.94', 'nc-nginx', '172.18.32.205:1081');
INSERT INTO `upms_api_visit` VALUES ('759', '122', '20200805', '14', null, '1', '172.18.32.205', 'article', '172.18.32.205:1081');
INSERT INTO `upms_api_visit` VALUES ('760', '51', '20200805', '14', null, '4', '124.89.116.234', 'nc-nginx', '172.18.32.205:1081');
INSERT INTO `upms_api_visit` VALUES ('761', '101', '20200805', '14', null, '6', '124.89.116.234', 'nc-nginx', '172.18.32.205:1081');
INSERT INTO `upms_api_visit` VALUES ('762', '71', '20200805', '14', null, '3', '124.89.116.234', 'nc-nginx', '172.18.32.205:1081');
INSERT INTO `upms_api_visit` VALUES ('763', '74', '20200805', '14', null, '1', '124.89.116.234', 'nc-nginx', '172.18.32.205:1081');
INSERT INTO `upms_api_visit` VALUES ('764', '67', '20200805', '15', null, '2', '124.89.116.234', 'nc-nginx', '172.18.32.205:1081');
INSERT INTO `upms_api_visit` VALUES ('765', '122', '20200805', '15', null, '1', '172.18.32.205', 'worldTree', '172.18.32.205:1081');
INSERT INTO `upms_api_visit` VALUES ('766', '88', '20200805', '15', '30', '2', '49.80.145.103', 'nc-nginx', '172.18.32.205:1081');
INSERT INTO `upms_api_visit` VALUES ('767', '60', '20200805', '15', null, '4', '124.89.116.234', 'nc-nginx', '172.18.32.205:1081');
INSERT INTO `upms_api_visit` VALUES ('768', '55', '20200805', '15', null, '9', '49.80.145.103', 'nc-nginx', '172.18.32.205:1081');
INSERT INTO `upms_api_visit` VALUES ('769', '81', '20200805', '15', '30', '4', '49.80.145.103', 'nc-nginx', '172.18.32.205:1081');
INSERT INTO `upms_api_visit` VALUES ('770', '202', '20200805', '15', null, '1', '172.18.32.205', 'chat', '172.18.32.205:1081');
INSERT INTO `upms_api_visit` VALUES ('771', '122', '20200805', '15', null, '1', '172.18.32.205', 'pcgl', '172.18.32.205:1081');
INSERT INTO `upms_api_visit` VALUES ('772', '122', '20200805', '15', null, '1', '172.18.32.205', 'chat', '172.18.32.205:1081');
INSERT INTO `upms_api_visit` VALUES ('773', '72', '20200805', '15', null, '1', '172.18.32.205', 'chat', '172.18.32.205:1081');
INSERT INTO `upms_api_visit` VALUES ('774', '122', '20200805', '15', null, '1', '172.18.32.205', 'article', '172.18.32.205:1081');
INSERT INTO `upms_api_visit` VALUES ('775', '107', '20200805', '15', '30', '3', '49.80.145.103', 'nc-nginx', '172.18.32.205:1081');
INSERT INTO `upms_api_visit` VALUES ('776', '80', '20200805', '15', '30', '1', '49.80.145.103', 'nc-nginx', '172.18.32.205:1081');
INSERT INTO `upms_api_visit` VALUES ('777', '74', '20200805', '15', null, '1', '49.80.145.103', 'nc-nginx', '172.18.32.205:1081');
INSERT INTO `upms_api_visit` VALUES ('778', '72', '20200805', '15', null, '1', '49.80.145.103', 'nc-nginx', '172.18.32.205:1081');
INSERT INTO `upms_api_visit` VALUES ('779', '67', '20200805', '16', null, '1', '219.142.250.12', 'nc-nginx', '172.18.32.205:1081');
INSERT INTO `upms_api_visit` VALUES ('780', '122', '20200805', '16', null, '1', '172.18.32.205', 'chat', '172.18.32.205:1081');
INSERT INTO `upms_api_visit` VALUES ('781', '122', '20200805', '16', null, '1', '172.18.32.205', 'article', '172.18.32.205:1081');
INSERT INTO `upms_api_visit` VALUES ('782', '122', '20200805', '16', null, '1', '172.18.32.205', 'pcgl', '172.18.32.205:1081');
INSERT INTO `upms_api_visit` VALUES ('783', '122', '20200805', '16', null, '1', '172.18.32.205', 'worldTree', '172.18.32.205:1081');
INSERT INTO `upms_api_visit` VALUES ('784', '55', '20200805', '16', null, '1', '219.142.250.12', 'nc-nginx', '172.18.32.205:1081');
INSERT INTO `upms_api_visit` VALUES ('785', '60', '20200805', '16', null, '1', '219.142.250.12', 'nc-nginx', '172.18.32.205:1081');
INSERT INTO `upms_api_visit` VALUES ('786', '56', '20200805', '16', null, '1', '219.142.250.12', 'nc-nginx', '172.18.32.205:1081');
INSERT INTO `upms_api_visit` VALUES ('787', '122', '20200805', '17', null, '1', '172.18.32.205', 'pcgl', '172.18.32.205:1081');
INSERT INTO `upms_api_visit` VALUES ('788', '122', '20200805', '17', null, '1', '172.18.32.205', 'worldTree', '172.18.32.205:1081');
INSERT INTO `upms_api_visit` VALUES ('789', '122', '20200805', '17', null, '1', '172.18.32.205', 'chat', '172.18.32.205:1081');
INSERT INTO `upms_api_visit` VALUES ('790', '122', '20200805', '17', null, '1', '172.18.32.205', 'article', '172.18.32.205:1081');
INSERT INTO `upms_api_visit` VALUES ('791', '122', '20200805', '18', null, '1', '172.18.32.205', 'worldTree', '172.18.32.205:1081');
INSERT INTO `upms_api_visit` VALUES ('792', '122', '20200805', '18', null, '1', '172.18.32.205', 'pcgl', '172.18.32.205:1081');
INSERT INTO `upms_api_visit` VALUES ('793', '122', '20200805', '18', null, '1', '172.18.32.205', 'article', '172.18.32.205:1081');
INSERT INTO `upms_api_visit` VALUES ('794', '122', '20200805', '18', null, '1', '172.18.32.205', 'chat', '172.18.32.205:1081');
INSERT INTO `upms_api_visit` VALUES ('795', '122', '20200805', '19', null, '1', '172.18.32.205', 'worldTree', '172.18.32.205:1081');
INSERT INTO `upms_api_visit` VALUES ('796', '122', '20200805', '19', null, '1', '172.18.32.205', 'pcgl', '172.18.32.205:1081');
INSERT INTO `upms_api_visit` VALUES ('797', '139', '20200805', '19', null, '2', '218.17.157.169', 'nc-nginx', '172.18.32.205:1081');
INSERT INTO `upms_api_visit` VALUES ('798', '55', '20200805', '19', null, '1', '218.17.157.169', 'nc-nginx', '172.18.32.205:1081');
INSERT INTO `upms_api_visit` VALUES ('799', '100', '20200805', '19', null, '1', '218.17.157.169', 'nc-nginx', '172.18.32.205:1081');
INSERT INTO `upms_api_visit` VALUES ('800', '56', '20200805', '19', null, '1', '218.17.157.169', 'nc-nginx', '172.18.32.205:1081');
INSERT INTO `upms_api_visit` VALUES ('801', '122', '20200805', '19', null, '1', '172.18.32.205', 'article', '172.18.32.205:1081');
INSERT INTO `upms_api_visit` VALUES ('802', '60', '20200805', '19', null, '2', '218.17.157.169', 'nc-nginx', '172.18.32.205:1081');
INSERT INTO `upms_api_visit` VALUES ('803', '122', '20200805', '19', null, '1', '172.18.32.205', 'chat', '172.18.32.205:1081');
INSERT INTO `upms_api_visit` VALUES ('804', '67', '20200805', '19', null, '1', '218.17.157.169', 'nc-nginx', '172.18.32.205:1081');
INSERT INTO `upms_api_visit` VALUES ('805', '144', '20200805', '19', null, '1', '218.17.157.169', 'nc-nginx', '172.18.32.205:1081');
INSERT INTO `upms_api_visit` VALUES ('806', '55', '20200805', '20', null, '1', '36.128.128.119', 'nc-nginx', '172.18.32.205:1081');
INSERT INTO `upms_api_visit` VALUES ('807', '60', '20200805', '20', null, '3', '36.128.128.119', 'nc-nginx', '172.18.32.205:1081');
INSERT INTO `upms_api_visit` VALUES ('808', '171', '20200805', '20', null, '1', '36.128.128.119', 'nc-nginx', '172.18.32.205:1081');
INSERT INTO `upms_api_visit` VALUES ('809', '122', '20200805', '20', null, '1', '172.18.32.205', 'article', '172.18.32.205:1081');
INSERT INTO `upms_api_visit` VALUES ('810', '122', '20200805', '20', null, '1', '172.18.32.205', 'worldTree', '172.18.32.205:1081');
INSERT INTO `upms_api_visit` VALUES ('811', '67', '20200805', '20', null, '1', '36.128.128.119', 'nc-nginx', '172.18.32.205:1081');
INSERT INTO `upms_api_visit` VALUES ('812', '122', '20200805', '20', null, '1', '172.18.32.205', 'chat', '172.18.32.205:1081');
INSERT INTO `upms_api_visit` VALUES ('813', '149', '20200805', '20', null, '1', '36.128.128.119', 'nc-nginx', '172.18.32.205:1081');
INSERT INTO `upms_api_visit` VALUES ('814', '122', '20200805', '20', null, '1', '172.18.32.205', 'pcgl', '172.18.32.205:1081');
INSERT INTO `upms_api_visit` VALUES ('815', '122', '20200805', '21', null, '1', '172.18.32.205', 'worldTree', '172.18.32.205:1081');
INSERT INTO `upms_api_visit` VALUES ('816', '122', '20200805', '21', null, '1', '172.18.32.205', 'pcgl', '172.18.32.205:1081');
INSERT INTO `upms_api_visit` VALUES ('817', '122', '20200805', '21', null, '1', '172.18.32.205', 'article', '172.18.32.205:1081');
INSERT INTO `upms_api_visit` VALUES ('818', '122', '20200805', '21', null, '1', '172.18.32.205', 'chat', '172.18.32.205:1081');
INSERT INTO `upms_api_visit` VALUES ('819', '122', '20200805', '22', null, '1', '172.18.32.205', 'chat', '172.18.32.205:1081');
INSERT INTO `upms_api_visit` VALUES ('820', '122', '20200805', '22', null, '1', '172.18.32.205', 'article', '172.18.32.205:1081');
INSERT INTO `upms_api_visit` VALUES ('821', '122', '20200805', '22', null, '1', '172.18.32.205', 'worldTree', '172.18.32.205:1081');
INSERT INTO `upms_api_visit` VALUES ('822', '122', '20200805', '22', null, '1', '172.18.32.205', 'pcgl', '172.18.32.205:1081');
INSERT INTO `upms_api_visit` VALUES ('823', '122', '20200805', '23', null, '1', '172.18.32.205', 'article', '172.18.32.205:1081');
INSERT INTO `upms_api_visit` VALUES ('824', '122', '20200805', '23', null, '1', '172.18.32.205', 'chat', '172.18.32.205:1081');
INSERT INTO `upms_api_visit` VALUES ('825', '122', '20200805', '23', null, '1', '172.18.32.205', 'pcgl', '172.18.32.205:1081');
INSERT INTO `upms_api_visit` VALUES ('826', '122', '20200805', '23', null, '1', '172.18.32.205', 'worldTree', '172.18.32.205:1081');
INSERT INTO `upms_api_visit` VALUES ('827', '122', '20200806', '00', null, '1', '172.18.32.205', 'article', '172.18.32.205:1081');
INSERT INTO `upms_api_visit` VALUES ('828', '122', '20200806', '00', null, '1', '172.18.32.205', 'chat', '172.18.32.205:1081');
INSERT INTO `upms_api_visit` VALUES ('829', '122', '20200806', '00', null, '1', '172.18.32.205', 'worldTree', '172.18.32.205:1081');
INSERT INTO `upms_api_visit` VALUES ('830', '122', '20200806', '00', null, '1', '172.18.32.205', 'pcgl', '172.18.32.205:1081');
INSERT INTO `upms_api_visit` VALUES ('831', '122', '20200806', '01', null, '1', '172.18.32.205', 'article', '172.18.32.205:1081');
INSERT INTO `upms_api_visit` VALUES ('832', '122', '20200806', '01', null, '1', '172.18.32.205', 'chat', '172.18.32.205:1081');
INSERT INTO `upms_api_visit` VALUES ('833', '122', '20200806', '01', null, '1', '172.18.32.205', 'pcgl', '172.18.32.205:1081');
INSERT INTO `upms_api_visit` VALUES ('834', '122', '20200806', '01', null, '1', '172.18.32.205', 'worldTree', '172.18.32.205:1081');
INSERT INTO `upms_api_visit` VALUES ('835', '122', '20200806', '02', null, '1', '172.18.32.205', 'chat', '172.18.32.205:1081');
INSERT INTO `upms_api_visit` VALUES ('836', '122', '20200806', '02', null, '1', '172.18.32.205', 'worldTree', '172.18.32.205:1081');
INSERT INTO `upms_api_visit` VALUES ('837', '122', '20200806', '02', null, '1', '172.18.32.205', 'pcgl', '172.18.32.205:1081');
INSERT INTO `upms_api_visit` VALUES ('838', '122', '20200806', '02', null, '1', '172.18.32.205', 'article', '172.18.32.205:1081');
INSERT INTO `upms_api_visit` VALUES ('839', '122', '20200806', '03', null, '1', '172.18.32.205', 'chat', '172.18.32.205:1081');
INSERT INTO `upms_api_visit` VALUES ('840', '122', '20200806', '03', null, '1', '172.18.32.205', 'pcgl', '172.18.32.205:1081');
INSERT INTO `upms_api_visit` VALUES ('841', '122', '20200806', '03', null, '1', '172.18.32.205', 'worldTree', '172.18.32.205:1081');
INSERT INTO `upms_api_visit` VALUES ('842', '122', '20200806', '03', null, '1', '172.18.32.205', 'article', '172.18.32.205:1081');
INSERT INTO `upms_api_visit` VALUES ('843', '122', '20200806', '04', null, '1', '172.18.32.205', 'pcgl', '172.18.32.205:1081');
INSERT INTO `upms_api_visit` VALUES ('844', '122', '20200806', '04', null, '1', '172.18.32.205', 'worldTree', '172.18.32.205:1081');
INSERT INTO `upms_api_visit` VALUES ('845', '122', '20200806', '04', null, '1', '172.18.32.205', 'chat', '172.18.32.205:1081');
INSERT INTO `upms_api_visit` VALUES ('846', '122', '20200806', '04', null, '1', '172.18.32.205', 'article', '172.18.32.205:1081');
INSERT INTO `upms_api_visit` VALUES ('847', '122', '20200806', '05', null, '1', '172.18.32.205', 'worldTree', '172.18.32.205:1081');
INSERT INTO `upms_api_visit` VALUES ('848', '122', '20200806', '05', null, '1', '172.18.32.205', 'pcgl', '172.18.32.205:1081');
INSERT INTO `upms_api_visit` VALUES ('849', '122', '20200806', '05', null, '1', '172.18.32.205', 'chat', '172.18.32.205:1081');
INSERT INTO `upms_api_visit` VALUES ('850', '122', '20200806', '05', null, '1', '172.18.32.205', 'article', '172.18.32.205:1081');
INSERT INTO `upms_api_visit` VALUES ('851', '122', '20200806', '06', null, '1', '172.18.32.205', 'worldTree', '172.18.32.205:1081');
INSERT INTO `upms_api_visit` VALUES ('852', '122', '20200806', '06', null, '1', '172.18.32.205', 'pcgl', '172.18.32.205:1081');
INSERT INTO `upms_api_visit` VALUES ('853', '122', '20200806', '06', null, '1', '172.18.32.205', 'chat', '172.18.32.205:1081');
INSERT INTO `upms_api_visit` VALUES ('854', '122', '20200806', '06', null, '1', '172.18.32.205', 'article', '172.18.32.205:1081');
INSERT INTO `upms_api_visit` VALUES ('855', '122', '20200806', '07', null, '1', '172.18.32.205', 'pcgl', '172.18.32.205:1081');
INSERT INTO `upms_api_visit` VALUES ('856', '122', '20200806', '07', null, '1', '172.18.32.205', 'worldTree', '172.18.32.205:1081');
INSERT INTO `upms_api_visit` VALUES ('857', '122', '20200806', '07', null, '1', '172.18.32.205', 'chat', '172.18.32.205:1081');
INSERT INTO `upms_api_visit` VALUES ('858', '122', '20200806', '07', null, '1', '172.18.32.205', 'article', '172.18.32.205:1081');
INSERT INTO `upms_api_visit` VALUES ('859', '122', '20200806', '08', null, '1', '172.18.32.205', 'worldTree', '172.18.32.205:1081');
INSERT INTO `upms_api_visit` VALUES ('860', '122', '20200806', '08', null, '1', '172.18.32.205', 'pcgl', '172.18.32.205:1081');
INSERT INTO `upms_api_visit` VALUES ('861', '122', '20200806', '08', null, '1', '172.18.32.205', 'article', '172.18.32.205:1081');
INSERT INTO `upms_api_visit` VALUES ('862', '122', '20200806', '08', null, '1', '172.18.32.205', 'chat', '172.18.32.205:1081');
INSERT INTO `upms_api_visit` VALUES ('863', '122', '20200806', '09', null, '1', '172.18.32.205', 'worldTree', '172.18.32.205:1081');
INSERT INTO `upms_api_visit` VALUES ('864', '122', '20200806', '09', null, '1', '172.18.32.205', 'pcgl', '172.18.32.205:1081');
INSERT INTO `upms_api_visit` VALUES ('865', '122', '20200806', '09', null, '1', '172.18.32.205', 'article', '172.18.32.205:1081');
INSERT INTO `upms_api_visit` VALUES ('866', '122', '20200806', '09', null, '1', '172.18.32.205', 'chat', '172.18.32.205:1081');
INSERT INTO `upms_api_visit` VALUES ('867', '122', '20200806', '10', null, '1', '172.18.32.205', 'worldTree', '172.18.32.205:1081');
INSERT INTO `upms_api_visit` VALUES ('868', '122', '20200806', '10', null, '1', '172.18.32.205', 'chat', '172.18.32.205:1081');
INSERT INTO `upms_api_visit` VALUES ('869', '122', '20200806', '10', null, '1', '172.18.32.205', 'article', '172.18.32.205:1081');
INSERT INTO `upms_api_visit` VALUES ('870', '122', '20200806', '10', null, '1', '172.18.32.205', 'pcgl', '172.18.32.205:1081');
INSERT INTO `upms_api_visit` VALUES ('871', '122', '20200806', '11', null, '1', '172.18.32.205', 'article', '172.18.32.205:1081');
INSERT INTO `upms_api_visit` VALUES ('872', '122', '20200806', '11', null, '1', '172.18.32.205', 'chat', '172.18.32.205:1081');
INSERT INTO `upms_api_visit` VALUES ('873', '122', '20200806', '11', null, '1', '172.18.32.205', 'worldTree', '172.18.32.205:1081');
INSERT INTO `upms_api_visit` VALUES ('874', '122', '20200806', '11', null, '1', '172.18.32.205', 'pcgl', '172.18.32.205:1081');
INSERT INTO `upms_api_visit` VALUES ('875', '122', '20200806', '12', null, '1', '172.18.32.205', 'chat', '172.18.32.205:1081');
INSERT INTO `upms_api_visit` VALUES ('876', '122', '20200806', '12', null, '1', '172.18.32.205', 'article', '172.18.32.205:1081');
INSERT INTO `upms_api_visit` VALUES ('877', '122', '20200806', '12', null, '1', '172.18.32.205', 'worldTree', '172.18.32.205:1081');
INSERT INTO `upms_api_visit` VALUES ('878', '122', '20200806', '12', null, '1', '172.18.32.205', 'pcgl', '172.18.32.205:1081');
INSERT INTO `upms_api_visit` VALUES ('879', '122', '20200806', '13', null, '1', '172.18.32.205', 'article', '172.18.32.205:1081');
INSERT INTO `upms_api_visit` VALUES ('880', '122', '20200806', '13', null, '1', '172.18.32.205', 'chat', '172.18.32.205:1081');
INSERT INTO `upms_api_visit` VALUES ('881', '122', '20200806', '13', null, '1', '172.18.32.205', 'pcgl', '172.18.32.205:1081');
INSERT INTO `upms_api_visit` VALUES ('882', '122', '20200806', '13', null, '1', '172.18.32.205', 'worldTree', '172.18.32.205:1081');
INSERT INTO `upms_api_visit` VALUES ('883', '122', '20200806', '14', null, '1', '172.18.32.205', 'chat', '172.18.32.205:1081');
INSERT INTO `upms_api_visit` VALUES ('884', '122', '20200806', '14', null, '1', '172.18.32.205', 'article', '172.18.32.205:1081');
INSERT INTO `upms_api_visit` VALUES ('885', '122', '20200806', '14', null, '1', '172.18.32.205', 'pcgl', '172.18.32.205:1081');
INSERT INTO `upms_api_visit` VALUES ('886', '122', '20200806', '14', null, '1', '172.18.32.205', 'worldTree', '172.18.32.205:1081');
INSERT INTO `upms_api_visit` VALUES ('887', '122', '20200806', '15', null, '1', '172.18.32.205', 'worldTree', '172.18.32.205:1081');
INSERT INTO `upms_api_visit` VALUES ('888', '122', '20200806', '15', null, '1', '172.18.32.205', 'pcgl', '172.18.32.205:1081');
INSERT INTO `upms_api_visit` VALUES ('889', '55', '20200806', '15', null, '2', '218.17.157.169', 'nc-nginx', '172.18.32.205:1081');
INSERT INTO `upms_api_visit` VALUES ('890', '67', '20200806', '15', null, '1', '218.17.157.169', 'nc-nginx', '172.18.32.205:1081');
INSERT INTO `upms_api_visit` VALUES ('891', '122', '20200806', '15', null, '1', '172.18.32.205', 'chat', '172.18.32.205:1081');
INSERT INTO `upms_api_visit` VALUES ('892', '122', '20200806', '15', null, '1', '172.18.32.205', 'article', '172.18.32.205:1081');
INSERT INTO `upms_api_visit` VALUES ('893', '60', '20200806', '15', null, '1', '218.17.157.169', 'nc-nginx', '172.18.32.205:1081');
INSERT INTO `upms_api_visit` VALUES ('894', '100', '20200806', '15', null, '1', '218.17.157.169', 'nc-nginx', '172.18.32.205:1081');
INSERT INTO `upms_api_visit` VALUES ('895', '186', '20200806', '16', null, '2', '156.236.118.27', 'nc-nginx', '172.18.32.205:1081');
INSERT INTO `upms_api_visit` VALUES ('896', '105', '20200806', '16', null, '3', '218.17.157.169', 'nc-nginx', '172.18.32.205:1081');
INSERT INTO `upms_api_visit` VALUES ('897', '60', '20200806', '16', null, '8', '156.236.118.27', 'nc-nginx', '172.18.32.205:1081');
INSERT INTO `upms_api_visit` VALUES ('898', '178', '20200806', '16', null, '2', '156.236.118.27', 'nc-nginx', '172.18.32.205:1081');
INSERT INTO `upms_api_visit` VALUES ('899', '71', '20200806', '16', null, '2', '156.236.118.27', 'nc-nginx', '172.18.32.205:1081');
INSERT INTO `upms_api_visit` VALUES ('900', '171', '20200806', '16', null, '2', '218.17.157.169', 'nc-nginx', '172.18.32.205:1081');
INSERT INTO `upms_api_visit` VALUES ('901', '149', '20200806', '16', null, '1', '59.42.206.150', 'nc-nginx', '172.18.32.205:1081');
INSERT INTO `upms_api_visit` VALUES ('902', '81', '20200806', '16', '30', '8', '156.236.118.27', 'nc-nginx', '172.18.32.205:1081');
INSERT INTO `upms_api_visit` VALUES ('903', '60', '20200806', '16', null, '7', '218.17.157.169', 'nc-nginx', '172.18.32.205:1081');
INSERT INTO `upms_api_visit` VALUES ('904', '56', '20200806', '16', null, '2', '218.17.157.169', 'nc-nginx', '172.18.32.205:1081');
INSERT INTO `upms_api_visit` VALUES ('905', '139', '20200806', '16', null, '7', '218.17.157.169', 'nc-nginx', '172.18.32.205:1081');
INSERT INTO `upms_api_visit` VALUES ('906', '186', '20200806', '16', null, '1', '218.17.157.169', 'nc-nginx', '172.18.32.205:1081');
INSERT INTO `upms_api_visit` VALUES ('907', '88', '20200806', '16', '30', '3', '156.236.118.27', 'nc-nginx', '172.18.32.205:1081');
INSERT INTO `upms_api_visit` VALUES ('908', '80', '20200806', '16', '30', '2', '156.236.118.27', 'nc-nginx', '172.18.32.205:1081');
INSERT INTO `upms_api_visit` VALUES ('909', '51', '20200806', '16', null, '4', '156.236.118.27', 'nc-nginx', '172.18.32.205:1081');
INSERT INTO `upms_api_visit` VALUES ('910', '67', '20200806', '16', null, '2', '218.17.157.169', 'nc-nginx', '172.18.32.205:1081');
INSERT INTO `upms_api_visit` VALUES ('911', '72', '20200806', '16', null, '1', '156.236.118.27', 'nc-nginx', '172.18.32.205:1081');
INSERT INTO `upms_api_visit` VALUES ('912', '60', '20200806', '16', null, '2', '59.42.206.150', 'nc-nginx', '172.18.32.205:1081');
INSERT INTO `upms_api_visit` VALUES ('913', '101', '20200806', '16', null, '6', '156.236.118.27', 'nc-nginx', '172.18.32.205:1081');
INSERT INTO `upms_api_visit` VALUES ('914', '122', '20200806', '16', null, '1', '172.18.32.205', 'worldTree', '172.18.32.205:1081');
INSERT INTO `upms_api_visit` VALUES ('915', '100', '20200806', '16', null, '6', '218.17.157.169', 'nc-nginx', '172.18.32.205:1081');
INSERT INTO `upms_api_visit` VALUES ('916', '116', '20200806', '16', '30', '1', '156.236.118.27', 'nc-nginx', '172.18.32.205:1081');
INSERT INTO `upms_api_visit` VALUES ('917', '74', '20200806', '16', null, '1', '156.236.118.27', 'nc-nginx', '172.18.32.205:1081');
INSERT INTO `upms_api_visit` VALUES ('918', '149', '20200806', '16', null, '2', '156.236.118.27', 'nc-nginx', '172.18.32.205:1081');
INSERT INTO `upms_api_visit` VALUES ('919', '107', '20200806', '16', '30', '4', '156.236.118.27', 'nc-nginx', '172.18.32.205:1081');
INSERT INTO `upms_api_visit` VALUES ('920', '55', '20200806', '16', null, '2', '156.236.118.27', 'nc-nginx', '172.18.32.205:1081');
INSERT INTO `upms_api_visit` VALUES ('921', '67', '20200806', '16', null, '1', '59.42.206.150', 'nc-nginx', '172.18.32.205:1081');
INSERT INTO `upms_api_visit` VALUES ('922', '56', '20200806', '16', null, '3', '156.236.118.27', 'nc-nginx', '172.18.32.205:1081');
INSERT INTO `upms_api_visit` VALUES ('923', '122', '20200806', '16', null, '1', '172.18.32.205', 'pcgl', '172.18.32.205:1081');
INSERT INTO `upms_api_visit` VALUES ('924', '71', '20200806', '16', null, '1', '218.17.157.169', 'nc-nginx', '172.18.32.205:1081');
INSERT INTO `upms_api_visit` VALUES ('925', '149', '20200806', '16', null, '4', '218.17.157.169', 'nc-nginx', '172.18.32.205:1081');
INSERT INTO `upms_api_visit` VALUES ('926', '100', '20200806', '16', null, '3', '156.236.118.27', 'nc-nginx', '172.18.32.205:1081');
INSERT INTO `upms_api_visit` VALUES ('927', '55', '20200806', '16', null, '2', '59.42.206.150', 'nc-nginx', '172.18.32.205:1081');
INSERT INTO `upms_api_visit` VALUES ('928', '144', '20200806', '16', null, '6', '218.17.157.169', 'nc-nginx', '172.18.32.205:1081');
INSERT INTO `upms_api_visit` VALUES ('929', '171', '20200806', '16', null, '2', '156.236.118.27', 'nc-nginx', '172.18.32.205:1081');
INSERT INTO `upms_api_visit` VALUES ('930', '67', '20200806', '16', null, '4', '156.236.118.27', 'nc-nginx', '172.18.32.205:1081');
INSERT INTO `upms_api_visit` VALUES ('931', '122', '20200806', '16', null, '1', '172.18.32.205', 'chat', '172.18.32.205:1081');
INSERT INTO `upms_api_visit` VALUES ('932', '72', '20200806', '16', null, '1', '172.18.32.205', 'chat', '172.18.32.205:1081');
INSERT INTO `upms_api_visit` VALUES ('933', '51', '20200806', '16', null, '1', '218.17.157.169', 'nc-nginx', '172.18.32.205:1081');
INSERT INTO `upms_api_visit` VALUES ('934', '122', '20200806', '16', null, '1', '172.18.32.205', 'article', '172.18.32.205:1081');
INSERT INTO `upms_api_visit` VALUES ('935', '202', '20200806', '16', null, '1', '172.18.32.205', 'chat', '172.18.32.205:1081');
INSERT INTO `upms_api_visit` VALUES ('936', '122', '20200806', '17', null, '1', '172.18.32.205', 'worldTree', '172.18.32.205:1081');
INSERT INTO `upms_api_visit` VALUES ('937', '122', '20200806', '17', null, '1', '172.18.32.205', 'pcgl', '172.18.32.205:1081');
INSERT INTO `upms_api_visit` VALUES ('938', '122', '20200806', '17', null, '1', '172.18.32.205', 'chat', '172.18.32.205:1081');
INSERT INTO `upms_api_visit` VALUES ('939', '122', '20200806', '17', null, '1', '172.18.32.205', 'article', '172.18.32.205:1081');
INSERT INTO `upms_api_visit` VALUES ('940', '72', '20200806', '18', null, '2', '113.110.224.247', 'nc-nginx', '172.18.32.205:1081');
INSERT INTO `upms_api_visit` VALUES ('941', '72', '20200806', '18', null, '1', '172.18.32.205', 'chat', '172.18.32.205:1081');
INSERT INTO `upms_api_visit` VALUES ('942', '107', '20200806', '18', '30', '1', '113.110.224.247', 'nc-nginx', '172.18.32.205:1081');
INSERT INTO `upms_api_visit` VALUES ('943', '122', '20200806', '18', null, '1', '172.18.32.205', 'worldTree', '172.18.32.205:1081');
INSERT INTO `upms_api_visit` VALUES ('944', '81', '20200806', '18', '30', '4', '113.110.224.247', 'nc-nginx', '172.18.32.205:1081');
INSERT INTO `upms_api_visit` VALUES ('945', '74', '20200806', '18', null, '2', '113.110.224.247', 'nc-nginx', '172.18.32.205:1081');
INSERT INTO `upms_api_visit` VALUES ('946', '119', '20200806', '18', '30', '1', '113.110.224.247', 'nc-nginx', '172.18.32.205:1081');
INSERT INTO `upms_api_visit` VALUES ('947', '122', '20200806', '18', null, '1', '172.18.32.205', 'article', '172.18.32.205:1081');
INSERT INTO `upms_api_visit` VALUES ('948', '108', '20200806', '18', '30', '1', '113.110.224.247', 'nc-nginx', '172.18.32.205:1081');
INSERT INTO `upms_api_visit` VALUES ('949', '122', '20200806', '18', null, '1', '172.18.32.205', 'pcgl', '172.18.32.205:1081');
INSERT INTO `upms_api_visit` VALUES ('950', '88', '20200806', '18', '30', '1', '113.110.224.247', 'nc-nginx', '172.18.32.205:1081');
INSERT INTO `upms_api_visit` VALUES ('951', '122', '20200806', '18', null, '1', '172.18.32.205', 'chat', '172.18.32.205:1081');
INSERT INTO `upms_api_visit` VALUES ('952', '202', '20200806', '18', null, '1', '172.18.32.205', 'chat', '172.18.32.205:1081');
INSERT INTO `upms_api_visit` VALUES ('953', '80', '20200806', '18', '30', '1', '113.110.224.247', 'nc-nginx', '172.18.32.205:1081');
INSERT INTO `upms_api_visit` VALUES ('954', '122', '20200806', '19', null, '1', '172.18.32.205', 'chat', '172.18.32.205:1081');
INSERT INTO `upms_api_visit` VALUES ('955', '81', '20200806', '19', '30', '9', '119.139.197.174', 'nc-nginx', '172.18.32.205:1081');
INSERT INTO `upms_api_visit` VALUES ('956', '80', '20200806', '19', '30', '4', '119.139.197.174', 'nc-nginx', '172.18.32.205:1081');
INSERT INTO `upms_api_visit` VALUES ('957', '55', '20200806', '19', null, '1', '218.17.157.169', 'nc-nginx', '172.18.32.205:1081');
INSERT INTO `upms_api_visit` VALUES ('958', '122', '20200806', '19', null, '1', '172.18.32.205', 'worldTree', '172.18.32.205:1081');
INSERT INTO `upms_api_visit` VALUES ('959', '202', '20200806', '19', null, '2', '172.18.32.205', 'chat', '172.18.32.205:1081');
INSERT INTO `upms_api_visit` VALUES ('960', '122', '20200806', '19', null, '1', '172.18.32.205', 'article', '172.18.32.205:1081');
INSERT INTO `upms_api_visit` VALUES ('961', '55', '20200806', '19', null, '1', '113.110.225.116', 'nc-nginx', '172.18.32.205:1081');
INSERT INTO `upms_api_visit` VALUES ('962', '71', '20200806', '19', null, '4', '113.110.225.116', 'nc-nginx', '172.18.32.205:1081');
INSERT INTO `upms_api_visit` VALUES ('963', '149', '20200806', '19', null, '1', '113.110.225.116', 'nc-nginx', '172.18.32.205:1081');
INSERT INTO `upms_api_visit` VALUES ('964', '122', '20200806', '19', null, '1', '172.18.32.205', 'pcgl', '172.18.32.205:1081');
INSERT INTO `upms_api_visit` VALUES ('965', '101', '20200806', '19', null, '12', '113.110.225.116', 'nc-nginx', '172.18.32.205:1081');
INSERT INTO `upms_api_visit` VALUES ('966', '147', '20200806', '19', null, '1', '218.17.157.169', 'nc-nginx', '172.18.32.205:1081');
INSERT INTO `upms_api_visit` VALUES ('967', '51', '20200806', '19', null, '4', '113.110.225.116', 'nc-nginx', '172.18.32.205:1081');
INSERT INTO `upms_api_visit` VALUES ('968', '171', '20200806', '19', null, '1', '113.110.225.116', 'nc-nginx', '172.18.32.205:1081');
INSERT INTO `upms_api_visit` VALUES ('969', '61', '20200806', '19', null, '1', '218.17.157.169', 'nc-nginx', '172.18.32.205:1081');
INSERT INTO `upms_api_visit` VALUES ('970', '107', '20200806', '19', '30', '3', '119.139.197.174', 'nc-nginx', '172.18.32.205:1081');
INSERT INTO `upms_api_visit` VALUES ('971', '139', '20200806', '19', null, '11', '218.17.157.169', 'nc-nginx', '172.18.32.205:1081');
INSERT INTO `upms_api_visit` VALUES ('972', '72', '20200806', '19', null, '1', '172.18.32.205', 'pcgl', '172.18.32.205:1081');
INSERT INTO `upms_api_visit` VALUES ('973', '54', '20200806', '19', null, '1', '218.17.157.169', 'nc-nginx', '172.18.32.205:1081');
INSERT INTO `upms_api_visit` VALUES ('974', '150', '20200806', '19', null, '7', '218.17.157.169', 'nc-nginx', '172.18.32.205:1081');
INSERT INTO `upms_api_visit` VALUES ('975', '56', '20200806', '19', null, '3', '113.110.225.116', 'nc-nginx', '172.18.32.205:1081');
INSERT INTO `upms_api_visit` VALUES ('976', '67', '20200806', '19', null, '1', '218.17.157.169', 'nc-nginx', '172.18.32.205:1081');
INSERT INTO `upms_api_visit` VALUES ('977', '88', '20200806', '19', '30', '2', '119.139.197.174', 'nc-nginx', '172.18.32.205:1081');
INSERT INTO `upms_api_visit` VALUES ('978', '157', '20200806', '19', '30', '1', '119.139.197.174', 'nc-nginx', '172.18.32.205:1081');
INSERT INTO `upms_api_visit` VALUES ('979', '72', '20200806', '19', null, '2', '172.18.32.205', 'chat', '172.18.32.205:1081');
INSERT INTO `upms_api_visit` VALUES ('980', '153', '20200806', '19', null, '2', '218.17.157.169', 'nc-nginx', '172.18.32.205:1081');
INSERT INTO `upms_api_visit` VALUES ('981', '186', '20200806', '19', null, '1', '113.110.225.116', 'nc-nginx', '172.18.32.205:1081');
INSERT INTO `upms_api_visit` VALUES ('982', '149', '20200806', '19', null, '5', '218.17.157.169', 'nc-nginx', '172.18.32.205:1081');
INSERT INTO `upms_api_visit` VALUES ('983', '67', '20200806', '19', null, '2', '113.110.225.116', 'nc-nginx', '172.18.32.205:1081');
INSERT INTO `upms_api_visit` VALUES ('984', '60', '20200806', '19', null, '5', '113.110.225.116', 'nc-nginx', '172.18.32.205:1081');
INSERT INTO `upms_api_visit` VALUES ('985', '72', '20200806', '19', null, '3', '119.139.197.174', 'nc-nginx', '172.18.32.205:1081');
INSERT INTO `upms_api_visit` VALUES ('986', '56', '20200806', '19', null, '1', '218.17.157.169', 'nc-nginx', '172.18.32.205:1081');
INSERT INTO `upms_api_visit` VALUES ('987', '60', '20200806', '19', null, '3', '218.17.157.169', 'nc-nginx', '172.18.32.205:1081');
INSERT INTO `upms_api_visit` VALUES ('988', '74', '20200806', '19', null, '2', '119.139.197.174', 'nc-nginx', '172.18.32.205:1081');
INSERT INTO `upms_api_visit` VALUES ('989', '80', '20200806', '20', '30', '2', '113.110.225.116', 'nc-nginx', '172.18.32.205:1081');
INSERT INTO `upms_api_visit` VALUES ('990', '182', '20200806', '20', null, '1', '113.110.225.116', 'nc-nginx', '172.18.32.205:1081');
INSERT INTO `upms_api_visit` VALUES ('991', '139', '20200806', '20', null, '2', '113.110.225.116', 'nc-nginx', '172.18.32.205:1081');
INSERT INTO `upms_api_visit` VALUES ('992', '202', '20200806', '20', null, '1', '172.18.32.205', 'chat', '172.18.32.205:1081');
INSERT INTO `upms_api_visit` VALUES ('993', '74', '20200806', '20', null, '2', '113.110.225.116', 'nc-nginx', '172.18.32.205:1081');
INSERT INTO `upms_api_visit` VALUES ('994', '122', '20200806', '20', null, '1', '172.18.32.205', 'worldTree', '172.18.32.205:1081');
INSERT INTO `upms_api_visit` VALUES ('995', '122', '20200806', '20', null, '1', '172.18.32.205', 'pcgl', '172.18.32.205:1081');
INSERT INTO `upms_api_visit` VALUES ('996', '88', '20200806', '20', '30', '1', '113.110.225.116', 'nc-nginx', '172.18.32.205:1081');
INSERT INTO `upms_api_visit` VALUES ('997', '60', '20200806', '20', null, '1', '113.110.225.116', 'nc-nginx', '172.18.32.205:1081');
INSERT INTO `upms_api_visit` VALUES ('998', '122', '20200806', '20', null, '1', '172.18.32.205', 'chat', '172.18.32.205:1081');
INSERT INTO `upms_api_visit` VALUES ('999', '150', '20200806', '20', null, '1', '113.110.225.116', 'nc-nginx', '172.18.32.205:1081');
INSERT INTO `upms_api_visit` VALUES ('1000', '115', '20200806', '20', '30', '1', '113.110.225.116', 'nc-nginx', '172.18.32.205:1081');
INSERT INTO `upms_api_visit` VALUES ('1001', '67', '20200806', '20', null, '8', '113.110.225.116', 'nc-nginx', '172.18.32.205:1081');
INSERT INTO `upms_api_visit` VALUES ('1002', '186', '20200806', '20', null, '1', '113.110.225.116', 'nc-nginx', '172.18.32.205:1081');
INSERT INTO `upms_api_visit` VALUES ('1003', '144', '20200806', '20', null, '1', '113.110.225.116', 'nc-nginx', '172.18.32.205:1081');
INSERT INTO `upms_api_visit` VALUES ('1004', '81', '20200806', '20', '30', '5', '113.110.225.116', 'nc-nginx', '172.18.32.205:1081');
INSERT INTO `upms_api_visit` VALUES ('1005', '100', '20200806', '20', null, '3', '113.110.225.116', 'nc-nginx', '172.18.32.205:1081');
INSERT INTO `upms_api_visit` VALUES ('1006', '107', '20200806', '20', '30', '1', '119.139.197.174', 'nc-nginx', '172.18.32.205:1081');
INSERT INTO `upms_api_visit` VALUES ('1007', '177', '20200806', '20', null, '2', '113.110.225.116', 'nc-nginx', '172.18.32.205:1081');
INSERT INTO `upms_api_visit` VALUES ('1008', '107', '20200806', '20', '30', '1', '113.110.225.116', 'nc-nginx', '172.18.32.205:1081');
INSERT INTO `upms_api_visit` VALUES ('1009', '72', '20200806', '20', null, '1', '113.110.225.116', 'nc-nginx', '172.18.32.205:1081');
INSERT INTO `upms_api_visit` VALUES ('1010', '95', '20200806', '20', null, '1', '113.110.225.116', 'nc-nginx', '172.18.32.205:1081');
INSERT INTO `upms_api_visit` VALUES ('1011', '149', '20200806', '20', null, '1', '113.110.225.116', 'nc-nginx', '172.18.32.205:1081');
INSERT INTO `upms_api_visit` VALUES ('1012', '155', '20200806', '20', '30', '1', '113.110.225.116', 'nc-nginx', '172.18.32.205:1081');
INSERT INTO `upms_api_visit` VALUES ('1013', '122', '20200806', '20', null, '1', '172.18.32.205', 'article', '172.18.32.205:1081');
INSERT INTO `upms_api_visit` VALUES ('1014', '72', '20200806', '20', null, '1', '172.18.32.205', 'chat', '172.18.32.205:1081');
INSERT INTO `upms_api_visit` VALUES ('1015', '155', '20200806', '21', '30', '7', '119.139.197.174', 'nc-nginx', '172.18.32.205:1081');
INSERT INTO `upms_api_visit` VALUES ('1016', '81', '20200806', '21', '30', '7', '39.78.182.10', 'nc-nginx', '172.18.32.205:1081');
INSERT INTO `upms_api_visit` VALUES ('1017', '139', '20200806', '21', null, '1', '113.110.225.116', 'nc-nginx', '172.18.32.205:1081');
INSERT INTO `upms_api_visit` VALUES ('1018', '83', '20200806', '21', '30', '2', '119.139.197.174', 'nc-nginx', '172.18.32.205:1081');
INSERT INTO `upms_api_visit` VALUES ('1019', '110', '20200806', '21', '30', '3', '119.139.197.174', 'nc-nginx', '172.18.32.205:1081');
INSERT INTO `upms_api_visit` VALUES ('1020', '120', '20200806', '21', '30', '1', '119.139.197.174', 'nc-nginx', '172.18.32.205:1081');
INSERT INTO `upms_api_visit` VALUES ('1021', '56', '20200806', '21', null, '4', '39.78.182.10', 'nc-nginx', '172.18.32.205:1081');
INSERT INTO `upms_api_visit` VALUES ('1022', '144', '20200806', '21', null, '2', '39.78.182.10', 'nc-nginx', '172.18.32.205:1081');
INSERT INTO `upms_api_visit` VALUES ('1023', '80', '20200806', '21', '30', '2', '119.139.197.174', 'nc-nginx', '172.18.32.205:1081');
INSERT INTO `upms_api_visit` VALUES ('1024', '107', '20200806', '21', '30', '5', '59.42.86.189', 'nc-nginx', '172.18.32.205:1081');
INSERT INTO `upms_api_visit` VALUES ('1025', '186', '20200806', '21', null, '2', '39.78.182.10', 'nc-nginx', '172.18.32.205:1081');
INSERT INTO `upms_api_visit` VALUES ('1026', '67', '20200806', '21', null, '4', '39.78.182.10', 'nc-nginx', '172.18.32.205:1081');
INSERT INTO `upms_api_visit` VALUES ('1027', '95', '20200806', '21', null, '1', '39.78.182.10', 'nc-nginx', '172.18.32.205:1081');
INSERT INTO `upms_api_visit` VALUES ('1028', '51', '20200806', '21', null, '1', '119.139.197.174', 'nc-nginx', '172.18.32.205:1081');
INSERT INTO `upms_api_visit` VALUES ('1029', '67', '20200806', '21', null, '3', '119.139.197.174', 'nc-nginx', '172.18.32.205:1081');
INSERT INTO `upms_api_visit` VALUES ('1030', '119', '20200806', '21', '30', '1', '39.78.182.10', 'nc-nginx', '172.18.32.205:1081');
INSERT INTO `upms_api_visit` VALUES ('1031', '107', '20200806', '21', '30', '6', '39.78.182.10', 'nc-nginx', '172.18.32.205:1081');
INSERT INTO `upms_api_visit` VALUES ('1032', '202', '20200806', '21', null, '3', '172.18.32.205', 'chat', '172.18.32.205:1081');
INSERT INTO `upms_api_visit` VALUES ('1033', '100', '20200806', '21', null, '5', '39.78.182.10', 'nc-nginx', '172.18.32.205:1081');
INSERT INTO `upms_api_visit` VALUES ('1034', '107', '20200806', '21', '30', '6', '119.139.197.174', 'nc-nginx', '172.18.32.205:1081');
INSERT INTO `upms_api_visit` VALUES ('1035', '88', '20200806', '21', '30', '2', '59.42.86.189', 'nc-nginx', '172.18.32.205:1081');
INSERT INTO `upms_api_visit` VALUES ('1036', '122', '20200806', '21', null, '1', '172.18.32.205', 'chat', '172.18.32.205:1081');
INSERT INTO `upms_api_visit` VALUES ('1037', '149', '20200806', '21', null, '4', '39.78.182.10', 'nc-nginx', '172.18.32.205:1081');
INSERT INTO `upms_api_visit` VALUES ('1038', '71', '20200806', '21', null, '9', '39.78.182.10', 'nc-nginx', '172.18.32.205:1081');
INSERT INTO `upms_api_visit` VALUES ('1039', '74', '20200806', '21', null, '2', '59.42.86.189', 'nc-nginx', '172.18.32.205:1081');
INSERT INTO `upms_api_visit` VALUES ('1040', '72', '20200806', '21', null, '4', '39.78.182.10', 'nc-nginx', '172.18.32.205:1081');
INSERT INTO `upms_api_visit` VALUES ('1041', '122', '20200806', '21', null, '1', '172.18.32.205', 'pcgl', '172.18.32.205:1081');
INSERT INTO `upms_api_visit` VALUES ('1042', '80', '20200806', '21', '30', '2', '39.78.182.10', 'nc-nginx', '172.18.32.205:1081');
INSERT INTO `upms_api_visit` VALUES ('1043', '157', '20200806', '21', '30', '2', '119.139.197.174', 'nc-nginx', '172.18.32.205:1081');
INSERT INTO `upms_api_visit` VALUES ('1044', '88', '20200806', '21', '30', '8', '119.139.197.174', 'nc-nginx', '172.18.32.205:1081');
INSERT INTO `upms_api_visit` VALUES ('1045', '139', '20200806', '21', null, '2', '39.78.182.10', 'nc-nginx', '172.18.32.205:1081');
INSERT INTO `upms_api_visit` VALUES ('1046', '81', '20200806', '21', '30', '2', '113.110.225.116', 'nc-nginx', '172.18.32.205:1081');
INSERT INTO `upms_api_visit` VALUES ('1047', '77', '20200806', '21', '30', '1', '113.110.225.116', 'nc-nginx', '172.18.32.205:1081');
INSERT INTO `upms_api_visit` VALUES ('1048', '81', '20200806', '21', '30', '7', '59.42.86.189', 'nc-nginx', '172.18.32.205:1081');
INSERT INTO `upms_api_visit` VALUES ('1049', '115', '20200806', '21', '30', '6', '119.139.197.174', 'nc-nginx', '172.18.32.205:1081');
INSERT INTO `upms_api_visit` VALUES ('1050', '116', '20200806', '21', '30', '11', '119.139.197.174', 'nc-nginx', '172.18.32.205:1081');
INSERT INTO `upms_api_visit` VALUES ('1051', '85', '20200806', '21', '30', '1', '119.139.197.174', 'nc-nginx', '172.18.32.205:1081');
INSERT INTO `upms_api_visit` VALUES ('1052', '60', '20200806', '21', null, '9', '39.78.182.10', 'nc-nginx', '172.18.32.205:1081');
INSERT INTO `upms_api_visit` VALUES ('1053', '149', '20200806', '21', null, '1', '119.139.197.174', 'nc-nginx', '172.18.32.205:1081');
INSERT INTO `upms_api_visit` VALUES ('1054', '119', '20200806', '21', '30', '4', '119.139.197.174', 'nc-nginx', '172.18.32.205:1081');
INSERT INTO `upms_api_visit` VALUES ('1055', '171', '20200806', '21', null, '4', '39.78.182.10', 'nc-nginx', '172.18.32.205:1081');
INSERT INTO `upms_api_visit` VALUES ('1056', '122', '20200806', '21', null, '1', '172.18.32.205', 'worldTree', '172.18.32.205:1081');
INSERT INTO `upms_api_visit` VALUES ('1057', '72', '20200806', '21', null, '2', '119.139.197.174', 'nc-nginx', '172.18.32.205:1081');
INSERT INTO `upms_api_visit` VALUES ('1058', '74', '20200806', '21', null, '1', '39.78.182.10', 'nc-nginx', '172.18.32.205:1081');
INSERT INTO `upms_api_visit` VALUES ('1059', '55', '20200806', '21', null, '5', '39.78.182.10', 'nc-nginx', '172.18.32.205:1081');
INSERT INTO `upms_api_visit` VALUES ('1060', '149', '20200806', '21', null, '1', '113.110.225.116', 'nc-nginx', '172.18.32.205:1081');
INSERT INTO `upms_api_visit` VALUES ('1061', '116', '20200806', '21', '30', '1', '39.78.182.10', 'nc-nginx', '172.18.32.205:1081');
INSERT INTO `upms_api_visit` VALUES ('1062', '122', '20200806', '21', null, '1', '172.18.32.205', 'article', '172.18.32.205:1081');
INSERT INTO `upms_api_visit` VALUES ('1063', '72', '20200806', '21', null, '3', '172.18.32.205', 'chat', '172.18.32.205:1081');
INSERT INTO `upms_api_visit` VALUES ('1064', '81', '20200806', '21', '30', '10', '119.139.197.174', 'nc-nginx', '172.18.32.205:1081');
INSERT INTO `upms_api_visit` VALUES ('1065', '51', '20200806', '21', null, '2', '39.78.182.10', 'nc-nginx', '172.18.32.205:1081');
INSERT INTO `upms_api_visit` VALUES ('1066', '72', '20200806', '21', null, '2', '59.42.86.189', 'nc-nginx', '172.18.32.205:1081');
INSERT INTO `upms_api_visit` VALUES ('1067', '56', '20200806', '21', null, '1', '113.110.225.116', 'nc-nginx', '172.18.32.205:1081');
INSERT INTO `upms_api_visit` VALUES ('1068', '88', '20200806', '21', '30', '4', '39.78.182.10', 'nc-nginx', '172.18.32.205:1081');
INSERT INTO `upms_api_visit` VALUES ('1069', '80', '20200806', '21', '30', '2', '59.42.86.189', 'nc-nginx', '172.18.32.205:1081');
INSERT INTO `upms_api_visit` VALUES ('1070', '60', '20200806', '21', null, '2', '119.139.197.174', 'nc-nginx', '172.18.32.205:1081');
INSERT INTO `upms_api_visit` VALUES ('1071', '101', '20200806', '21', null, '6', '39.78.182.10', 'nc-nginx', '172.18.32.205:1081');
INSERT INTO `upms_api_visit` VALUES ('1072', '80', '20200806', '21', '30', '16', '113.110.225.116', 'nc-nginx', '172.18.32.205:1081');
INSERT INTO `upms_api_visit` VALUES ('1073', '105', '20200806', '21', null, '2', '39.78.182.10', 'nc-nginx', '172.18.32.205:1081');
INSERT INTO `upms_api_visit` VALUES ('1074', '157', '20200806', '21', '30', '3', '39.78.182.10', 'nc-nginx', '172.18.32.205:1081');
INSERT INTO `upms_api_visit` VALUES ('1075', '72', '20200806', '22', null, '6', '113.110.225.116', 'nc-nginx', '172.18.32.205:1081');
INSERT INTO `upms_api_visit` VALUES ('1076', '157', '20200806', '22', '30', '5', '113.110.225.116', 'nc-nginx', '172.18.32.205:1081');
INSERT INTO `upms_api_visit` VALUES ('1077', '72', '20200806', '22', null, '2', '172.18.32.205', 'chat', '172.18.32.205:1081');
INSERT INTO `upms_api_visit` VALUES ('1078', '80', '20200806', '22', '30', '1', '113.110.225.116', 'nc-nginx', '172.18.32.205:1081');
INSERT INTO `upms_api_visit` VALUES ('1079', '202', '20200806', '22', null, '2', '172.18.32.205', 'chat', '172.18.32.205:1081');
INSERT INTO `upms_api_visit` VALUES ('1080', '107', '20200806', '22', '30', '2', '113.110.225.116', 'nc-nginx', '172.18.32.205:1081');
INSERT INTO `upms_api_visit` VALUES ('1081', '167', '20200806', '22', '30', '1', '113.110.225.116', 'nc-nginx', '172.18.32.205:1081');
INSERT INTO `upms_api_visit` VALUES ('1082', '88', '20200806', '22', '30', '1', '113.110.225.116', 'nc-nginx', '172.18.32.205:1081');
INSERT INTO `upms_api_visit` VALUES ('1083', '74', '20200806', '22', null, '1', '113.110.225.116', 'nc-nginx', '172.18.32.205:1081');
INSERT INTO `upms_api_visit` VALUES ('1084', '116', '20200806', '22', '30', '2', '113.110.225.116', 'nc-nginx', '172.18.32.205:1081');
INSERT INTO `upms_api_visit` VALUES ('1085', '122', '20200806', '22', null, '1', '172.18.32.205', 'worldTree', '172.18.32.205:1081');
INSERT INTO `upms_api_visit` VALUES ('1086', '122', '20200806', '22', null, '1', '172.18.32.205', 'pcgl', '172.18.32.205:1081');
INSERT INTO `upms_api_visit` VALUES ('1087', '122', '20200806', '22', null, '1', '172.18.32.205', 'article', '172.18.32.205:1081');
INSERT INTO `upms_api_visit` VALUES ('1088', '122', '20200806', '22', null, '1', '172.18.32.205', 'chat', '172.18.32.205:1081');
INSERT INTO `upms_api_visit` VALUES ('1089', '81', '20200806', '22', '30', '4', '113.110.225.116', 'nc-nginx', '172.18.32.205:1081');
INSERT INTO `upms_api_visit` VALUES ('1090', '119', '20200806', '22', '30', '1', '113.110.225.116', 'nc-nginx', '172.18.32.205:1081');
INSERT INTO `upms_api_visit` VALUES ('1091', '122', '20200806', '23', null, '1', '172.18.32.205', 'article', '172.18.32.205:1081');
INSERT INTO `upms_api_visit` VALUES ('1092', '122', '20200806', '23', null, '1', '172.18.32.205', 'chat', '172.18.32.205:1081');
INSERT INTO `upms_api_visit` VALUES ('1093', '122', '20200806', '23', null, '1', '172.18.32.205', 'pcgl', '172.18.32.205:1081');
INSERT INTO `upms_api_visit` VALUES ('1094', '122', '20200806', '23', null, '1', '172.18.32.205', 'worldTree', '172.18.32.205:1081');
INSERT INTO `upms_api_visit` VALUES ('1095', '122', '20200807', '00', null, '1', '172.18.32.205', 'worldTree', '172.18.32.205:1081');
INSERT INTO `upms_api_visit` VALUES ('1096', '122', '20200807', '00', null, '1', '172.18.32.205', 'chat', '172.18.32.205:1081');
INSERT INTO `upms_api_visit` VALUES ('1097', '122', '20200807', '00', null, '1', '172.18.32.205', 'article', '172.18.32.205:1081');
INSERT INTO `upms_api_visit` VALUES ('1098', '122', '20200807', '00', null, '1', '172.18.32.205', 'pcgl', '172.18.32.205:1081');
INSERT INTO `upms_api_visit` VALUES ('1099', '122', '20200807', '01', null, '1', '172.18.32.205', 'article', '172.18.32.205:1081');
INSERT INTO `upms_api_visit` VALUES ('1100', '122', '20200807', '01', null, '1', '172.18.32.205', 'chat', '172.18.32.205:1081');
INSERT INTO `upms_api_visit` VALUES ('1101', '122', '20200807', '01', null, '1', '172.18.32.205', 'worldTree', '172.18.32.205:1081');
INSERT INTO `upms_api_visit` VALUES ('1102', '122', '20200807', '01', null, '1', '172.18.32.205', 'pcgl', '172.18.32.205:1081');
INSERT INTO `upms_api_visit` VALUES ('1103', '122', '20200807', '02', null, '1', '172.18.32.205', 'chat', '172.18.32.205:1081');
INSERT INTO `upms_api_visit` VALUES ('1104', '122', '20200807', '02', null, '1', '172.18.32.205', 'article', '172.18.32.205:1081');
INSERT INTO `upms_api_visit` VALUES ('1105', '122', '20200807', '02', null, '1', '172.18.32.205', 'worldTree', '172.18.32.205:1081');
INSERT INTO `upms_api_visit` VALUES ('1106', '122', '20200807', '02', null, '1', '172.18.32.205', 'pcgl', '172.18.32.205:1081');
INSERT INTO `upms_api_visit` VALUES ('1107', '122', '20200807', '03', null, '1', '172.18.32.205', 'article', '172.18.32.205:1081');
INSERT INTO `upms_api_visit` VALUES ('1108', '122', '20200807', '03', null, '1', '172.18.32.205', 'chat', '172.18.32.205:1081');
INSERT INTO `upms_api_visit` VALUES ('1109', '122', '20200807', '03', null, '1', '172.18.32.205', 'pcgl', '172.18.32.205:1081');
INSERT INTO `upms_api_visit` VALUES ('1110', '122', '20200807', '03', null, '1', '172.18.32.205', 'worldTree', '172.18.32.205:1081');
INSERT INTO `upms_api_visit` VALUES ('1111', '122', '20200807', '04', null, '1', '172.18.32.205', 'chat', '172.18.32.205:1081');
INSERT INTO `upms_api_visit` VALUES ('1112', '122', '20200807', '04', null, '1', '172.18.32.205', 'article', '172.18.32.205:1081');
INSERT INTO `upms_api_visit` VALUES ('1113', '122', '20200807', '04', null, '1', '172.18.32.205', 'pcgl', '172.18.32.205:1081');
INSERT INTO `upms_api_visit` VALUES ('1114', '122', '20200807', '04', null, '1', '172.18.32.205', 'worldTree', '172.18.32.205:1081');
INSERT INTO `upms_api_visit` VALUES ('1115', '122', '20200807', '05', null, '1', '172.18.32.205', 'worldTree', '172.18.32.205:1081');
INSERT INTO `upms_api_visit` VALUES ('1116', '122', '20200807', '05', null, '1', '172.18.32.205', 'pcgl', '172.18.32.205:1081');
INSERT INTO `upms_api_visit` VALUES ('1117', '122', '20200807', '05', null, '1', '172.18.32.205', 'chat', '172.18.32.205:1081');
INSERT INTO `upms_api_visit` VALUES ('1118', '122', '20200807', '05', null, '1', '172.18.32.205', 'article', '172.18.32.205:1081');
INSERT INTO `upms_api_visit` VALUES ('1119', '122', '20200807', '06', null, '1', '172.18.32.205', 'worldTree', '172.18.32.205:1081');
INSERT INTO `upms_api_visit` VALUES ('1120', '122', '20200807', '06', null, '1', '172.18.32.205', 'pcgl', '172.18.32.205:1081');
INSERT INTO `upms_api_visit` VALUES ('1121', '122', '20200807', '06', null, '1', '172.18.32.205', 'chat', '172.18.32.205:1081');
INSERT INTO `upms_api_visit` VALUES ('1122', '122', '20200807', '06', null, '1', '172.18.32.205', 'article', '172.18.32.205:1081');
INSERT INTO `upms_api_visit` VALUES ('1123', '122', '20200807', '07', null, '1', '172.18.32.205', 'article', '172.18.32.205:1081');
INSERT INTO `upms_api_visit` VALUES ('1124', '122', '20200807', '07', null, '1', '172.18.32.205', 'pcgl', '172.18.32.205:1081');
INSERT INTO `upms_api_visit` VALUES ('1125', '122', '20200807', '07', null, '1', '172.18.32.205', 'worldTree', '172.18.32.205:1081');
INSERT INTO `upms_api_visit` VALUES ('1126', '122', '20200807', '07', null, '1', '172.18.32.205', 'chat', '172.18.32.205:1081');
INSERT INTO `upms_api_visit` VALUES ('1127', '122', '20200807', '08', null, '1', '172.18.32.205', 'article', '172.18.32.205:1081');
INSERT INTO `upms_api_visit` VALUES ('1128', '122', '20200807', '08', null, '1', '172.18.32.205', 'pcgl', '172.18.32.205:1081');
INSERT INTO `upms_api_visit` VALUES ('1129', '122', '20200807', '08', null, '1', '172.18.32.205', 'worldTree', '172.18.32.205:1081');
INSERT INTO `upms_api_visit` VALUES ('1130', '122', '20200807', '08', null, '1', '172.18.32.205', 'chat', '172.18.32.205:1081');
INSERT INTO `upms_api_visit` VALUES ('1131', '122', '20200807', '09', null, '1', '172.18.32.205', 'chat', '172.18.32.205:1081');
INSERT INTO `upms_api_visit` VALUES ('1132', '139', '20200807', '09', null, '7', '218.17.157.169', 'nc-nginx', '172.18.32.205:1081');
INSERT INTO `upms_api_visit` VALUES ('1133', '55', '20200807', '09', null, '1', '218.17.157.169', 'nc-nginx', '172.18.32.205:1081');
INSERT INTO `upms_api_visit` VALUES ('1134', '122', '20200807', '09', null, '1', '172.18.32.205', 'worldTree', '172.18.32.205:1081');
INSERT INTO `upms_api_visit` VALUES ('1135', '150', '20200807', '09', null, '2', '218.17.157.169', 'nc-nginx', '172.18.32.205:1081');
INSERT INTO `upms_api_visit` VALUES ('1136', '122', '20200807', '09', null, '1', '172.18.32.205', 'article', '172.18.32.205:1081');
INSERT INTO `upms_api_visit` VALUES ('1137', '67', '20200807', '09', null, '1', '218.17.157.169', 'nc-nginx', '172.18.32.205:1081');
INSERT INTO `upms_api_visit` VALUES ('1138', '143', '20200807', '09', null, '2', '218.17.157.169', 'nc-nginx', '172.18.32.205:1081');
INSERT INTO `upms_api_visit` VALUES ('1139', '149', '20200807', '09', null, '4', '218.17.157.169', 'nc-nginx', '172.18.32.205:1081');
INSERT INTO `upms_api_visit` VALUES ('1140', '122', '20200807', '09', null, '1', '172.18.32.205', 'pcgl', '172.18.32.205:1081');
INSERT INTO `upms_api_visit` VALUES ('1141', '56', '20200807', '09', null, '1', '218.17.157.169', 'nc-nginx', '172.18.32.205:1081');
INSERT INTO `upms_api_visit` VALUES ('1142', '60', '20200807', '09', null, '2', '218.17.157.169', 'nc-nginx', '172.18.32.205:1081');
INSERT INTO `upms_api_visit` VALUES ('1143', '81', '20200807', '10', '30', '5', '113.110.226.105', 'nc-nginx', '172.18.32.205:1081');
INSERT INTO `upms_api_visit` VALUES ('1144', '71', '20200807', '10', null, '1', '119.139.199.185', 'nc-nginx', '172.18.32.205:1081');
INSERT INTO `upms_api_visit` VALUES ('1145', '60', '20200807', '10', null, '6', '113.110.226.105', 'nc-nginx', '172.18.32.205:1081');
INSERT INTO `upms_api_visit` VALUES ('1146', '80', '20200807', '10', '30', '2', '113.110.226.105', 'nc-nginx', '172.18.32.205:1081');
INSERT INTO `upms_api_visit` VALUES ('1147', '67', '20200807', '10', null, '2', '119.139.199.185', 'nc-nginx', '172.18.32.205:1081');
INSERT INTO `upms_api_visit` VALUES ('1148', '186', '20200807', '10', null, '1', '119.139.199.185', 'nc-nginx', '172.18.32.205:1081');
INSERT INTO `upms_api_visit` VALUES ('1149', '81', '20200807', '10', '30', '7', '113.110.225.44', 'nc-nginx', '172.18.32.205:1081');
INSERT INTO `upms_api_visit` VALUES ('1150', '60', '20200807', '10', null, '5', '119.139.199.185', 'nc-nginx', '172.18.32.205:1081');
INSERT INTO `upms_api_visit` VALUES ('1151', '157', '20200807', '10', '30', '1', '113.110.225.44', 'nc-nginx', '172.18.32.205:1081');
INSERT INTO `upms_api_visit` VALUES ('1152', '178', '20200807', '10', null, '1', '113.110.226.105', 'nc-nginx', '172.18.32.205:1081');
INSERT INTO `upms_api_visit` VALUES ('1153', '60', '20200807', '10', null, '3', '218.17.157.169', 'nc-nginx', '172.18.32.205:1081');
INSERT INTO `upms_api_visit` VALUES ('1154', '71', '20200807', '10', null, '2', '113.110.226.105', 'nc-nginx', '172.18.32.205:1081');
INSERT INTO `upms_api_visit` VALUES ('1155', '80', '20200807', '10', '30', '3', '113.110.225.44', 'nc-nginx', '172.18.32.205:1081');
INSERT INTO `upms_api_visit` VALUES ('1156', '171', '20200807', '10', null, '1', '119.139.199.185', 'nc-nginx', '172.18.32.205:1081');
INSERT INTO `upms_api_visit` VALUES ('1157', '67', '20200807', '10', null, '2', '218.17.157.169', 'nc-nginx', '172.18.32.205:1081');
INSERT INTO `upms_api_visit` VALUES ('1158', '67', '20200807', '10', null, '2', '113.110.226.105', 'nc-nginx', '172.18.32.205:1081');
INSERT INTO `upms_api_visit` VALUES ('1159', '100', '20200807', '10', null, '1', '113.110.226.105', 'nc-nginx', '172.18.32.205:1081');
INSERT INTO `upms_api_visit` VALUES ('1160', '100', '20200807', '10', null, '2', '218.17.157.169', 'nc-nginx', '172.18.32.205:1081');
INSERT INTO `upms_api_visit` VALUES ('1161', '186', '20200807', '10', null, '2', '113.110.226.105', 'nc-nginx', '172.18.32.205:1081');
INSERT INTO `upms_api_visit` VALUES ('1162', '171', '20200807', '10', null, '2', '113.110.226.105', 'nc-nginx', '172.18.32.205:1081');
INSERT INTO `upms_api_visit` VALUES ('1163', '149', '20200807', '10', null, '1', '119.139.199.185', 'nc-nginx', '172.18.32.205:1081');
INSERT INTO `upms_api_visit` VALUES ('1164', '55', '20200807', '10', null, '1', '113.110.226.105', 'nc-nginx', '172.18.32.205:1081');
INSERT INTO `upms_api_visit` VALUES ('1165', '107', '20200807', '10', '30', '2', '113.110.226.105', 'nc-nginx', '172.18.32.205:1081');
INSERT INTO `upms_api_visit` VALUES ('1166', '72', '20200807', '10', null, '1', '113.110.225.44', 'nc-nginx', '172.18.32.205:1081');
INSERT INTO `upms_api_visit` VALUES ('1167', '107', '20200807', '10', '30', '1', '113.110.225.44', 'nc-nginx', '172.18.32.205:1081');
INSERT INTO `upms_api_visit` VALUES ('1168', '122', '20200807', '10', null, '1', '172.18.32.205', 'worldTree', '172.18.32.205:1081');
INSERT INTO `upms_api_visit` VALUES ('1169', '72', '20200807', '10', null, '4', '113.110.226.105', 'nc-nginx', '172.18.32.205:1081');
INSERT INTO `upms_api_visit` VALUES ('1170', '122', '20200807', '10', null, '1', '172.18.32.205', 'pcgl', '172.18.32.205:1081');
INSERT INTO `upms_api_visit` VALUES ('1171', '56', '20200807', '10', null, '2', '119.139.199.185', 'nc-nginx', '172.18.32.205:1081');
INSERT INTO `upms_api_visit` VALUES ('1172', '55', '20200807', '10', null, '2', '119.139.199.185', 'nc-nginx', '172.18.32.205:1081');
INSERT INTO `upms_api_visit` VALUES ('1173', '74', '20200807', '10', null, '1', '113.110.226.105', 'nc-nginx', '172.18.32.205:1081');
INSERT INTO `upms_api_visit` VALUES ('1174', '51', '20200807', '10', null, '3', '113.110.226.105', 'nc-nginx', '172.18.32.205:1081');
INSERT INTO `upms_api_visit` VALUES ('1175', '88', '20200807', '10', '30', '1', '113.110.226.105', 'nc-nginx', '172.18.32.205:1081');
INSERT INTO `upms_api_visit` VALUES ('1176', '101', '20200807', '10', null, '12', '113.110.226.105', 'nc-nginx', '172.18.32.205:1081');
INSERT INTO `upms_api_visit` VALUES ('1177', '157', '20200807', '10', '30', '3', '113.110.226.105', 'nc-nginx', '172.18.32.205:1081');
INSERT INTO `upms_api_visit` VALUES ('1178', '101', '20200807', '10', null, '6', '119.139.199.185', 'nc-nginx', '172.18.32.205:1081');
INSERT INTO `upms_api_visit` VALUES ('1179', '56', '20200807', '10', null, '5', '113.110.226.105', 'nc-nginx', '172.18.32.205:1081');
INSERT INTO `upms_api_visit` VALUES ('1180', '74', '20200807', '10', null, '1', '119.139.199.185', 'nc-nginx', '172.18.32.205:1081');
INSERT INTO `upms_api_visit` VALUES ('1181', '157', '20200807', '10', '30', '1', '119.139.199.185', 'nc-nginx', '172.18.32.205:1081');
INSERT INTO `upms_api_visit` VALUES ('1182', '51', '20200807', '10', null, '1', '119.139.199.185', 'nc-nginx', '172.18.32.205:1081');
INSERT INTO `upms_api_visit` VALUES ('1183', '122', '20200807', '10', null, '1', '172.18.32.205', 'article', '172.18.32.205:1081');
INSERT INTO `upms_api_visit` VALUES ('1184', '122', '20200807', '10', null, '1', '172.18.32.205', 'chat', '172.18.32.205:1081');
INSERT INTO `upms_api_visit` VALUES ('1185', '72', '20200807', '10', null, '2', '119.139.199.185', 'nc-nginx', '172.18.32.205:1081');
INSERT INTO `upms_api_visit` VALUES ('1186', '149', '20200807', '10', null, '2', '113.110.226.105', 'nc-nginx', '172.18.32.205:1081');
INSERT INTO `upms_api_visit` VALUES ('1187', '81', '20200807', '11', '30', '4', '113.110.226.105', 'nc-nginx', '172.18.32.205:1081');
INSERT INTO `upms_api_visit` VALUES ('1188', '107', '20200807', '11', '30', '3', '218.17.157.169', 'nc-nginx', '172.18.32.205:1081');
INSERT INTO `upms_api_visit` VALUES ('1189', '155', '20200807', '11', '30', '1', '218.17.157.169', 'nc-nginx', '172.18.32.205:1081');
INSERT INTO `upms_api_visit` VALUES ('1190', '110', '20200807', '11', '30', '1', '218.17.157.169', 'nc-nginx', '172.18.32.205:1081');
INSERT INTO `upms_api_visit` VALUES ('1191', '157', '20200807', '11', '30', '4', '113.110.226.105', 'nc-nginx', '172.18.32.205:1081');
INSERT INTO `upms_api_visit` VALUES ('1192', '115', '20200807', '11', '30', '1', '218.17.157.169', 'nc-nginx', '172.18.32.205:1081');
INSERT INTO `upms_api_visit` VALUES ('1193', '122', '20200807', '11', null, '1', '172.18.32.205', 'chat', '172.18.32.205:1081');
INSERT INTO `upms_api_visit` VALUES ('1194', '81', '20200807', '11', '30', '7', '218.17.157.169', 'nc-nginx', '172.18.32.205:1081');
INSERT INTO `upms_api_visit` VALUES ('1195', '80', '20200807', '11', '30', '3', '218.17.157.169', 'nc-nginx', '172.18.32.205:1081');
INSERT INTO `upms_api_visit` VALUES ('1196', '72', '20200807', '11', null, '1', '218.17.157.169', 'nc-nginx', '172.18.32.205:1081');
INSERT INTO `upms_api_visit` VALUES ('1197', '122', '20200807', '11', null, '1', '172.18.32.205', 'pcgl', '172.18.32.205:1081');
INSERT INTO `upms_api_visit` VALUES ('1198', '122', '20200807', '11', null, '1', '172.18.32.205', 'worldTree', '172.18.32.205:1081');
INSERT INTO `upms_api_visit` VALUES ('1199', '108', '20200807', '11', '30', '1', '218.17.157.169', 'nc-nginx', '172.18.32.205:1081');
INSERT INTO `upms_api_visit` VALUES ('1200', '122', '20200807', '11', null, '1', '172.18.32.205', 'article', '172.18.32.205:1081');
INSERT INTO `upms_api_visit` VALUES ('1201', '116', '20200807', '11', '30', '3', '218.17.157.169', 'nc-nginx', '172.18.32.205:1081');
INSERT INTO `upms_api_visit` VALUES ('1202', '88', '20200807', '11', '30', '2', '218.17.157.169', 'nc-nginx', '172.18.32.205:1081');
INSERT INTO `upms_api_visit` VALUES ('1203', '80', '20200807', '11', '30', '2', '113.110.226.105', 'nc-nginx', '172.18.32.205:1081');
INSERT INTO `upms_api_visit` VALUES ('1204', '72', '20200807', '11', null, '4', '113.110.226.105', 'nc-nginx', '172.18.32.205:1081');
INSERT INTO `upms_api_visit` VALUES ('1205', '74', '20200807', '11', null, '1', '218.17.157.169', 'nc-nginx', '172.18.32.205:1081');
INSERT INTO `upms_api_visit` VALUES ('1206', '122', '20200807', '12', null, '1', '172.18.32.205', 'worldTree', '172.18.32.205:1081');
INSERT INTO `upms_api_visit` VALUES ('1207', '122', '20200807', '12', null, '1', '172.18.32.205', 'pcgl', '172.18.32.205:1081');
INSERT INTO `upms_api_visit` VALUES ('1208', '122', '20200807', '12', null, '1', '172.18.32.205', 'article', '172.18.32.205:1081');
INSERT INTO `upms_api_visit` VALUES ('1209', '122', '20200807', '12', null, '1', '172.18.32.205', 'chat', '172.18.32.205:1081');
INSERT INTO `upms_api_visit` VALUES ('1210', '116', '20200807', '13', '30', '1', '218.17.157.169', 'nc-nginx', '172.18.32.205:1081');
INSERT INTO `upms_api_visit` VALUES ('1211', '202', '20200807', '13', null, '2', '172.18.32.205', 'chat', '172.18.32.205:1081');
INSERT INTO `upms_api_visit` VALUES ('1212', '122', '20200807', '13', null, '1', '172.18.32.205', 'article', '172.18.32.205:1081');
INSERT INTO `upms_api_visit` VALUES ('1213', '110', '20200807', '13', '30', '2', '218.17.157.169', 'nc-nginx', '172.18.32.205:1081');
INSERT INTO `upms_api_visit` VALUES ('1214', '71', '20200807', '13', null, '2', '121.30.232.162', 'nc-nginx', '172.18.32.205:1081');
INSERT INTO `upms_api_visit` VALUES ('1215', '88', '20200807', '13', '30', '2', '218.17.157.169', 'nc-nginx', '172.18.32.205:1081');
INSERT INTO `upms_api_visit` VALUES ('1216', '107', '20200807', '13', '30', '3', '218.17.157.169', 'nc-nginx', '172.18.32.205:1081');
INSERT INTO `upms_api_visit` VALUES ('1217', '108', '20200807', '13', '30', '2', '218.17.157.169', 'nc-nginx', '172.18.32.205:1081');
INSERT INTO `upms_api_visit` VALUES ('1218', '122', '20200807', '13', null, '1', '172.18.32.205', 'chat', '172.18.32.205:1081');
INSERT INTO `upms_api_visit` VALUES ('1219', '73', '20200807', '13', null, '1', '218.17.157.169', 'nc-nginx', '172.18.32.205:1081');
INSERT INTO `upms_api_visit` VALUES ('1220', '72', '20200807', '13', null, '2', '172.18.32.205', 'chat', '172.18.32.205:1081');
INSERT INTO `upms_api_visit` VALUES ('1221', '60', '20200807', '13', null, '5', '121.30.232.162', 'nc-nginx', '172.18.32.205:1081');
INSERT INTO `upms_api_visit` VALUES ('1222', '72', '20200807', '13', null, '1', '218.17.157.169', 'nc-nginx', '172.18.32.205:1081');
INSERT INTO `upms_api_visit` VALUES ('1223', '121', '20200807', '13', '30', '2', '218.17.157.169', 'nc-nginx', '172.18.32.205:1081');
INSERT INTO `upms_api_visit` VALUES ('1224', '80', '20200807', '13', '30', '4', '218.17.157.169', 'nc-nginx', '172.18.32.205:1081');
INSERT INTO `upms_api_visit` VALUES ('1225', '81', '20200807', '13', '30', '8', '121.30.232.162', 'nc-nginx', '172.18.32.205:1081');
INSERT INTO `upms_api_visit` VALUES ('1226', '55', '20200807', '13', null, '4', '121.30.232.162', 'nc-nginx', '172.18.32.205:1081');
INSERT INTO `upms_api_visit` VALUES ('1227', '100', '20200807', '13', null, '1', '121.30.232.162', 'nc-nginx', '172.18.32.205:1081');
INSERT INTO `upms_api_visit` VALUES ('1228', '119', '20200807', '13', '30', '6', '218.17.157.169', 'nc-nginx', '172.18.32.205:1081');
INSERT INTO `upms_api_visit` VALUES ('1229', '74', '20200807', '13', null, '1', '218.17.157.169', 'nc-nginx', '172.18.32.205:1081');
INSERT INTO `upms_api_visit` VALUES ('1230', '171', '20200807', '13', null, '1', '121.30.232.162', 'nc-nginx', '172.18.32.205:1081');
INSERT INTO `upms_api_visit` VALUES ('1231', '122', '20200807', '13', null, '1', '172.18.32.205', 'pcgl', '172.18.32.205:1081');
INSERT INTO `upms_api_visit` VALUES ('1232', '67', '20200807', '13', null, '3', '121.30.232.162', 'nc-nginx', '172.18.32.205:1081');
INSERT INTO `upms_api_visit` VALUES ('1233', '88', '20200807', '13', '30', '2', '121.30.232.162', 'nc-nginx', '172.18.32.205:1081');
INSERT INTO `upms_api_visit` VALUES ('1234', '149', '20200807', '13', null, '1', '121.30.232.162', 'nc-nginx', '172.18.32.205:1081');
INSERT INTO `upms_api_visit` VALUES ('1235', '81', '20200807', '13', '30', '5', '218.17.157.169', 'nc-nginx', '172.18.32.205:1081');
INSERT INTO `upms_api_visit` VALUES ('1236', '74', '20200807', '13', null, '1', '121.30.232.162', 'nc-nginx', '172.18.32.205:1081');
INSERT INTO `upms_api_visit` VALUES ('1237', '72', '20200807', '13', null, '1', '121.30.232.162', 'nc-nginx', '172.18.32.205:1081');
INSERT INTO `upms_api_visit` VALUES ('1238', '107', '20200807', '13', '30', '4', '121.30.232.162', 'nc-nginx', '172.18.32.205:1081');
INSERT INTO `upms_api_visit` VALUES ('1239', '80', '20200807', '13', '30', '2', '121.30.232.162', 'nc-nginx', '172.18.32.205:1081');
INSERT INTO `upms_api_visit` VALUES ('1240', '122', '20200807', '13', null, '1', '172.18.32.205', 'worldTree', '172.18.32.205:1081');
INSERT INTO `upms_api_visit` VALUES ('1241', '72', '20200807', '14', null, '2', '119.139.197.174', 'nc-nginx', '172.18.32.205:1081');
INSERT INTO `upms_api_visit` VALUES ('1242', '67', '20200807', '14', null, '4', '121.30.232.162', 'nc-nginx', '172.18.32.205:1081');
INSERT INTO `upms_api_visit` VALUES ('1243', '101', '20200807', '14', null, '6', '119.139.197.174', 'nc-nginx', '172.18.32.205:1081');
INSERT INTO `upms_api_visit` VALUES ('1244', '60', '20200807', '14', null, '11', '119.139.197.174', 'nc-nginx', '172.18.32.205:1081');
INSERT INTO `upms_api_visit` VALUES ('1245', '149', '20200807', '14', null, '2', '119.139.197.174', 'nc-nginx', '172.18.32.205:1081');
INSERT INTO `upms_api_visit` VALUES ('1246', '107', '20200807', '14', '30', '7', '119.139.197.174', 'nc-nginx', '172.18.32.205:1081');
INSERT INTO `upms_api_visit` VALUES ('1247', '81', '20200807', '14', '30', '1', '218.17.157.169', 'nc-nginx', '172.18.32.205:1081');
INSERT INTO `upms_api_visit` VALUES ('1248', '115', '20200807', '14', '30', '2', '119.139.197.174', 'nc-nginx', '172.18.32.205:1081');
INSERT INTO `upms_api_visit` VALUES ('1249', '80', '20200807', '14', '30', '3', '119.139.197.174', 'nc-nginx', '172.18.32.205:1081');
INSERT INTO `upms_api_visit` VALUES ('1250', '186', '20200807', '14', null, '1', '121.30.232.162', 'nc-nginx', '172.18.32.205:1081');
INSERT INTO `upms_api_visit` VALUES ('1251', '122', '20200807', '14', null, '1', '172.18.32.205', 'article', '172.18.32.205:1081');
INSERT INTO `upms_api_visit` VALUES ('1252', '51', '20200807', '14', null, '5', '121.30.232.162', 'nc-nginx', '172.18.32.205:1081');
INSERT INTO `upms_api_visit` VALUES ('1253', '71', '20200807', '14', null, '2', '119.139.197.174', 'nc-nginx', '172.18.32.205:1081');
INSERT INTO `upms_api_visit` VALUES ('1254', '74', '20200807', '14', null, '1', '121.30.232.162', 'nc-nginx', '172.18.32.205:1081');
INSERT INTO `upms_api_visit` VALUES ('1255', '81', '20200807', '14', '30', '10', '119.139.197.174', 'nc-nginx', '172.18.32.205:1081');
INSERT INTO `upms_api_visit` VALUES ('1256', '72', '20200807', '14', null, '3', '172.18.32.205', 'chat', '172.18.32.205:1081');
INSERT INTO `upms_api_visit` VALUES ('1257', '100', '20200807', '14', null, '1', '119.139.197.174', 'nc-nginx', '172.18.32.205:1081');
INSERT INTO `upms_api_visit` VALUES ('1258', '72', '20200807', '14', null, '1', '121.30.232.162', 'nc-nginx', '172.18.32.205:1081');
INSERT INTO `upms_api_visit` VALUES ('1259', '107', '20200807', '14', '30', '1', '121.30.232.162', 'nc-nginx', '172.18.32.205:1081');
INSERT INTO `upms_api_visit` VALUES ('1260', '51', '20200807', '14', null, '3', '119.139.197.174', 'nc-nginx', '172.18.32.205:1081');
INSERT INTO `upms_api_visit` VALUES ('1261', '67', '20200807', '14', null, '5', '119.139.197.174', 'nc-nginx', '172.18.32.205:1081');
INSERT INTO `upms_api_visit` VALUES ('1262', '122', '20200807', '14', null, '1', '172.18.32.205', 'pcgl', '172.18.32.205:1081');
INSERT INTO `upms_api_visit` VALUES ('1263', '60', '20200807', '14', null, '3', '121.30.232.162', 'nc-nginx', '172.18.32.205:1081');
INSERT INTO `upms_api_visit` VALUES ('1264', '155', '20200807', '14', '30', '2', '119.139.197.174', 'nc-nginx', '172.18.32.205:1081');
INSERT INTO `upms_api_visit` VALUES ('1265', '56', '20200807', '14', null, '3', '119.139.197.174', 'nc-nginx', '172.18.32.205:1081');
INSERT INTO `upms_api_visit` VALUES ('1266', '81', '20200807', '14', '30', '1', '121.30.232.162', 'nc-nginx', '172.18.32.205:1081');
INSERT INTO `upms_api_visit` VALUES ('1267', '88', '20200807', '14', '30', '4', '119.139.197.174', 'nc-nginx', '172.18.32.205:1081');
INSERT INTO `upms_api_visit` VALUES ('1268', '171', '20200807', '14', null, '2', '119.139.197.174', 'nc-nginx', '172.18.32.205:1081');
INSERT INTO `upms_api_visit` VALUES ('1269', '122', '20200807', '14', null, '1', '172.18.32.205', 'worldTree', '172.18.32.205:1081');
INSERT INTO `upms_api_visit` VALUES ('1270', '186', '20200807', '14', null, '2', '119.139.197.174', 'nc-nginx', '172.18.32.205:1081');
INSERT INTO `upms_api_visit` VALUES ('1271', '71', '20200807', '14', null, '4', '121.30.232.162', 'nc-nginx', '172.18.32.205:1081');
INSERT INTO `upms_api_visit` VALUES ('1272', '202', '20200807', '14', null, '3', '172.18.32.205', 'chat', '172.18.32.205:1081');
INSERT INTO `upms_api_visit` VALUES ('1273', '116', '20200807', '14', '30', '1', '119.139.197.174', 'nc-nginx', '172.18.32.205:1081');
INSERT INTO `upms_api_visit` VALUES ('1274', '74', '20200807', '14', null, '2', '119.139.197.174', 'nc-nginx', '172.18.32.205:1081');
INSERT INTO `upms_api_visit` VALUES ('1275', '55', '20200807', '14', null, '2', '119.139.197.174', 'nc-nginx', '172.18.32.205:1081');
INSERT INTO `upms_api_visit` VALUES ('1276', '122', '20200807', '14', null, '1', '172.18.32.205', 'chat', '172.18.32.205:1081');
INSERT INTO `upms_api_visit` VALUES ('1277', '74', '20200807', '15', null, '1', '119.139.197.174', 'nc-nginx', '172.18.32.205:1081');
INSERT INTO `upms_api_visit` VALUES ('1278', '116', '20200807', '15', '30', '25', '119.139.197.174', 'nc-nginx', '172.18.32.205:1081');
INSERT INTO `upms_api_visit` VALUES ('1279', '80', '20200807', '15', '30', '1', '113.110.226.105', 'nc-nginx', '172.18.32.205:1081');
INSERT INTO `upms_api_visit` VALUES ('1280', '149', '20200807', '15', null, '1', '119.139.197.174', 'nc-nginx', '172.18.32.205:1081');
INSERT INTO `upms_api_visit` VALUES ('1281', '179', '20200807', '15', null, '1', '180.141.241.37', 'nc-nginx', '172.18.32.205:1081');
INSERT INTO `upms_api_visit` VALUES ('1282', '107', '20200807', '15', '30', '6', '119.139.197.174', 'nc-nginx', '172.18.32.205:1081');
INSERT INTO `upms_api_visit` VALUES ('1283', '71', '20200807', '15', null, '7', '113.110.225.44', 'nc-nginx', '172.18.32.205:1081');
INSERT INTO `upms_api_visit` VALUES ('1284', '55', '20200807', '15', null, '5', '180.141.241.37', 'nc-nginx', '172.18.32.205:1081');
INSERT INTO `upms_api_visit` VALUES ('1285', '88', '20200807', '15', '30', '5', '119.139.197.174', 'nc-nginx', '172.18.32.205:1081');
INSERT INTO `upms_api_visit` VALUES ('1286', '157', '20200807', '15', '30', '2', '113.110.225.44', 'nc-nginx', '172.18.32.205:1081');
INSERT INTO `upms_api_visit` VALUES ('1287', '122', '20200807', '15', null, '1', '172.18.32.205', 'worldTree', '172.18.32.205:1081');
INSERT INTO `upms_api_visit` VALUES ('1288', '71', '20200807', '15', null, '16', '180.141.241.37', 'nc-nginx', '172.18.32.205:1081');
INSERT INTO `upms_api_visit` VALUES ('1289', '72', '20200807', '15', null, '3', '113.110.225.44', 'nc-nginx', '172.18.32.205:1081');
INSERT INTO `upms_api_visit` VALUES ('1290', '81', '20200807', '15', '30', '21', '119.139.197.174', 'nc-nginx', '172.18.32.205:1081');
INSERT INTO `upms_api_visit` VALUES ('1291', '119', '20200807', '15', '30', '1', '113.110.225.44', 'nc-nginx', '172.18.32.205:1081');
INSERT INTO `upms_api_visit` VALUES ('1292', '122', '20200807', '15', null, '1', '172.18.32.205', 'article', '172.18.32.205:1081');
INSERT INTO `upms_api_visit` VALUES ('1293', '149', '20200807', '15', null, '1', '113.110.226.105', 'nc-nginx', '172.18.32.205:1081');
INSERT INTO `upms_api_visit` VALUES ('1294', '107', '20200807', '15', '30', '2', '113.110.226.105', 'nc-nginx', '172.18.32.205:1081');
INSERT INTO `upms_api_visit` VALUES ('1295', '72', '20200807', '15', null, '4', '172.18.32.205', 'chat', '172.18.32.205:1081');
INSERT INTO `upms_api_visit` VALUES ('1296', '169', '20200807', '15', null, '4', '180.141.241.37', 'nc-nginx', '172.18.32.205:1081');
INSERT INTO `upms_api_visit` VALUES ('1297', '70', '20200807', '15', null, '1', '180.141.241.37', 'nc-nginx', '172.18.32.205:1081');
INSERT INTO `upms_api_visit` VALUES ('1298', '71', '20200807', '15', null, '4', '113.110.226.105', 'nc-nginx', '172.18.32.205:1081');
INSERT INTO `upms_api_visit` VALUES ('1299', '115', '20200807', '15', '30', '2', '113.110.225.44', 'nc-nginx', '172.18.32.205:1081');
INSERT INTO `upms_api_visit` VALUES ('1300', '182', '20200807', '15', null, '1', '113.110.225.44', 'nc-nginx', '172.18.32.205:1081');
INSERT INTO `upms_api_visit` VALUES ('1301', '60', '20200807', '15', null, '7', '113.110.225.44', 'nc-nginx', '172.18.32.205:1081');
INSERT INTO `upms_api_visit` VALUES ('1302', '108', '20200807', '15', '30', '7', '119.139.197.174', 'nc-nginx', '172.18.32.205:1081');
INSERT INTO `upms_api_visit` VALUES ('1303', '149', '20200807', '15', null, '15', '180.141.241.37', 'nc-nginx', '172.18.32.205:1081');
INSERT INTO `upms_api_visit` VALUES ('1304', '81', '20200807', '15', '30', '3', '113.110.226.105', 'nc-nginx', '172.18.32.205:1081');
INSERT INTO `upms_api_visit` VALUES ('1305', '83', '20200807', '15', '30', '7', '119.139.197.174', 'nc-nginx', '172.18.32.205:1081');
INSERT INTO `upms_api_visit` VALUES ('1306', '46', '20200807', '15', null, '3', '180.141.241.37', 'nc-nginx', '172.18.32.205:1081');
INSERT INTO `upms_api_visit` VALUES ('1307', '108', '20200807', '15', '30', '2', '113.110.225.44', 'nc-nginx', '172.18.32.205:1081');
INSERT INTO `upms_api_visit` VALUES ('1308', '51', '20200807', '15', null, '3', '119.139.197.174', 'nc-nginx', '172.18.32.205:1081');
INSERT INTO `upms_api_visit` VALUES ('1309', '155', '20200807', '15', '30', '2', '119.139.197.174', 'nc-nginx', '172.18.32.205:1081');
INSERT INTO `upms_api_visit` VALUES ('1310', '83', '20200807', '15', '30', '1', '113.110.225.44', 'nc-nginx', '172.18.32.205:1081');
INSERT INTO `upms_api_visit` VALUES ('1311', '155', '20200807', '15', '30', '3', '113.110.225.44', 'nc-nginx', '172.18.32.205:1081');
INSERT INTO `upms_api_visit` VALUES ('1312', '182', '20200807', '15', null, '1', '119.139.197.174', 'nc-nginx', '172.18.32.205:1081');
INSERT INTO `upms_api_visit` VALUES ('1313', '72', '20200807', '15', null, '1', '180.141.241.37', 'nc-nginx', '172.18.32.205:1081');
INSERT INTO `upms_api_visit` VALUES ('1314', '80', '20200807', '15', '30', '2', '180.141.241.37', 'nc-nginx', '172.18.32.205:1081');
INSERT INTO `upms_api_visit` VALUES ('1315', '54', '20200807', '15', null, '2', '180.141.241.37', 'nc-nginx', '172.18.32.205:1081');
INSERT INTO `upms_api_visit` VALUES ('1316', '171', '20200807', '15', null, '10', '180.141.241.37', 'nc-nginx', '172.18.32.205:1081');
INSERT INTO `upms_api_visit` VALUES ('1317', '107', '20200807', '15', '30', '8', '113.110.225.44', 'nc-nginx', '172.18.32.205:1081');
INSERT INTO `upms_api_visit` VALUES ('1318', '177', '20200807', '15', null, '3', '113.110.225.44', 'nc-nginx', '172.18.32.205:1081');
INSERT INTO `upms_api_visit` VALUES ('1319', '122', '20200807', '15', null, '1', '172.18.32.205', 'chat', '172.18.32.205:1081');
INSERT INTO `upms_api_visit` VALUES ('1320', '186', '20200807', '15', null, '1', '119.139.197.174', 'nc-nginx', '172.18.32.205:1081');
INSERT INTO `upms_api_visit` VALUES ('1321', '101', '20200807', '15', null, '6', '113.110.225.44', 'nc-nginx', '172.18.32.205:1081');
INSERT INTO `upms_api_visit` VALUES ('1322', '56', '20200807', '15', null, '3', '119.139.197.174', 'nc-nginx', '172.18.32.205:1081');
INSERT INTO `upms_api_visit` VALUES ('1323', '51', '20200807', '15', null, '3', '113.110.225.44', 'nc-nginx', '172.18.32.205:1081');
INSERT INTO `upms_api_visit` VALUES ('1324', '74', '20200807', '15', null, '1', '113.110.225.44', 'nc-nginx', '172.18.32.205:1081');
INSERT INTO `upms_api_visit` VALUES ('1325', '139', '20200807', '15', null, '1', '180.141.241.37', 'nc-nginx', '172.18.32.205:1081');
INSERT INTO `upms_api_visit` VALUES ('1326', '158', '20200807', '15', '30', '1', '113.110.225.44', 'nc-nginx', '172.18.32.205:1081');
INSERT INTO `upms_api_visit` VALUES ('1327', '67', '20200807', '15', null, '3', '113.110.225.44', 'nc-nginx', '172.18.32.205:1081');
INSERT INTO `upms_api_visit` VALUES ('1328', '122', '20200807', '15', null, '1', '172.18.32.205', 'pcgl', '172.18.32.205:1081');
INSERT INTO `upms_api_visit` VALUES ('1329', '186', '20200807', '15', null, '5', '113.110.225.44', 'nc-nginx', '172.18.32.205:1081');
INSERT INTO `upms_api_visit` VALUES ('1330', '177', '20200807', '15', null, '2', '119.139.197.174', 'nc-nginx', '172.18.32.205:1081');
INSERT INTO `upms_api_visit` VALUES ('1331', '197', '20200807', '15', '30', '1', '113.110.225.44', 'nc-nginx', '172.18.32.205:1081');
INSERT INTO `upms_api_visit` VALUES ('1332', '67', '20200807', '15', null, '2', '119.139.197.174', 'nc-nginx', '172.18.32.205:1081');
INSERT INTO `upms_api_visit` VALUES ('1333', '119', '20200807', '15', '30', '3', '119.139.197.174', 'nc-nginx', '172.18.32.205:1081');
INSERT INTO `upms_api_visit` VALUES ('1334', '56', '20200807', '15', null, '3', '113.110.225.44', 'nc-nginx', '172.18.32.205:1081');
INSERT INTO `upms_api_visit` VALUES ('1335', '60', '20200807', '15', null, '4', '113.110.226.105', 'nc-nginx', '172.18.32.205:1081');
INSERT INTO `upms_api_visit` VALUES ('1336', '177', '20200807', '15', null, '4', '180.141.241.37', 'nc-nginx', '172.18.32.205:1081');
INSERT INTO `upms_api_visit` VALUES ('1337', '171', '20200807', '15', null, '1', '113.110.226.105', 'nc-nginx', '172.18.32.205:1081');
INSERT INTO `upms_api_visit` VALUES ('1338', '182', '20200807', '15', null, '2', '180.141.241.37', 'nc-nginx', '172.18.32.205:1081');
INSERT INTO `upms_api_visit` VALUES ('1339', '185', '20200807', '15', null, '1', '180.141.241.37', 'nc-nginx', '172.18.32.205:1081');
INSERT INTO `upms_api_visit` VALUES ('1340', '72', '20200807', '15', null, '1', '119.139.197.174', 'nc-nginx', '172.18.32.205:1081');
INSERT INTO `upms_api_visit` VALUES ('1341', '88', '20200807', '15', '30', '8', '113.110.225.44', 'nc-nginx', '172.18.32.205:1081');
INSERT INTO `upms_api_visit` VALUES ('1342', '101', '20200807', '15', null, '6', '119.139.197.174', 'nc-nginx', '172.18.32.205:1081');
INSERT INTO `upms_api_visit` VALUES ('1343', '149', '20200807', '15', null, '1', '113.110.225.44', 'nc-nginx', '172.18.32.205:1081');
INSERT INTO `upms_api_visit` VALUES ('1344', '51', '20200807', '15', null, '12', '180.141.241.37', 'nc-nginx', '172.18.32.205:1081');
INSERT INTO `upms_api_visit` VALUES ('1345', '60', '20200807', '15', null, '5', '119.139.197.174', 'nc-nginx', '172.18.32.205:1081');
INSERT INTO `upms_api_visit` VALUES ('1346', '78', '20200807', '15', '30', '2', '119.139.197.174', 'nc-nginx', '172.18.32.205:1081');
INSERT INTO `upms_api_visit` VALUES ('1347', '61', '20200807', '15', null, '1', '180.141.241.37', 'nc-nginx', '172.18.32.205:1081');
INSERT INTO `upms_api_visit` VALUES ('1348', '60', '20200807', '15', null, '19', '180.141.241.37', 'nc-nginx', '172.18.32.205:1081');
INSERT INTO `upms_api_visit` VALUES ('1349', '69', '20200807', '15', null, '4', '180.141.241.37', 'nc-nginx', '172.18.32.205:1081');
INSERT INTO `upms_api_visit` VALUES ('1350', '183', '20200807', '15', null, '1', '113.110.225.44', 'nc-nginx', '172.18.32.205:1081');
INSERT INTO `upms_api_visit` VALUES ('1351', '81', '20200807', '15', '30', '5', '180.141.241.37', 'nc-nginx', '172.18.32.205:1081');
INSERT INTO `upms_api_visit` VALUES ('1352', '190', '20200807', '15', null, '2', '172.18.32.205', 'chat', '172.18.32.205:1081');
INSERT INTO `upms_api_visit` VALUES ('1353', '115', '20200807', '15', '30', '23', '119.139.197.174', 'nc-nginx', '172.18.32.205:1081');
INSERT INTO `upms_api_visit` VALUES ('1354', '72', '20200807', '15', null, '1', '113.110.226.105', 'nc-nginx', '172.18.32.205:1081');
INSERT INTO `upms_api_visit` VALUES ('1355', '77', '20200807', '15', '30', '2', '113.110.225.44', 'nc-nginx', '172.18.32.205:1081');
INSERT INTO `upms_api_visit` VALUES ('1356', '81', '20200807', '15', '30', '19', '113.110.225.44', 'nc-nginx', '172.18.32.205:1081');
INSERT INTO `upms_api_visit` VALUES ('1357', '171', '20200807', '15', null, '1', '113.110.225.44', 'nc-nginx', '172.18.32.205:1081');
INSERT INTO `upms_api_visit` VALUES ('1358', '80', '20200807', '15', '30', '11', '113.110.225.44', 'nc-nginx', '172.18.32.205:1081');
INSERT INTO `upms_api_visit` VALUES ('1359', '186', '20200807', '15', null, '1', '113.110.226.105', 'nc-nginx', '172.18.32.205:1081');
INSERT INTO `upms_api_visit` VALUES ('1360', '55', '20200807', '15', null, '1', '119.139.197.174', 'nc-nginx', '172.18.32.205:1081');
INSERT INTO `upms_api_visit` VALUES ('1361', '107', '20200807', '15', '30', '3', '180.141.241.37', 'nc-nginx', '172.18.32.205:1081');
INSERT INTO `upms_api_visit` VALUES ('1362', '110', '20200807', '15', '30', '2', '113.110.225.44', 'nc-nginx', '172.18.32.205:1081');
INSERT INTO `upms_api_visit` VALUES ('1363', '88', '20200807', '15', '30', '2', '180.141.241.37', 'nc-nginx', '172.18.32.205:1081');
INSERT INTO `upms_api_visit` VALUES ('1364', '67', '20200807', '15', null, '1', '113.110.226.105', 'nc-nginx', '172.18.32.205:1081');
INSERT INTO `upms_api_visit` VALUES ('1365', '101', '20200807', '15', null, '12', '180.141.241.37', 'nc-nginx', '172.18.32.205:1081');
INSERT INTO `upms_api_visit` VALUES ('1366', '71', '20200807', '15', null, '1', '119.139.197.174', 'nc-nginx', '172.18.32.205:1081');
INSERT INTO `upms_api_visit` VALUES ('1367', '80', '20200807', '15', '30', '7', '119.139.197.174', 'nc-nginx', '172.18.32.205:1081');
INSERT INTO `upms_api_visit` VALUES ('1368', '110', '20200807', '15', '30', '12', '119.139.197.174', 'nc-nginx', '172.18.32.205:1081');
INSERT INTO `upms_api_visit` VALUES ('1369', '74', '20200807', '15', null, '1', '180.141.241.37', 'nc-nginx', '172.18.32.205:1081');
INSERT INTO `upms_api_visit` VALUES ('1370', '74', '20200807', '15', null, '1', '113.110.226.105', 'nc-nginx', '172.18.32.205:1081');
INSERT INTO `upms_api_visit` VALUES ('1371', '55', '20200807', '15', null, '3', '113.110.225.44', 'nc-nginx', '172.18.32.205:1081');
INSERT INTO `upms_api_visit` VALUES ('1372', '139', '20200807', '15', null, '1', '119.139.197.174', 'nc-nginx', '172.18.32.205:1081');
INSERT INTO `upms_api_visit` VALUES ('1373', '184', '20200807', '15', null, '1', '113.110.225.44', 'nc-nginx', '172.18.32.205:1081');
INSERT INTO `upms_api_visit` VALUES ('1374', '186', '20200807', '15', null, '10', '180.141.241.37', 'nc-nginx', '172.18.32.205:1081');
INSERT INTO `upms_api_visit` VALUES ('1375', '56', '20200807', '15', null, '11', '180.141.241.37', 'nc-nginx', '172.18.32.205:1081');
INSERT INTO `upms_api_visit` VALUES ('1376', '88', '20200807', '15', '30', '1', '113.110.226.105', 'nc-nginx', '172.18.32.205:1081');
INSERT INTO `upms_api_visit` VALUES ('1377', '51', '20200807', '15', null, '2', '113.110.226.105', 'nc-nginx', '172.18.32.205:1081');
INSERT INTO `upms_api_visit` VALUES ('1378', '67', '20200807', '15', null, '5', '180.141.241.37', 'nc-nginx', '172.18.32.205:1081');
INSERT INTO `upms_api_visit` VALUES ('1379', '167', '20200807', '15', '30', '2', '113.110.225.44', 'nc-nginx', '172.18.32.205:1081');
INSERT INTO `upms_api_visit` VALUES ('1380', '171', '20200807', '15', null, '1', '119.139.197.174', 'nc-nginx', '172.18.32.205:1081');
INSERT INTO `upms_api_visit` VALUES ('1381', '202', '20200807', '15', null, '6', '172.18.32.205', 'chat', '172.18.32.205:1081');
INSERT INTO `upms_api_visit` VALUES ('1382', '116', '20200807', '15', '30', '2', '113.110.225.44', 'nc-nginx', '172.18.32.205:1081');
INSERT INTO `upms_api_visit` VALUES ('1383', '178', '20200807', '15', null, '3', '180.141.241.37', 'nc-nginx', '172.18.32.205:1081');
INSERT INTO `upms_api_visit` VALUES ('1384', '80', '20200807', '16', '30', '1', '119.139.197.174', 'nc-nginx', '172.18.32.205:1081');
INSERT INTO `upms_api_visit` VALUES ('1385', '88', '20200807', '16', '30', '1', '119.139.197.174', 'nc-nginx', '172.18.32.205:1081');
INSERT INTO `upms_api_visit` VALUES ('1386', '122', '20200807', '16', null, '1', '172.18.32.205', 'worldTree', '172.18.32.205:1081');
INSERT INTO `upms_api_visit` VALUES ('1387', '81', '20200807', '16', '30', '9', '119.139.197.174', 'nc-nginx', '172.18.32.205:1081');
INSERT INTO `upms_api_visit` VALUES ('1388', '122', '20200807', '16', null, '1', '172.18.32.205', 'chat', '172.18.32.205:1081');
INSERT INTO `upms_api_visit` VALUES ('1389', '122', '20200807', '16', null, '1', '172.18.32.205', 'article', '172.18.32.205:1081');
INSERT INTO `upms_api_visit` VALUES ('1390', '82', '20200807', '16', '30', '6', '119.139.197.174', 'nc-nginx', '172.18.32.205:1081');
INSERT INTO `upms_api_visit` VALUES ('1391', '122', '20200807', '16', null, '1', '172.18.32.205', 'pcgl', '172.18.32.205:1081');
INSERT INTO `upms_api_visit` VALUES ('1392', '107', '20200807', '16', '30', '1', '119.139.197.174', 'nc-nginx', '172.18.32.205:1081');
INSERT INTO `upms_api_visit` VALUES ('1393', '122', '20200807', '17', null, '1', '172.18.32.205', 'worldTree', '172.18.32.205:1081');
INSERT INTO `upms_api_visit` VALUES ('1394', '72', '20200807', '17', null, '70', '172.18.32.205', 'pcgl', '172.18.32.205:1081');
INSERT INTO `upms_api_visit` VALUES ('1395', '74', '20200807', '17', null, '1', '119.139.197.174', 'nc-nginx', '172.18.32.205:1081');
INSERT INTO `upms_api_visit` VALUES ('1396', '72', '20200807', '17', null, '3', '119.139.197.174', 'nc-nginx', '172.18.32.205:1081');
INSERT INTO `upms_api_visit` VALUES ('1397', '81', '20200807', '17', '30', '1', '119.139.197.174', 'nc-nginx', '172.18.32.205:1081');
INSERT INTO `upms_api_visit` VALUES ('1398', '122', '20200807', '17', null, '1', '172.18.32.205', 'chat', '172.18.32.205:1081');
INSERT INTO `upms_api_visit` VALUES ('1399', '122', '20200807', '17', null, '1', '172.18.32.205', 'pcgl', '172.18.32.205:1081');
INSERT INTO `upms_api_visit` VALUES ('1400', '122', '20200807', '17', null, '1', '172.18.32.205', 'article', '172.18.32.205:1081');
INSERT INTO `upms_api_visit` VALUES ('1401', '73', '20200807', '17', null, '70', '119.139.197.174', 'nc-nginx', '172.18.32.205:1081');
INSERT INTO `upms_api_visit` VALUES ('1402', '157', '20200807', '17', '30', '2', '119.139.197.174', 'nc-nginx', '172.18.32.205:1081');
INSERT INTO `upms_api_visit` VALUES ('1403', '122', '20200807', '18', null, '1', '172.18.32.205', 'pcgl', '172.18.32.205:1081');
INSERT INTO `upms_api_visit` VALUES ('1404', '122', '20200807', '18', null, '1', '172.18.32.205', 'article', '172.18.32.205:1081');
INSERT INTO `upms_api_visit` VALUES ('1405', '55', '20200807', '18', null, '4', '171.212.102.22', 'nc-nginx', '172.18.32.205:1081');
INSERT INTO `upms_api_visit` VALUES ('1406', '72', '20200807', '18', null, '1', '171.212.102.22', 'nc-nginx', '172.18.32.205:1081');
INSERT INTO `upms_api_visit` VALUES ('1407', '107', '20200807', '18', '30', '4', '171.212.102.22', 'nc-nginx', '172.18.32.205:1081');
INSERT INTO `upms_api_visit` VALUES ('1408', '101', '20200807', '18', null, '6', '171.212.102.22', 'nc-nginx', '172.18.32.205:1081');
INSERT INTO `upms_api_visit` VALUES ('1409', '72', '20200807', '18', null, '2', '172.18.32.205', 'worldTree', '172.18.32.205:1081');
INSERT INTO `upms_api_visit` VALUES ('1410', '202', '20200807', '18', null, '1', '172.18.32.205', 'chat', '172.18.32.205:1081');
INSERT INTO `upms_api_visit` VALUES ('1411', '67', '20200807', '18', null, '2', '171.212.102.22', 'nc-nginx', '172.18.32.205:1081');
INSERT INTO `upms_api_visit` VALUES ('1412', '155', '20200807', '18', '30', '1', '171.212.102.22', 'nc-nginx', '172.18.32.205:1081');
INSERT INTO `upms_api_visit` VALUES ('1413', '190', '20200807', '18', null, '2', '172.18.32.205', 'article', '172.18.32.205:1081');
INSERT INTO `upms_api_visit` VALUES ('1414', '149', '20200807', '18', null, '2', '171.212.102.22', 'nc-nginx', '172.18.32.205:1081');
INSERT INTO `upms_api_visit` VALUES ('1415', '55', '20200807', '18', null, '3', '202.106.149.212', 'nc-nginx', '172.18.32.205:1081');
INSERT INTO `upms_api_visit` VALUES ('1416', '56', '20200807', '18', null, '3', '171.212.102.22', 'nc-nginx', '172.18.32.205:1081');
INSERT INTO `upms_api_visit` VALUES ('1417', '67', '20200807', '18', null, '3', '202.106.149.212', 'nc-nginx', '172.18.32.205:1081');
INSERT INTO `upms_api_visit` VALUES ('1418', '60', '20200807', '18', null, '6', '171.212.102.22', 'nc-nginx', '172.18.32.205:1081');
INSERT INTO `upms_api_visit` VALUES ('1419', '80', '20200807', '18', '30', '4', '171.212.102.22', 'nc-nginx', '172.18.32.205:1081');
INSERT INTO `upms_api_visit` VALUES ('1420', '171', '20200807', '18', null, '2', '171.212.102.22', 'nc-nginx', '172.18.32.205:1081');
INSERT INTO `upms_api_visit` VALUES ('1421', '51', '20200807', '18', null, '3', '202.106.149.212', 'nc-nginx', '172.18.32.205:1081');
INSERT INTO `upms_api_visit` VALUES ('1422', '81', '20200807', '18', '30', '8', '171.212.102.22', 'nc-nginx', '172.18.32.205:1081');
INSERT INTO `upms_api_visit` VALUES ('1423', '186', '20200807', '18', null, '1', '171.212.102.22', 'nc-nginx', '172.18.32.205:1081');
INSERT INTO `upms_api_visit` VALUES ('1424', '88', '20200807', '18', '30', '2', '171.212.102.22', 'nc-nginx', '172.18.32.205:1081');
INSERT INTO `upms_api_visit` VALUES ('1425', '115', '20200807', '18', '30', '1', '171.212.102.22', 'nc-nginx', '172.18.32.205:1081');
INSERT INTO `upms_api_visit` VALUES ('1426', '60', '20200807', '18', null, '1', '202.106.149.212', 'nc-nginx', '172.18.32.205:1081');
INSERT INTO `upms_api_visit` VALUES ('1427', '72', '20200807', '18', null, '2', '172.18.32.205', 'article', '172.18.32.205:1081');
INSERT INTO `upms_api_visit` VALUES ('1428', '122', '20200807', '18', null, '1', '172.18.32.205', 'worldTree', '172.18.32.205:1081');
INSERT INTO `upms_api_visit` VALUES ('1429', '101', '20200807', '18', null, '6', '202.106.149.212', 'nc-nginx', '172.18.32.205:1081');
INSERT INTO `upms_api_visit` VALUES ('1430', '56', '20200807', '18', null, '1', '202.106.149.212', 'nc-nginx', '172.18.32.205:1081');
INSERT INTO `upms_api_visit` VALUES ('1431', '71', '20200807', '18', null, '1', '171.212.102.22', 'nc-nginx', '172.18.32.205:1081');
INSERT INTO `upms_api_visit` VALUES ('1432', '122', '20200807', '18', null, '1', '172.18.32.205', 'chat', '172.18.32.205:1081');
INSERT INTO `upms_api_visit` VALUES ('1433', '72', '20200807', '18', null, '4', '172.18.32.205', 'chat', '172.18.32.205:1081');
INSERT INTO `upms_api_visit` VALUES ('1434', '51', '20200807', '18', null, '1', '171.212.102.22', 'nc-nginx', '172.18.32.205:1081');
INSERT INTO `upms_api_visit` VALUES ('1435', '74', '20200807', '18', null, '1', '171.212.102.22', 'nc-nginx', '172.18.32.205:1081');
INSERT INTO `upms_api_visit` VALUES ('1436', '72', '20200807', '19', null, '1', '172.18.32.205', 'chat', '172.18.32.205:1081');
INSERT INTO `upms_api_visit` VALUES ('1437', '122', '20200807', '19', null, '1', '172.18.32.205', 'worldTree', '172.18.32.205:1081');
INSERT INTO `upms_api_visit` VALUES ('1438', '88', '20200807', '19', '30', '1', '120.35.11.81', 'nc-nginx', '172.18.32.205:1081');
INSERT INTO `upms_api_visit` VALUES ('1439', '122', '20200807', '19', null, '1', '172.18.32.205', 'pcgl', '172.18.32.205:1081');
INSERT INTO `upms_api_visit` VALUES ('1440', '74', '20200807', '19', null, '1', '120.35.11.81', 'nc-nginx', '172.18.32.205:1081');
INSERT INTO `upms_api_visit` VALUES ('1441', '122', '20200807', '19', null, '1', '172.18.32.205', 'chat', '172.18.32.205:1081');
INSERT INTO `upms_api_visit` VALUES ('1442', '202', '20200807', '19', null, '1', '172.18.32.205', 'chat', '172.18.32.205:1081');
INSERT INTO `upms_api_visit` VALUES ('1443', '81', '20200807', '19', '30', '4', '120.35.11.81', 'nc-nginx', '172.18.32.205:1081');
INSERT INTO `upms_api_visit` VALUES ('1444', '107', '20200807', '19', '30', '2', '120.35.11.81', 'nc-nginx', '172.18.32.205:1081');
INSERT INTO `upms_api_visit` VALUES ('1445', '122', '20200807', '19', null, '1', '172.18.32.205', 'article', '172.18.32.205:1081');
INSERT INTO `upms_api_visit` VALUES ('1446', '80', '20200807', '19', '30', '1', '120.35.11.81', 'nc-nginx', '172.18.32.205:1081');
INSERT INTO `upms_api_visit` VALUES ('1447', '72', '20200807', '19', null, '1', '120.35.11.81', 'nc-nginx', '172.18.32.205:1081');
INSERT INTO `upms_api_visit` VALUES ('1448', '122', '20200807', '20', null, '1', '172.18.32.205', 'worldTree', '172.18.32.205:1081');
INSERT INTO `upms_api_visit` VALUES ('1449', '122', '20200807', '20', null, '1', '172.18.32.205', 'chat', '172.18.32.205:1081');
INSERT INTO `upms_api_visit` VALUES ('1450', '122', '20200807', '20', null, '1', '172.18.32.205', 'article', '172.18.32.205:1081');
INSERT INTO `upms_api_visit` VALUES ('1451', '122', '20200807', '20', null, '1', '172.18.32.205', 'pcgl', '172.18.32.205:1081');
INSERT INTO `upms_api_visit` VALUES ('1452', '122', '20200807', '21', null, '1', '172.18.32.205', 'article', '172.18.32.205:1081');
INSERT INTO `upms_api_visit` VALUES ('1453', '122', '20200807', '21', null, '1', '172.18.32.205', 'pcgl', '172.18.32.205:1081');
INSERT INTO `upms_api_visit` VALUES ('1454', '122', '20200807', '21', null, '1', '172.18.32.205', 'worldTree', '172.18.32.205:1081');
INSERT INTO `upms_api_visit` VALUES ('1455', '122', '20200807', '21', null, '1', '172.18.32.205', 'chat', '172.18.32.205:1081');
INSERT INTO `upms_api_visit` VALUES ('1456', '122', '20200807', '22', null, '1', '172.18.32.205', 'pcgl', '172.18.32.205:1081');
INSERT INTO `upms_api_visit` VALUES ('1457', '122', '20200807', '22', null, '1', '172.18.32.205', 'worldTree', '172.18.32.205:1081');
INSERT INTO `upms_api_visit` VALUES ('1458', '122', '20200807', '22', null, '1', '172.18.32.205', 'chat', '172.18.32.205:1081');
INSERT INTO `upms_api_visit` VALUES ('1459', '122', '20200807', '22', null, '1', '172.18.32.205', 'article', '172.18.32.205:1081');
INSERT INTO `upms_api_visit` VALUES ('1460', '122', '20200807', '23', null, '1', '172.18.32.205', 'worldTree', '172.18.32.205:1081');
INSERT INTO `upms_api_visit` VALUES ('1461', '122', '20200807', '23', null, '1', '172.18.32.205', 'pcgl', '172.18.32.205:1081');
INSERT INTO `upms_api_visit` VALUES ('1462', '122', '20200807', '23', null, '1', '172.18.32.205', 'article', '172.18.32.205:1081');
INSERT INTO `upms_api_visit` VALUES ('1463', '122', '20200807', '23', null, '1', '172.18.32.205', 'chat', '172.18.32.205:1081');
INSERT INTO `upms_api_visit` VALUES ('1464', '122', '20200808', '00', null, '1', '172.18.32.205', 'worldTree', '172.18.32.205:1081');
INSERT INTO `upms_api_visit` VALUES ('1465', '122', '20200808', '00', null, '1', '172.18.32.205', 'pcgl', '172.18.32.205:1081');
INSERT INTO `upms_api_visit` VALUES ('1466', '122', '20200808', '00', null, '1', '172.18.32.205', 'article', '172.18.32.205:1081');
INSERT INTO `upms_api_visit` VALUES ('1467', '122', '20200808', '00', null, '1', '172.18.32.205', 'chat', '172.18.32.205:1081');
INSERT INTO `upms_api_visit` VALUES ('1468', '122', '20200808', '01', null, '1', '172.18.32.205', 'chat', '172.18.32.205:1081');
INSERT INTO `upms_api_visit` VALUES ('1469', '122', '20200808', '01', null, '1', '172.18.32.205', 'article', '172.18.32.205:1081');
INSERT INTO `upms_api_visit` VALUES ('1470', '122', '20200808', '01', null, '1', '172.18.32.205', 'pcgl', '172.18.32.205:1081');
INSERT INTO `upms_api_visit` VALUES ('1471', '122', '20200808', '01', null, '1', '172.18.32.205', 'worldTree', '172.18.32.205:1081');
INSERT INTO `upms_api_visit` VALUES ('1472', '122', '20200808', '02', null, '1', '172.18.32.205', 'worldTree', '172.18.32.205:1081');
INSERT INTO `upms_api_visit` VALUES ('1473', '122', '20200808', '02', null, '1', '172.18.32.205', 'pcgl', '172.18.32.205:1081');
INSERT INTO `upms_api_visit` VALUES ('1474', '122', '20200808', '02', null, '1', '172.18.32.205', 'article', '172.18.32.205:1081');
INSERT INTO `upms_api_visit` VALUES ('1475', '122', '20200808', '02', null, '1', '172.18.32.205', 'chat', '172.18.32.205:1081');
INSERT INTO `upms_api_visit` VALUES ('1476', '122', '20200808', '03', null, '1', '172.18.32.205', 'article', '172.18.32.205:1081');
INSERT INTO `upms_api_visit` VALUES ('1477', '122', '20200808', '03', null, '1', '172.18.32.205', 'chat', '172.18.32.205:1081');
INSERT INTO `upms_api_visit` VALUES ('1478', '122', '20200808', '03', null, '1', '172.18.32.205', 'pcgl', '172.18.32.205:1081');
INSERT INTO `upms_api_visit` VALUES ('1479', '122', '20200808', '03', null, '1', '172.18.32.205', 'worldTree', '172.18.32.205:1081');
INSERT INTO `upms_api_visit` VALUES ('1480', '122', '20200808', '04', null, '1', '172.18.32.205', 'article', '172.18.32.205:1081');
INSERT INTO `upms_api_visit` VALUES ('1481', '122', '20200808', '04', null, '1', '172.18.32.205', 'chat', '172.18.32.205:1081');
INSERT INTO `upms_api_visit` VALUES ('1482', '122', '20200808', '04', null, '1', '172.18.32.205', 'pcgl', '172.18.32.205:1081');
INSERT INTO `upms_api_visit` VALUES ('1483', '122', '20200808', '04', null, '1', '172.18.32.205', 'worldTree', '172.18.32.205:1081');
INSERT INTO `upms_api_visit` VALUES ('1484', '122', '20200808', '05', null, '1', '172.18.32.205', 'chat', '172.18.32.205:1081');
INSERT INTO `upms_api_visit` VALUES ('1485', '122', '20200808', '05', null, '1', '172.18.32.205', 'article', '172.18.32.205:1081');
INSERT INTO `upms_api_visit` VALUES ('1486', '122', '20200808', '05', null, '1', '172.18.32.205', 'worldTree', '172.18.32.205:1081');
INSERT INTO `upms_api_visit` VALUES ('1487', '122', '20200808', '05', null, '1', '172.18.32.205', 'pcgl', '172.18.32.205:1081');
INSERT INTO `upms_api_visit` VALUES ('1488', '122', '20200808', '06', null, '1', '172.18.32.205', 'chat', '172.18.32.205:1081');
INSERT INTO `upms_api_visit` VALUES ('1489', '122', '20200808', '06', null, '1', '172.18.32.205', 'article', '172.18.32.205:1081');
INSERT INTO `upms_api_visit` VALUES ('1490', '122', '20200808', '06', null, '1', '172.18.32.205', 'worldTree', '172.18.32.205:1081');
INSERT INTO `upms_api_visit` VALUES ('1491', '122', '20200808', '06', null, '1', '172.18.32.205', 'pcgl', '172.18.32.205:1081');
INSERT INTO `upms_api_visit` VALUES ('1492', '122', '20200808', '07', null, '1', '172.18.32.205', 'pcgl', '172.18.32.205:1081');
INSERT INTO `upms_api_visit` VALUES ('1493', '122', '20200808', '07', null, '1', '172.18.32.205', 'worldTree', '172.18.32.205:1081');
INSERT INTO `upms_api_visit` VALUES ('1494', '122', '20200808', '07', null, '1', '172.18.32.205', 'chat', '172.18.32.205:1081');
INSERT INTO `upms_api_visit` VALUES ('1495', '122', '20200808', '07', null, '1', '172.18.32.205', 'article', '172.18.32.205:1081');
INSERT INTO `upms_api_visit` VALUES ('1496', '122', '20200808', '08', null, '1', '172.18.32.205', 'worldTree', '172.18.32.205:1081');
INSERT INTO `upms_api_visit` VALUES ('1497', '122', '20200808', '08', null, '1', '172.18.32.205', 'pcgl', '172.18.32.205:1081');
INSERT INTO `upms_api_visit` VALUES ('1498', '122', '20200808', '08', null, '1', '172.18.32.205', 'article', '172.18.32.205:1081');
INSERT INTO `upms_api_visit` VALUES ('1499', '122', '20200808', '08', null, '1', '172.18.32.205', 'chat', '172.18.32.205:1081');
INSERT INTO `upms_api_visit` VALUES ('1500', '122', '20200808', '09', null, '1', '172.18.32.205', 'article', '172.18.32.205:1081');
INSERT INTO `upms_api_visit` VALUES ('1501', '122', '20200808', '09', null, '1', '172.18.32.205', 'pcgl', '172.18.32.205:1081');
INSERT INTO `upms_api_visit` VALUES ('1502', '122', '20200808', '09', null, '1', '172.18.32.205', 'worldTree', '172.18.32.205:1081');
INSERT INTO `upms_api_visit` VALUES ('1503', '122', '20200808', '09', null, '1', '172.18.32.205', 'chat', '172.18.32.205:1081');
INSERT INTO `upms_api_visit` VALUES ('1504', '74', '20200808', '10', null, '1', '101.69.230.30', 'nc-nginx', '172.18.32.205:1081');
INSERT INTO `upms_api_visit` VALUES ('1505', '81', '20200808', '10', '30', '1', '101.69.230.30', 'nc-nginx', '172.18.32.205:1081');
INSERT INTO `upms_api_visit` VALUES ('1506', '202', '20200808', '10', null, '1', '172.18.32.205', 'chat', '172.18.32.205:1081');
INSERT INTO `upms_api_visit` VALUES ('1507', '122', '20200808', '10', null, '1', '172.18.32.205', 'pcgl', '172.18.32.205:1081');
INSERT INTO `upms_api_visit` VALUES ('1508', '122', '20200808', '10', null, '1', '172.18.32.205', 'worldTree', '172.18.32.205:1081');
INSERT INTO `upms_api_visit` VALUES ('1509', '122', '20200808', '10', null, '1', '172.18.32.205', 'chat', '172.18.32.205:1081');
INSERT INTO `upms_api_visit` VALUES ('1510', '72', '20200808', '10', null, '1', '101.69.230.30', 'nc-nginx', '172.18.32.205:1081');
INSERT INTO `upms_api_visit` VALUES ('1511', '72', '20200808', '10', null, '1', '172.18.32.205', 'chat', '172.18.32.205:1081');
INSERT INTO `upms_api_visit` VALUES ('1512', '122', '20200808', '10', null, '1', '172.18.32.205', 'article', '172.18.32.205:1081');
INSERT INTO `upms_api_visit` VALUES ('1513', '122', '20200808', '11', null, '1', '172.18.32.205', 'article', '172.18.32.205:1081');
INSERT INTO `upms_api_visit` VALUES ('1514', '122', '20200808', '11', null, '1', '172.18.32.205', 'pcgl', '172.18.32.205:1081');
INSERT INTO `upms_api_visit` VALUES ('1515', '122', '20200808', '11', null, '1', '172.18.32.205', 'worldTree', '172.18.32.205:1081');
INSERT INTO `upms_api_visit` VALUES ('1516', '122', '20200808', '11', null, '1', '172.18.32.205', 'chat', '172.18.32.205:1081');
INSERT INTO `upms_api_visit` VALUES ('1517', '122', '20200808', '12', null, '1', '172.18.32.205', 'pcgl', '172.18.32.205:1081');
INSERT INTO `upms_api_visit` VALUES ('1518', '122', '20200808', '12', null, '1', '172.18.32.205', 'worldTree', '172.18.32.205:1081');
INSERT INTO `upms_api_visit` VALUES ('1519', '122', '20200808', '12', null, '1', '172.18.32.205', 'chat', '172.18.32.205:1081');
INSERT INTO `upms_api_visit` VALUES ('1520', '122', '20200808', '12', null, '1', '172.18.32.205', 'article', '172.18.32.205:1081');
INSERT INTO `upms_api_visit` VALUES ('1521', '122', '20200808', '13', null, '1', '172.18.32.205', 'worldTree', '172.18.32.205:1081');
INSERT INTO `upms_api_visit` VALUES ('1522', '122', '20200808', '13', null, '1', '172.18.32.205', 'pcgl', '172.18.32.205:1081');
INSERT INTO `upms_api_visit` VALUES ('1523', '122', '20200808', '13', null, '1', '172.18.32.205', 'article', '172.18.32.205:1081');
INSERT INTO `upms_api_visit` VALUES ('1524', '122', '20200808', '13', null, '1', '172.18.32.205', 'chat', '172.18.32.205:1081');
INSERT INTO `upms_api_visit` VALUES ('1525', '122', '20200808', '14', null, '1', '172.18.32.205', 'worldTree', '172.18.32.205:1081');
INSERT INTO `upms_api_visit` VALUES ('1526', '122', '20200808', '14', null, '1', '172.18.32.205', 'pcgl', '172.18.32.205:1081');
INSERT INTO `upms_api_visit` VALUES ('1527', '122', '20200808', '14', null, '1', '172.18.32.205', 'article', '172.18.32.205:1081');
INSERT INTO `upms_api_visit` VALUES ('1528', '122', '20200808', '14', null, '1', '172.18.32.205', 'chat', '172.18.32.205:1081');
INSERT INTO `upms_api_visit` VALUES ('1529', '122', '20200808', '15', null, '1', '172.18.32.205', 'pcgl', '172.18.32.205:1081');
INSERT INTO `upms_api_visit` VALUES ('1530', '122', '20200808', '15', null, '1', '172.18.32.205', 'chat', '172.18.32.205:1081');
INSERT INTO `upms_api_visit` VALUES ('1531', '122', '20200808', '15', null, '1', '172.18.32.205', 'article', '172.18.32.205:1081');
INSERT INTO `upms_api_visit` VALUES ('1532', '122', '20200808', '15', null, '1', '172.18.32.205', 'worldTree', '172.18.32.205:1081');
INSERT INTO `upms_api_visit` VALUES ('1533', '186', '20200808', '16', null, '1', '61.140.25.44', 'nc-nginx', '172.18.32.205:1081');
INSERT INTO `upms_api_visit` VALUES ('1534', '122', '20200808', '16', null, '1', '172.18.32.205', 'article', '172.18.32.205:1081');
INSERT INTO `upms_api_visit` VALUES ('1535', '71', '20200808', '16', null, '1', '61.140.25.44', 'nc-nginx', '172.18.32.205:1081');
INSERT INTO `upms_api_visit` VALUES ('1536', '202', '20200808', '16', null, '1', '172.18.32.205', 'chat', '172.18.32.205:1081');
INSERT INTO `upms_api_visit` VALUES ('1537', '81', '20200808', '16', '30', '8', '61.140.25.44', 'nc-nginx', '172.18.32.205:1081');
INSERT INTO `upms_api_visit` VALUES ('1538', '178', '20200808', '16', null, '1', '61.140.25.44', 'nc-nginx', '172.18.32.205:1081');
INSERT INTO `upms_api_visit` VALUES ('1539', '122', '20200808', '16', null, '1', '172.18.32.205', 'chat', '172.18.32.205:1081');
INSERT INTO `upms_api_visit` VALUES ('1540', '88', '20200808', '16', '30', '2', '61.140.25.44', 'nc-nginx', '172.18.32.205:1081');
INSERT INTO `upms_api_visit` VALUES ('1541', '157', '20200808', '16', '30', '8', '61.140.25.44', 'nc-nginx', '172.18.32.205:1081');
INSERT INTO `upms_api_visit` VALUES ('1542', '80', '20200808', '16', '30', '2', '61.140.25.44', 'nc-nginx', '172.18.32.205:1081');
INSERT INTO `upms_api_visit` VALUES ('1543', '67', '20200808', '16', null, '2', '61.140.25.44', 'nc-nginx', '172.18.32.205:1081');
INSERT INTO `upms_api_visit` VALUES ('1544', '177', '20200808', '16', null, '2', '61.140.25.44', 'nc-nginx', '172.18.32.205:1081');
INSERT INTO `upms_api_visit` VALUES ('1545', '72', '20200808', '16', null, '1', '172.18.32.205', 'chat', '172.18.32.205:1081');
INSERT INTO `upms_api_visit` VALUES ('1546', '182', '20200808', '16', null, '1', '61.140.25.44', 'nc-nginx', '172.18.32.205:1081');
INSERT INTO `upms_api_visit` VALUES ('1547', '72', '20200808', '16', null, '9', '61.140.25.44', 'nc-nginx', '172.18.32.205:1081');
INSERT INTO `upms_api_visit` VALUES ('1548', '107', '20200808', '16', '30', '5', '61.140.25.44', 'nc-nginx', '172.18.32.205:1081');
INSERT INTO `upms_api_visit` VALUES ('1549', '55', '20200808', '16', null, '3', '61.140.25.44', 'nc-nginx', '172.18.32.205:1081');
INSERT INTO `upms_api_visit` VALUES ('1550', '100', '20200808', '16', null, '1', '61.140.25.44', 'nc-nginx', '172.18.32.205:1081');
INSERT INTO `upms_api_visit` VALUES ('1551', '51', '20200808', '16', null, '1', '61.140.25.44', 'nc-nginx', '172.18.32.205:1081');
INSERT INTO `upms_api_visit` VALUES ('1552', '74', '20200808', '16', null, '1', '61.140.25.44', 'nc-nginx', '172.18.32.205:1081');
INSERT INTO `upms_api_visit` VALUES ('1553', '122', '20200808', '16', null, '1', '172.18.32.205', 'worldTree', '172.18.32.205:1081');
INSERT INTO `upms_api_visit` VALUES ('1554', '122', '20200808', '16', null, '1', '172.18.32.205', 'pcgl', '172.18.32.205:1081');
INSERT INTO `upms_api_visit` VALUES ('1555', '60', '20200808', '16', null, '3', '61.140.25.44', 'nc-nginx', '172.18.32.205:1081');
INSERT INTO `upms_api_visit` VALUES ('1556', '122', '20200808', '17', null, '1', '172.18.32.205', 'pcgl', '172.18.32.205:1081');
INSERT INTO `upms_api_visit` VALUES ('1557', '122', '20200808', '17', null, '1', '172.18.32.205', 'worldTree', '172.18.32.205:1081');
INSERT INTO `upms_api_visit` VALUES ('1558', '122', '20200808', '17', null, '1', '172.18.32.205', 'article', '172.18.32.205:1081');
INSERT INTO `upms_api_visit` VALUES ('1559', '122', '20200808', '17', null, '1', '172.18.32.205', 'chat', '172.18.32.205:1081');
INSERT INTO `upms_api_visit` VALUES ('1560', '122', '20200808', '18', null, '1', '172.18.32.205', 'chat', '172.18.32.205:1081');
INSERT INTO `upms_api_visit` VALUES ('1561', '122', '20200808', '18', null, '1', '172.18.32.205', 'article', '172.18.32.205:1081');
INSERT INTO `upms_api_visit` VALUES ('1562', '122', '20200808', '18', null, '1', '172.18.32.205', 'pcgl', '172.18.32.205:1081');
INSERT INTO `upms_api_visit` VALUES ('1563', '122', '20200808', '18', null, '1', '172.18.32.205', 'worldTree', '172.18.32.205:1081');
INSERT INTO `upms_api_visit` VALUES ('1564', '122', '20200808', '19', null, '1', '172.18.32.205', 'chat', '172.18.32.205:1081');
INSERT INTO `upms_api_visit` VALUES ('1565', '122', '20200808', '19', null, '1', '172.18.32.205', 'article', '172.18.32.205:1081');
INSERT INTO `upms_api_visit` VALUES ('1566', '122', '20200808', '19', null, '1', '172.18.32.205', 'pcgl', '172.18.32.205:1081');
INSERT INTO `upms_api_visit` VALUES ('1567', '122', '20200808', '19', null, '1', '172.18.32.205', 'worldTree', '172.18.32.205:1081');
INSERT INTO `upms_api_visit` VALUES ('1568', '122', '20200808', '20', null, '1', '172.18.32.205', 'pcgl', '172.18.32.205:1081');
INSERT INTO `upms_api_visit` VALUES ('1569', '51', '20200808', '20', null, '1', '123.138.151.89', 'nc-nginx', '172.18.32.205:1081');
INSERT INTO `upms_api_visit` VALUES ('1570', '56', '20200808', '20', null, '3', '123.138.151.89', 'nc-nginx', '172.18.32.205:1081');
INSERT INTO `upms_api_visit` VALUES ('1571', '101', '20200808', '20', null, '6', '123.138.151.89', 'nc-nginx', '172.18.32.205:1081');
INSERT INTO `upms_api_visit` VALUES ('1572', '149', '20200808', '20', null, '2', '123.138.151.89', 'nc-nginx', '172.18.32.205:1081');
INSERT INTO `upms_api_visit` VALUES ('1573', '171', '20200808', '20', null, '2', '123.138.151.89', 'nc-nginx', '172.18.32.205:1081');
INSERT INTO `upms_api_visit` VALUES ('1574', '55', '20200808', '20', null, '20', '123.138.151.89', 'nc-nginx', '172.18.32.205:1081');
INSERT INTO `upms_api_visit` VALUES ('1575', '67', '20200808', '20', null, '2', '123.138.151.89', 'nc-nginx', '172.18.32.205:1081');
INSERT INTO `upms_api_visit` VALUES ('1576', '100', '20200808', '20', null, '2', '123.138.151.89', 'nc-nginx', '172.18.32.205:1081');
INSERT INTO `upms_api_visit` VALUES ('1577', '139', '20200808', '20', null, '2', '123.138.151.89', 'nc-nginx', '172.18.32.205:1081');
INSERT INTO `upms_api_visit` VALUES ('1578', '186', '20200808', '20', null, '1', '123.138.151.89', 'nc-nginx', '172.18.32.205:1081');
INSERT INTO `upms_api_visit` VALUES ('1579', '122', '20200808', '20', null, '1', '172.18.32.205', 'worldTree', '172.18.32.205:1081');
INSERT INTO `upms_api_visit` VALUES ('1580', '60', '20200808', '20', null, '5', '123.138.151.89', 'nc-nginx', '172.18.32.205:1081');
INSERT INTO `upms_api_visit` VALUES ('1581', '122', '20200808', '20', null, '1', '172.18.32.205', 'chat', '172.18.32.205:1081');
INSERT INTO `upms_api_visit` VALUES ('1582', '122', '20200808', '20', null, '1', '172.18.32.205', 'article', '172.18.32.205:1081');
INSERT INTO `upms_api_visit` VALUES ('1583', '71', '20200808', '20', null, '1', '123.138.151.89', 'nc-nginx', '172.18.32.205:1081');
INSERT INTO `upms_api_visit` VALUES ('1584', '144', '20200808', '20', null, '2', '123.138.151.89', 'nc-nginx', '172.18.32.205:1081');
INSERT INTO `upms_api_visit` VALUES ('1585', '122', '20200808', '21', null, '1', '172.18.32.205', 'pcgl', '172.18.32.205:1081');
INSERT INTO `upms_api_visit` VALUES ('1586', '101', '20200808', '21', null, '6', '123.138.151.89', 'nc-nginx', '172.18.32.205:1081');
INSERT INTO `upms_api_visit` VALUES ('1587', '56', '20200808', '21', null, '1', '123.138.151.89', 'nc-nginx', '172.18.32.205:1081');
INSERT INTO `upms_api_visit` VALUES ('1588', '122', '20200808', '21', null, '1', '172.18.32.205', 'worldTree', '172.18.32.205:1081');
INSERT INTO `upms_api_visit` VALUES ('1589', '122', '20200808', '21', null, '1', '172.18.32.205', 'chat', '172.18.32.205:1081');
INSERT INTO `upms_api_visit` VALUES ('1590', '122', '20200808', '21', null, '1', '172.18.32.205', 'article', '172.18.32.205:1081');
INSERT INTO `upms_api_visit` VALUES ('1591', '122', '20200808', '22', null, '1', '172.18.32.205', 'article', '172.18.32.205:1081');
INSERT INTO `upms_api_visit` VALUES ('1592', '122', '20200808', '22', null, '1', '172.18.32.205', 'worldTree', '172.18.32.205:1081');
INSERT INTO `upms_api_visit` VALUES ('1593', '122', '20200808', '22', null, '1', '172.18.32.205', 'pcgl', '172.18.32.205:1081');
INSERT INTO `upms_api_visit` VALUES ('1594', '122', '20200808', '22', null, '1', '172.18.32.205', 'chat', '172.18.32.205:1081');
INSERT INTO `upms_api_visit` VALUES ('1595', '122', '20200808', '23', null, '1', '172.18.32.205', 'article', '172.18.32.205:1081');
INSERT INTO `upms_api_visit` VALUES ('1596', '122', '20200808', '23', null, '1', '172.18.32.205', 'pcgl', '172.18.32.205:1081');
INSERT INTO `upms_api_visit` VALUES ('1597', '122', '20200808', '23', null, '1', '172.18.32.205', 'worldTree', '172.18.32.205:1081');
INSERT INTO `upms_api_visit` VALUES ('1598', '122', '20200808', '23', null, '1', '172.18.32.205', 'chat', '172.18.32.205:1081');
INSERT INTO `upms_api_visit` VALUES ('1599', '122', '20200809', '00', null, '1', '172.18.32.205', 'pcgl', '172.18.32.205:1081');
INSERT INTO `upms_api_visit` VALUES ('1600', '122', '20200809', '00', null, '1', '172.18.32.205', 'worldTree', '172.18.32.205:1081');
INSERT INTO `upms_api_visit` VALUES ('1601', '122', '20200809', '00', null, '1', '172.18.32.205', 'chat', '172.18.32.205:1081');
INSERT INTO `upms_api_visit` VALUES ('1602', '122', '20200809', '00', null, '1', '172.18.32.205', 'article', '172.18.32.205:1081');
INSERT INTO `upms_api_visit` VALUES ('1603', '122', '20200809', '01', null, '1', '172.18.32.205', 'article', '172.18.32.205:1081');
INSERT INTO `upms_api_visit` VALUES ('1604', '88', '20200809', '01', '30', '1', '39.78.199.188', 'nc-nginx', '172.18.32.205:1081');
INSERT INTO `upms_api_visit` VALUES ('1605', '202', '20200809', '01', null, '1', '172.18.32.205', 'chat', '172.18.32.205:1081');
INSERT INTO `upms_api_visit` VALUES ('1606', '122', '20200809', '01', null, '1', '172.18.32.205', 'pcgl', '172.18.32.205:1081');
INSERT INTO `upms_api_visit` VALUES ('1607', '100', '20200809', '01', null, '1', '39.78.199.188', 'nc-nginx', '172.18.32.205:1081');
INSERT INTO `upms_api_visit` VALUES ('1608', '51', '20200809', '01', null, '1', '39.78.199.188', 'nc-nginx', '172.18.32.205:1081');
INSERT INTO `upms_api_visit` VALUES ('1609', '71', '20200809', '01', null, '1', '39.78.199.188', 'nc-nginx', '172.18.32.205:1081');
INSERT INTO `upms_api_visit` VALUES ('1610', '122', '20200809', '01', null, '1', '172.18.32.205', 'worldTree', '172.18.32.205:1081');
INSERT INTO `upms_api_visit` VALUES ('1611', '56', '20200809', '01', null, '1', '39.78.199.188', 'nc-nginx', '172.18.32.205:1081');
INSERT INTO `upms_api_visit` VALUES ('1612', '60', '20200809', '01', null, '6', '39.78.199.188', 'nc-nginx', '172.18.32.205:1081');
INSERT INTO `upms_api_visit` VALUES ('1613', '74', '20200809', '01', null, '1', '39.78.199.188', 'nc-nginx', '172.18.32.205:1081');
INSERT INTO `upms_api_visit` VALUES ('1614', '72', '20200809', '01', null, '1', '172.18.32.205', 'chat', '172.18.32.205:1081');
INSERT INTO `upms_api_visit` VALUES ('1615', '55', '20200809', '01', null, '3', '39.78.199.188', 'nc-nginx', '172.18.32.205:1081');
INSERT INTO `upms_api_visit` VALUES ('1616', '107', '20200809', '01', '30', '2', '39.78.199.188', 'nc-nginx', '172.18.32.205:1081');
INSERT INTO `upms_api_visit` VALUES ('1617', '81', '20200809', '01', '30', '3', '39.78.199.188', 'nc-nginx', '172.18.32.205:1081');
INSERT INTO `upms_api_visit` VALUES ('1618', '72', '20200809', '01', null, '1', '39.78.199.188', 'nc-nginx', '172.18.32.205:1081');
INSERT INTO `upms_api_visit` VALUES ('1619', '149', '20200809', '01', null, '2', '39.78.199.188', 'nc-nginx', '172.18.32.205:1081');
INSERT INTO `upms_api_visit` VALUES ('1620', '171', '20200809', '01', null, '1', '39.78.199.188', 'nc-nginx', '172.18.32.205:1081');
INSERT INTO `upms_api_visit` VALUES ('1621', '67', '20200809', '01', null, '3', '39.78.199.188', 'nc-nginx', '172.18.32.205:1081');
INSERT INTO `upms_api_visit` VALUES ('1622', '122', '20200809', '01', null, '1', '172.18.32.205', 'chat', '172.18.32.205:1081');
INSERT INTO `upms_api_visit` VALUES ('1623', '80', '20200809', '01', '30', '1', '39.78.199.188', 'nc-nginx', '172.18.32.205:1081');
INSERT INTO `upms_api_visit` VALUES ('1624', '122', '20200809', '02', null, '1', '172.18.32.205', 'article', '172.18.32.205:1081');
INSERT INTO `upms_api_visit` VALUES ('1625', '122', '20200809', '02', null, '1', '172.18.32.205', 'pcgl', '172.18.32.205:1081');
INSERT INTO `upms_api_visit` VALUES ('1626', '122', '20200809', '02', null, '1', '172.18.32.205', 'chat', '172.18.32.205:1081');
INSERT INTO `upms_api_visit` VALUES ('1627', '122', '20200809', '02', null, '1', '172.18.32.205', 'worldTree', '172.18.32.205:1081');
INSERT INTO `upms_api_visit` VALUES ('1628', '122', '20200809', '03', null, '1', '172.18.32.205', 'worldTree', '172.18.32.205:1081');
INSERT INTO `upms_api_visit` VALUES ('1629', '122', '20200809', '03', null, '1', '172.18.32.205', 'pcgl', '172.18.32.205:1081');
INSERT INTO `upms_api_visit` VALUES ('1630', '122', '20200809', '03', null, '1', '172.18.32.205', 'article', '172.18.32.205:1081');
INSERT INTO `upms_api_visit` VALUES ('1631', '122', '20200809', '03', null, '1', '172.18.32.205', 'chat', '172.18.32.205:1081');
INSERT INTO `upms_api_visit` VALUES ('1632', '122', '20200809', '04', null, '1', '172.18.32.205', 'worldTree', '172.18.32.205:1081');
INSERT INTO `upms_api_visit` VALUES ('1633', '122', '20200809', '04', null, '1', '172.18.32.205', 'pcgl', '172.18.32.205:1081');
INSERT INTO `upms_api_visit` VALUES ('1634', '122', '20200809', '04', null, '1', '172.18.32.205', 'article', '172.18.32.205:1081');
INSERT INTO `upms_api_visit` VALUES ('1635', '122', '20200809', '04', null, '1', '172.18.32.205', 'chat', '172.18.32.205:1081');
INSERT INTO `upms_api_visit` VALUES ('1636', '122', '20200809', '05', null, '1', '172.18.32.205', 'pcgl', '172.18.32.205:1081');
INSERT INTO `upms_api_visit` VALUES ('1637', '122', '20200809', '05', null, '1', '172.18.32.205', 'chat', '172.18.32.205:1081');
INSERT INTO `upms_api_visit` VALUES ('1638', '122', '20200809', '05', null, '1', '172.18.32.205', 'article', '172.18.32.205:1081');
INSERT INTO `upms_api_visit` VALUES ('1639', '122', '20200809', '05', null, '1', '172.18.32.205', 'worldTree', '172.18.32.205:1081');
INSERT INTO `upms_api_visit` VALUES ('1640', '122', '20200809', '06', null, '1', '172.18.32.205', 'article', '172.18.32.205:1081');
INSERT INTO `upms_api_visit` VALUES ('1641', '122', '20200809', '06', null, '1', '172.18.32.205', 'chat', '172.18.32.205:1081');
INSERT INTO `upms_api_visit` VALUES ('1642', '122', '20200809', '06', null, '1', '172.18.32.205', 'worldTree', '172.18.32.205:1081');
INSERT INTO `upms_api_visit` VALUES ('1643', '122', '20200809', '06', null, '1', '172.18.32.205', 'pcgl', '172.18.32.205:1081');
INSERT INTO `upms_api_visit` VALUES ('1644', '122', '20200809', '07', null, '1', '172.18.32.205', 'article', '172.18.32.205:1081');
INSERT INTO `upms_api_visit` VALUES ('1645', '122', '20200809', '07', null, '1', '172.18.32.205', 'chat', '172.18.32.205:1081');
INSERT INTO `upms_api_visit` VALUES ('1646', '122', '20200809', '07', null, '1', '172.18.32.205', 'worldTree', '172.18.32.205:1081');
INSERT INTO `upms_api_visit` VALUES ('1647', '122', '20200809', '07', null, '1', '172.18.32.205', 'pcgl', '172.18.32.205:1081');
INSERT INTO `upms_api_visit` VALUES ('1648', '122', '20200809', '08', null, '1', '172.18.32.205', 'chat', '172.18.32.205:1081');
INSERT INTO `upms_api_visit` VALUES ('1649', '122', '20200809', '08', null, '1', '172.18.32.205', 'article', '172.18.32.205:1081');
INSERT INTO `upms_api_visit` VALUES ('1650', '122', '20200809', '08', null, '1', '172.18.32.205', 'pcgl', '172.18.32.205:1081');
INSERT INTO `upms_api_visit` VALUES ('1651', '122', '20200809', '08', null, '1', '172.18.32.205', 'worldTree', '172.18.32.205:1081');
INSERT INTO `upms_api_visit` VALUES ('1652', '122', '20200809', '09', null, '1', '172.18.32.205', 'chat', '172.18.32.205:1081');
INSERT INTO `upms_api_visit` VALUES ('1653', '122', '20200809', '09', null, '1', '172.18.32.205', 'article', '172.18.32.205:1081');
INSERT INTO `upms_api_visit` VALUES ('1654', '122', '20200809', '09', null, '1', '172.18.32.205', 'worldTree', '172.18.32.205:1081');
INSERT INTO `upms_api_visit` VALUES ('1655', '122', '20200809', '09', null, '1', '172.18.32.205', 'pcgl', '172.18.32.205:1081');
INSERT INTO `upms_api_visit` VALUES ('1656', '122', '20200809', '10', null, '1', '172.18.32.205', 'pcgl', '172.18.32.205:1081');
INSERT INTO `upms_api_visit` VALUES ('1657', '122', '20200809', '10', null, '1', '172.18.32.205', 'worldTree', '172.18.32.205:1081');
INSERT INTO `upms_api_visit` VALUES ('1658', '122', '20200809', '10', null, '1', '172.18.32.205', 'chat', '172.18.32.205:1081');
INSERT INTO `upms_api_visit` VALUES ('1659', '122', '20200809', '10', null, '1', '172.18.32.205', 'article', '172.18.32.205:1081');
INSERT INTO `upms_api_visit` VALUES ('1660', '122', '20200809', '11', null, '1', '172.18.32.205', 'worldTree', '172.18.32.205:1081');
INSERT INTO `upms_api_visit` VALUES ('1661', '122', '20200809', '11', null, '1', '172.18.32.205', 'pcgl', '172.18.32.205:1081');
INSERT INTO `upms_api_visit` VALUES ('1662', '122', '20200809', '11', null, '1', '172.18.32.205', 'chat', '172.18.32.205:1081');
INSERT INTO `upms_api_visit` VALUES ('1663', '122', '20200809', '11', null, '1', '172.18.32.205', 'article', '172.18.32.205:1081');
INSERT INTO `upms_api_visit` VALUES ('1664', '122', '20200809', '12', null, '1', '172.18.32.205', 'article', '172.18.32.205:1081');
INSERT INTO `upms_api_visit` VALUES ('1665', '122', '20200809', '12', null, '1', '172.18.32.205', 'pcgl', '172.18.32.205:1081');
INSERT INTO `upms_api_visit` VALUES ('1666', '122', '20200809', '12', null, '1', '172.18.32.205', 'worldTree', '172.18.32.205:1081');
INSERT INTO `upms_api_visit` VALUES ('1667', '122', '20200809', '12', null, '1', '172.18.32.205', 'chat', '172.18.32.205:1081');
INSERT INTO `upms_api_visit` VALUES ('1668', '122', '20200809', '13', null, '1', '172.18.32.205', 'article', '172.18.32.205:1081');
INSERT INTO `upms_api_visit` VALUES ('1669', '122', '20200809', '13', null, '1', '172.18.32.205', 'pcgl', '172.18.32.205:1081');
INSERT INTO `upms_api_visit` VALUES ('1670', '122', '20200809', '13', null, '1', '172.18.32.205', 'worldTree', '172.18.32.205:1081');
INSERT INTO `upms_api_visit` VALUES ('1671', '122', '20200809', '13', null, '1', '172.18.32.205', 'chat', '172.18.32.205:1081');
INSERT INTO `upms_api_visit` VALUES ('1672', '122', '20200809', '14', null, '1', '172.18.32.205', 'chat', '172.18.32.205:1081');
INSERT INTO `upms_api_visit` VALUES ('1673', '122', '20200809', '14', null, '1', '172.18.32.205', 'worldTree', '172.18.32.205:1081');
INSERT INTO `upms_api_visit` VALUES ('1674', '122', '20200809', '14', null, '1', '172.18.32.205', 'pcgl', '172.18.32.205:1081');
INSERT INTO `upms_api_visit` VALUES ('1675', '122', '20200809', '14', null, '1', '172.18.32.205', 'article', '172.18.32.205:1081');
INSERT INTO `upms_api_visit` VALUES ('1676', '122', '20200809', '15', null, '1', '172.18.32.205', 'chat', '172.18.32.205:1081');
INSERT INTO `upms_api_visit` VALUES ('1677', '122', '20200809', '15', null, '1', '172.18.32.205', 'pcgl', '172.18.32.205:1081');
INSERT INTO `upms_api_visit` VALUES ('1678', '122', '20200809', '15', null, '1', '172.18.32.205', 'worldTree', '172.18.32.205:1081');
INSERT INTO `upms_api_visit` VALUES ('1679', '122', '20200809', '15', null, '1', '172.18.32.205', 'article', '172.18.32.205:1081');
INSERT INTO `upms_api_visit` VALUES ('1680', '122', '20200809', '16', null, '1', '172.18.32.205', 'worldTree', '172.18.32.205:1081');
INSERT INTO `upms_api_visit` VALUES ('1681', '122', '20200809', '16', null, '1', '172.18.32.205', 'pcgl', '172.18.32.205:1081');
INSERT INTO `upms_api_visit` VALUES ('1682', '74', '20200809', '16', null, '1', '114.217.243.250', 'nc-nginx', '172.18.32.205:1081');
INSERT INTO `upms_api_visit` VALUES ('1683', '202', '20200809', '16', null, '1', '172.18.32.205', 'chat', '172.18.32.205:1081');
INSERT INTO `upms_api_visit` VALUES ('1684', '72', '20200809', '16', null, '1', '172.18.32.205', 'chat', '172.18.32.205:1081');
INSERT INTO `upms_api_visit` VALUES ('1685', '122', '20200809', '16', null, '1', '172.18.32.205', 'chat', '172.18.32.205:1081');
INSERT INTO `upms_api_visit` VALUES ('1686', '122', '20200809', '16', null, '1', '172.18.32.205', 'article', '172.18.32.205:1081');
INSERT INTO `upms_api_visit` VALUES ('1687', '72', '20200809', '16', null, '1', '114.217.243.250', 'nc-nginx', '172.18.32.205:1081');
INSERT INTO `upms_api_visit` VALUES ('1688', '81', '20200809', '16', '30', '1', '114.217.243.250', 'nc-nginx', '172.18.32.205:1081');
INSERT INTO `upms_api_visit` VALUES ('1689', '55', '20200809', '16', null, '4', '114.217.243.250', 'nc-nginx', '172.18.32.205:1081');
INSERT INTO `upms_api_visit` VALUES ('1690', '122', '20200809', '17', null, '1', '172.18.32.205', 'pcgl', '172.18.32.205:1081');
INSERT INTO `upms_api_visit` VALUES ('1691', '122', '20200809', '17', null, '1', '172.18.32.205', 'article', '172.18.32.205:1081');
INSERT INTO `upms_api_visit` VALUES ('1692', '122', '20200809', '17', null, '1', '172.18.32.205', 'chat', '172.18.32.205:1081');
INSERT INTO `upms_api_visit` VALUES ('1693', '122', '20200809', '17', null, '1', '172.18.32.205', 'worldTree', '172.18.32.205:1081');
INSERT INTO `upms_api_visit` VALUES ('1694', '122', '20200809', '18', null, '1', '172.18.32.205', 'article', '172.18.32.205:1081');
INSERT INTO `upms_api_visit` VALUES ('1695', '122', '20200809', '18', null, '1', '172.18.32.205', 'pcgl', '172.18.32.205:1081');
INSERT INTO `upms_api_visit` VALUES ('1696', '122', '20200809', '18', null, '1', '172.18.32.205', 'worldTree', '172.18.32.205:1081');
INSERT INTO `upms_api_visit` VALUES ('1697', '122', '20200809', '18', null, '1', '172.18.32.205', 'chat', '172.18.32.205:1081');
INSERT INTO `upms_api_visit` VALUES ('1698', '122', '20200809', '19', null, '1', '172.18.32.205', 'article', '172.18.32.205:1081');
INSERT INTO `upms_api_visit` VALUES ('1699', '122', '20200809', '19', null, '1', '172.18.32.205', 'pcgl', '172.18.32.205:1081');
INSERT INTO `upms_api_visit` VALUES ('1700', '122', '20200809', '19', null, '1', '172.18.32.205', 'worldTree', '172.18.32.205:1081');
INSERT INTO `upms_api_visit` VALUES ('1701', '122', '20200809', '19', null, '1', '172.18.32.205', 'chat', '172.18.32.205:1081');
INSERT INTO `upms_api_visit` VALUES ('1702', '72', '20200809', '20', null, '4', '175.8.49.33', 'nc-nginx', '172.18.32.205:1081');
INSERT INTO `upms_api_visit` VALUES ('1703', '80', '20200809', '20', '30', '4', '175.8.49.33', 'nc-nginx', '172.18.32.205:1081');
INSERT INTO `upms_api_visit` VALUES ('1704', '55', '20200809', '20', null, '4', '175.8.49.33', 'nc-nginx', '172.18.32.205:1081');
INSERT INTO `upms_api_visit` VALUES ('1705', '122', '20200809', '20', null, '1', '172.18.32.205', 'chat', '172.18.32.205:1081');
INSERT INTO `upms_api_visit` VALUES ('1706', '107', '20200809', '20', '30', '3', '175.8.49.33', 'nc-nginx', '172.18.32.205:1081');
INSERT INTO `upms_api_visit` VALUES ('1707', '122', '20200809', '20', null, '1', '172.18.32.205', 'article', '172.18.32.205:1081');
INSERT INTO `upms_api_visit` VALUES ('1708', '122', '20200809', '20', null, '1', '172.18.32.205', 'worldTree', '172.18.32.205:1081');
INSERT INTO `upms_api_visit` VALUES ('1709', '122', '20200809', '20', null, '1', '172.18.32.205', 'pcgl', '172.18.32.205:1081');
INSERT INTO `upms_api_visit` VALUES ('1710', '157', '20200809', '20', '30', '3', '175.8.49.33', 'nc-nginx', '172.18.32.205:1081');
INSERT INTO `upms_api_visit` VALUES ('1711', '81', '20200809', '20', '30', '10', '175.8.49.33', 'nc-nginx', '172.18.32.205:1081');
INSERT INTO `upms_api_visit` VALUES ('1712', '202', '20200809', '20', null, '2', '172.18.32.205', 'chat', '172.18.32.205:1081');
INSERT INTO `upms_api_visit` VALUES ('1713', '155', '20200809', '20', '30', '1', '175.8.49.33', 'nc-nginx', '172.18.32.205:1081');
INSERT INTO `upms_api_visit` VALUES ('1714', '167', '20200809', '20', '30', '1', '175.8.49.33', 'nc-nginx', '172.18.32.205:1081');
INSERT INTO `upms_api_visit` VALUES ('1715', '115', '20200809', '20', '30', '1', '175.8.49.33', 'nc-nginx', '172.18.32.205:1081');
INSERT INTO `upms_api_visit` VALUES ('1716', '197', '20200809', '20', '30', '1', '175.8.49.33', 'nc-nginx', '172.18.32.205:1081');
INSERT INTO `upms_api_visit` VALUES ('1717', '88', '20200809', '20', '30', '3', '175.8.49.33', 'nc-nginx', '172.18.32.205:1081');
INSERT INTO `upms_api_visit` VALUES ('1718', '72', '20200809', '20', null, '2', '172.18.32.205', 'chat', '172.18.32.205:1081');
INSERT INTO `upms_api_visit` VALUES ('1719', '110', '20200809', '20', '30', '1', '175.8.49.33', 'nc-nginx', '172.18.32.205:1081');
INSERT INTO `upms_api_visit` VALUES ('1720', '116', '20200809', '20', '30', '3', '175.8.49.33', 'nc-nginx', '172.18.32.205:1081');
INSERT INTO `upms_api_visit` VALUES ('1721', '158', '20200809', '20', '30', '1', '175.8.49.33', 'nc-nginx', '172.18.32.205:1081');
INSERT INTO `upms_api_visit` VALUES ('1722', '108', '20200809', '20', '30', '1', '175.8.49.33', 'nc-nginx', '172.18.32.205:1081');
INSERT INTO `upms_api_visit` VALUES ('1723', '74', '20200809', '20', null, '1', '175.8.49.33', 'nc-nginx', '172.18.32.205:1081');
INSERT INTO `upms_api_visit` VALUES ('1724', '119', '20200809', '20', '30', '2', '175.8.49.33', 'nc-nginx', '172.18.32.205:1081');
INSERT INTO `upms_api_visit` VALUES ('1725', '122', '20200809', '21', null, '1', '172.18.32.205', 'worldTree', '172.18.32.205:1081');
INSERT INTO `upms_api_visit` VALUES ('1726', '122', '20200809', '21', null, '1', '172.18.32.205', 'chat', '172.18.32.205:1081');
INSERT INTO `upms_api_visit` VALUES ('1727', '122', '20200809', '21', null, '1', '172.18.32.205', 'article', '172.18.32.205:1081');
INSERT INTO `upms_api_visit` VALUES ('1728', '122', '20200809', '21', null, '1', '172.18.32.205', 'pcgl', '172.18.32.205:1081');
INSERT INTO `upms_api_visit` VALUES ('1729', '122', '20200809', '22', null, '1', '172.18.32.205', 'worldTree', '172.18.32.205:1081');
INSERT INTO `upms_api_visit` VALUES ('1730', '80', '20200809', '22', '30', '1', '27.227.50.43', 'nc-nginx', '172.18.32.205:1081');
INSERT INTO `upms_api_visit` VALUES ('1731', '122', '20200809', '22', null, '1', '172.18.32.205', 'chat', '172.18.32.205:1081');
INSERT INTO `upms_api_visit` VALUES ('1732', '56', '20200809', '22', null, '3', '27.227.50.43', 'nc-nginx', '172.18.32.205:1081');
INSERT INTO `upms_api_visit` VALUES ('1733', '122', '20200809', '22', null, '1', '172.18.32.205', 'article', '172.18.32.205:1081');
INSERT INTO `upms_api_visit` VALUES ('1734', '88', '20200809', '22', '30', '1', '27.227.50.43', 'nc-nginx', '172.18.32.205:1081');
INSERT INTO `upms_api_visit` VALUES ('1735', '81', '20200809', '22', '30', '3', '27.227.50.43', 'nc-nginx', '172.18.32.205:1081');
INSERT INTO `upms_api_visit` VALUES ('1736', '202', '20200809', '22', null, '1', '172.18.32.205', 'chat', '172.18.32.205:1081');
INSERT INTO `upms_api_visit` VALUES ('1737', '186', '20200809', '22', null, '1', '27.227.50.43', 'nc-nginx', '172.18.32.205:1081');
INSERT INTO `upms_api_visit` VALUES ('1738', '171', '20200809', '22', null, '1', '27.227.50.43', 'nc-nginx', '172.18.32.205:1081');
INSERT INTO `upms_api_visit` VALUES ('1739', '149', '20200809', '22', null, '2', '27.227.50.43', 'nc-nginx', '172.18.32.205:1081');
INSERT INTO `upms_api_visit` VALUES ('1740', '72', '20200809', '22', null, '1', '172.18.32.205', 'chat', '172.18.32.205:1081');
INSERT INTO `upms_api_visit` VALUES ('1741', '60', '20200809', '22', null, '5', '27.227.50.43', 'nc-nginx', '172.18.32.205:1081');
INSERT INTO `upms_api_visit` VALUES ('1742', '72', '20200809', '22', null, '1', '27.227.50.43', 'nc-nginx', '172.18.32.205:1081');
INSERT INTO `upms_api_visit` VALUES ('1743', '100', '20200809', '22', null, '1', '27.227.50.43', 'nc-nginx', '172.18.32.205:1081');
INSERT INTO `upms_api_visit` VALUES ('1744', '107', '20200809', '22', '30', '1', '27.227.50.43', 'nc-nginx', '172.18.32.205:1081');
INSERT INTO `upms_api_visit` VALUES ('1745', '55', '20200809', '22', null, '9', '27.227.50.43', 'nc-nginx', '172.18.32.205:1081');
INSERT INTO `upms_api_visit` VALUES ('1746', '101', '20200809', '22', null, '6', '27.227.50.43', 'nc-nginx', '172.18.32.205:1081');
INSERT INTO `upms_api_visit` VALUES ('1747', '67', '20200809', '22', null, '2', '27.227.50.43', 'nc-nginx', '172.18.32.205:1081');
INSERT INTO `upms_api_visit` VALUES ('1748', '71', '20200809', '22', null, '2', '27.227.50.43', 'nc-nginx', '172.18.32.205:1081');
INSERT INTO `upms_api_visit` VALUES ('1749', '122', '20200809', '22', null, '1', '172.18.32.205', 'pcgl', '172.18.32.205:1081');
INSERT INTO `upms_api_visit` VALUES ('1750', '139', '20200809', '22', null, '1', '27.227.50.43', 'nc-nginx', '172.18.32.205:1081');
INSERT INTO `upms_api_visit` VALUES ('1751', '51', '20200809', '22', null, '1', '27.227.50.43', 'nc-nginx', '172.18.32.205:1081');
INSERT INTO `upms_api_visit` VALUES ('1752', '74', '20200809', '22', null, '1', '27.227.50.43', 'nc-nginx', '172.18.32.205:1081');
INSERT INTO `upms_api_visit` VALUES ('1753', '122', '20200809', '23', null, '1', '172.18.32.205', 'pcgl', '172.18.32.205:1081');
INSERT INTO `upms_api_visit` VALUES ('1754', '122', '20200809', '23', null, '1', '172.18.32.205', 'article', '172.18.32.205:1081');
INSERT INTO `upms_api_visit` VALUES ('1755', '122', '20200809', '23', null, '1', '172.18.32.205', 'chat', '172.18.32.205:1081');
INSERT INTO `upms_api_visit` VALUES ('1756', '122', '20200809', '23', null, '1', '172.18.32.205', 'worldTree', '172.18.32.205:1081');
INSERT INTO `upms_api_visit` VALUES ('1757', '122', '20200810', '00', null, '1', '172.18.32.205', 'pcgl', '172.18.32.205:1081');
INSERT INTO `upms_api_visit` VALUES ('1758', '122', '20200810', '00', null, '1', '172.18.32.205', 'worldTree', '172.18.32.205:1081');
INSERT INTO `upms_api_visit` VALUES ('1759', '122', '20200810', '00', null, '1', '172.18.32.205', 'article', '172.18.32.205:1081');
INSERT INTO `upms_api_visit` VALUES ('1760', '122', '20200810', '00', null, '1', '172.18.32.205', 'chat', '172.18.32.205:1081');
INSERT INTO `upms_api_visit` VALUES ('1761', '122', '20200810', '01', null, '1', '172.18.32.205', 'article', '172.18.32.205:1081');
INSERT INTO `upms_api_visit` VALUES ('1762', '122', '20200810', '01', null, '1', '172.18.32.205', 'chat', '172.18.32.205:1081');
INSERT INTO `upms_api_visit` VALUES ('1763', '122', '20200810', '01', null, '1', '172.18.32.205', 'worldTree', '172.18.32.205:1081');
INSERT INTO `upms_api_visit` VALUES ('1764', '122', '20200810', '01', null, '1', '172.18.32.205', 'pcgl', '172.18.32.205:1081');
INSERT INTO `upms_api_visit` VALUES ('1765', '122', '20200810', '02', null, '1', '172.18.32.205', 'chat', '172.18.32.205:1081');
INSERT INTO `upms_api_visit` VALUES ('1766', '122', '20200810', '02', null, '1', '172.18.32.205', 'article', '172.18.32.205:1081');
INSERT INTO `upms_api_visit` VALUES ('1767', '122', '20200810', '02', null, '1', '172.18.32.205', 'worldTree', '172.18.32.205:1081');
INSERT INTO `upms_api_visit` VALUES ('1768', '122', '20200810', '02', null, '1', '172.18.32.205', 'pcgl', '172.18.32.205:1081');
INSERT INTO `upms_api_visit` VALUES ('1769', '122', '20200810', '03', null, '1', '172.18.32.205', 'chat', '172.18.32.205:1081');
INSERT INTO `upms_api_visit` VALUES ('1770', '122', '20200810', '03', null, '1', '172.18.32.205', 'pcgl', '172.18.32.205:1081');
INSERT INTO `upms_api_visit` VALUES ('1771', '122', '20200810', '03', null, '1', '172.18.32.205', 'worldTree', '172.18.32.205:1081');
INSERT INTO `upms_api_visit` VALUES ('1772', '122', '20200810', '03', null, '1', '172.18.32.205', 'article', '172.18.32.205:1081');
INSERT INTO `upms_api_visit` VALUES ('1773', '122', '20200810', '04', null, '1', '172.18.32.205', 'pcgl', '172.18.32.205:1081');
INSERT INTO `upms_api_visit` VALUES ('1774', '122', '20200810', '04', null, '1', '172.18.32.205', 'worldTree', '172.18.32.205:1081');
INSERT INTO `upms_api_visit` VALUES ('1775', '122', '20200810', '04', null, '1', '172.18.32.205', 'article', '172.18.32.205:1081');
INSERT INTO `upms_api_visit` VALUES ('1776', '122', '20200810', '04', null, '1', '172.18.32.205', 'chat', '172.18.32.205:1081');
INSERT INTO `upms_api_visit` VALUES ('1777', '122', '20200810', '05', null, '1', '172.18.32.205', 'worldTree', '172.18.32.205:1081');
INSERT INTO `upms_api_visit` VALUES ('1778', '122', '20200810', '05', null, '1', '172.18.32.205', 'pcgl', '172.18.32.205:1081');
INSERT INTO `upms_api_visit` VALUES ('1779', '122', '20200810', '05', null, '1', '172.18.32.205', 'chat', '172.18.32.205:1081');
INSERT INTO `upms_api_visit` VALUES ('1780', '122', '20200810', '05', null, '1', '172.18.32.205', 'article', '172.18.32.205:1081');
INSERT INTO `upms_api_visit` VALUES ('1781', '122', '20200810', '06', null, '1', '172.18.32.205', 'pcgl', '172.18.32.205:1081');
INSERT INTO `upms_api_visit` VALUES ('1782', '122', '20200810', '06', null, '1', '172.18.32.205', 'worldTree', '172.18.32.205:1081');
INSERT INTO `upms_api_visit` VALUES ('1783', '122', '20200810', '06', null, '1', '172.18.32.205', 'chat', '172.18.32.205:1081');
INSERT INTO `upms_api_visit` VALUES ('1784', '122', '20200810', '06', null, '1', '172.18.32.205', 'article', '172.18.32.205:1081');
INSERT INTO `upms_api_visit` VALUES ('1785', '122', '20200810', '07', null, '1', '172.18.32.205', 'worldTree', '172.18.32.205:1081');
INSERT INTO `upms_api_visit` VALUES ('1786', '122', '20200810', '07', null, '1', '172.18.32.205', 'pcgl', '172.18.32.205:1081');
INSERT INTO `upms_api_visit` VALUES ('1787', '122', '20200810', '07', null, '1', '172.18.32.205', 'chat', '172.18.32.205:1081');
INSERT INTO `upms_api_visit` VALUES ('1788', '122', '20200810', '07', null, '1', '172.18.32.205', 'article', '172.18.32.205:1081');
INSERT INTO `upms_api_visit` VALUES ('1789', '81', '20200810', '08', '30', '10', '182.149.167.210', 'nc-nginx', '172.18.32.205:1081');
INSERT INTO `upms_api_visit` VALUES ('1790', '60', '20200810', '08', null, '3', '182.149.167.210', 'nc-nginx', '172.18.32.205:1081');
INSERT INTO `upms_api_visit` VALUES ('1791', '171', '20200810', '08', null, '1', '182.149.167.210', 'nc-nginx', '172.18.32.205:1081');
INSERT INTO `upms_api_visit` VALUES ('1792', '80', '20200810', '08', '30', '4', '182.149.167.210', 'nc-nginx', '172.18.32.205:1081');
INSERT INTO `upms_api_visit` VALUES ('1793', '186', '20200810', '08', null, '1', '182.149.167.210', 'nc-nginx', '172.18.32.205:1081');
INSERT INTO `upms_api_visit` VALUES ('1794', '115', '20200810', '08', '30', '2', '182.149.167.210', 'nc-nginx', '172.18.32.205:1081');
INSERT INTO `upms_api_visit` VALUES ('1795', '56', '20200810', '08', null, '2', '182.149.167.210', 'nc-nginx', '172.18.32.205:1081');
INSERT INTO `upms_api_visit` VALUES ('1796', '122', '20200810', '08', null, '1', '172.18.32.205', 'pcgl', '172.18.32.205:1081');
INSERT INTO `upms_api_visit` VALUES ('1797', '122', '20200810', '08', null, '1', '172.18.32.205', 'worldTree', '172.18.32.205:1081');
INSERT INTO `upms_api_visit` VALUES ('1798', '67', '20200810', '08', null, '1', '182.149.167.210', 'nc-nginx', '172.18.32.205:1081');
INSERT INTO `upms_api_visit` VALUES ('1799', '74', '20200810', '08', null, '1', '182.149.167.210', 'nc-nginx', '172.18.32.205:1081');
INSERT INTO `upms_api_visit` VALUES ('1800', '116', '20200810', '08', '30', '10', '182.149.167.210', 'nc-nginx', '172.18.32.205:1081');
INSERT INTO `upms_api_visit` VALUES ('1801', '149', '20200810', '08', null, '1', '182.149.167.210', 'nc-nginx', '172.18.32.205:1081');
INSERT INTO `upms_api_visit` VALUES ('1802', '55', '20200810', '08', null, '3', '182.149.167.210', 'nc-nginx', '172.18.32.205:1081');
INSERT INTO `upms_api_visit` VALUES ('1803', '107', '20200810', '08', '30', '4', '182.149.167.210', 'nc-nginx', '172.18.32.205:1081');
INSERT INTO `upms_api_visit` VALUES ('1804', '51', '20200810', '08', null, '1', '182.149.167.210', 'nc-nginx', '172.18.32.205:1081');
INSERT INTO `upms_api_visit` VALUES ('1805', '88', '20200810', '08', '30', '3', '182.149.167.210', 'nc-nginx', '172.18.32.205:1081');
INSERT INTO `upms_api_visit` VALUES ('1806', '155', '20200810', '08', '30', '2', '182.149.167.210', 'nc-nginx', '172.18.32.205:1081');
INSERT INTO `upms_api_visit` VALUES ('1807', '202', '20200810', '08', null, '1', '172.18.32.205', 'chat', '172.18.32.205:1081');
INSERT INTO `upms_api_visit` VALUES ('1808', '71', '20200810', '08', null, '1', '182.149.167.210', 'nc-nginx', '172.18.32.205:1081');
INSERT INTO `upms_api_visit` VALUES ('1809', '122', '20200810', '08', null, '1', '172.18.32.205', 'article', '172.18.32.205:1081');
INSERT INTO `upms_api_visit` VALUES ('1810', '101', '20200810', '08', null, '6', '182.149.167.210', 'nc-nginx', '172.18.32.205:1081');
INSERT INTO `upms_api_visit` VALUES ('1811', '72', '20200810', '08', null, '1', '182.149.167.210', 'nc-nginx', '172.18.32.205:1081');
INSERT INTO `upms_api_visit` VALUES ('1812', '122', '20200810', '08', null, '1', '172.18.32.205', 'chat', '172.18.32.205:1081');
INSERT INTO `upms_api_visit` VALUES ('1813', '72', '20200810', '08', null, '1', '172.18.32.205', 'chat', '172.18.32.205:1081');
INSERT INTO `upms_api_visit` VALUES ('1814', '122', '20200810', '09', null, '1', '172.18.32.205', 'pcgl', '172.18.32.205:1081');
INSERT INTO `upms_api_visit` VALUES ('1815', '72', '20200810', '09', null, '1', '172.18.32.205', 'worldTree', '172.18.32.205:1081');
INSERT INTO `upms_api_visit` VALUES ('1816', '149', '20200810', '09', null, '4', '202.106.149.212', 'nc-nginx', '172.18.32.205:1081');
INSERT INTO `upms_api_visit` VALUES ('1817', '187', '20200810', '09', null, '4', '202.106.149.212', 'nc-nginx', '172.18.32.205:1081');
INSERT INTO `upms_api_visit` VALUES ('1818', '202', '20200810', '09', null, '2', '172.18.32.205', 'chat', '172.18.32.205:1081');
INSERT INTO `upms_api_visit` VALUES ('1819', '122', '20200810', '09', null, '1', '172.18.32.205', 'article', '172.18.32.205:1081');
INSERT INTO `upms_api_visit` VALUES ('1820', '71', '20200810', '09', null, '2', '117.89.14.98', 'nc-nginx', '172.18.32.205:1081');
INSERT INTO `upms_api_visit` VALUES ('1821', '72', '20200810', '09', null, '2', '113.110.224.190', 'nc-nginx', '172.18.32.205:1081');
INSERT INTO `upms_api_visit` VALUES ('1822', '67', '20200810', '09', null, '2', '113.110.224.190', 'nc-nginx', '172.18.32.205:1081');
INSERT INTO `upms_api_visit` VALUES ('1823', '72', '20200810', '09', null, '2', '172.18.32.205', 'article', '172.18.32.205:1081');
INSERT INTO `upms_api_visit` VALUES ('1824', '122', '20200810', '09', null, '1', '172.18.32.205', 'chat', '172.18.32.205:1081');
INSERT INTO `upms_api_visit` VALUES ('1825', '72', '20200810', '09', null, '4', '172.18.32.205', 'chat', '172.18.32.205:1081');
INSERT INTO `upms_api_visit` VALUES ('1826', '60', '20200810', '09', null, '4', '117.89.14.98', 'nc-nginx', '172.18.32.205:1081');
INSERT INTO `upms_api_visit` VALUES ('1827', '54', '20200810', '09', null, '3', '202.106.149.212', 'nc-nginx', '172.18.32.205:1081');
INSERT INTO `upms_api_visit` VALUES ('1828', '60', '20200810', '09', null, '1', '113.110.224.190', 'nc-nginx', '172.18.32.205:1081');
INSERT INTO `upms_api_visit` VALUES ('1829', '122', '20200810', '09', null, '1', '172.18.32.205', 'worldTree', '172.18.32.205:1081');
INSERT INTO `upms_api_visit` VALUES ('1830', '63', '20200810', '09', null, '2', '202.106.149.212', 'nc-nginx', '172.18.32.205:1081');
INSERT INTO `upms_api_visit` VALUES ('1831', '100', '20200810', '09', null, '1', '117.89.14.98', 'nc-nginx', '172.18.32.205:1081');
INSERT INTO `upms_api_visit` VALUES ('1832', '60', '20200810', '09', null, '9', '202.106.149.212', 'nc-nginx', '172.18.32.205:1081');
INSERT INTO `upms_api_visit` VALUES ('1833', '56', '20200810', '09', null, '5', '202.106.149.212', 'nc-nginx', '172.18.32.205:1081');
INSERT INTO `upms_api_visit` VALUES ('1834', '67', '20200810', '09', null, '2', '117.89.14.98', 'nc-nginx', '172.18.32.205:1081');
INSERT INTO `upms_api_visit` VALUES ('1835', '186', '20200810', '09', null, '1', '117.89.14.98', 'nc-nginx', '172.18.32.205:1081');
INSERT INTO `upms_api_visit` VALUES ('1836', '171', '20200810', '09', null, '1', '117.89.14.98', 'nc-nginx', '172.18.32.205:1081');
INSERT INTO `upms_api_visit` VALUES ('1837', '67', '20200810', '09', null, '5', '202.106.149.212', 'nc-nginx', '172.18.32.205:1081');
INSERT INTO `upms_api_visit` VALUES ('1838', '169', '20200810', '09', null, '2', '202.106.149.212', 'nc-nginx', '172.18.32.205:1081');
INSERT INTO `upms_api_visit` VALUES ('1839', '186', '20200810', '09', null, '1', '202.106.149.212', 'nc-nginx', '172.18.32.205:1081');
INSERT INTO `upms_api_visit` VALUES ('1840', '55', '20200810', '09', null, '2', '117.89.14.98', 'nc-nginx', '172.18.32.205:1081');
INSERT INTO `upms_api_visit` VALUES ('1841', '101', '20200810', '09', null, '18', '202.106.149.212', 'nc-nginx', '172.18.32.205:1081');
INSERT INTO `upms_api_visit` VALUES ('1842', '71', '20200810', '09', null, '1', '202.106.149.212', 'nc-nginx', '172.18.32.205:1081');
INSERT INTO `upms_api_visit` VALUES ('1843', '51', '20200810', '09', null, '8', '202.106.149.212', 'nc-nginx', '172.18.32.205:1081');
INSERT INTO `upms_api_visit` VALUES ('1844', '55', '20200810', '09', null, '12', '202.106.149.212', 'nc-nginx', '172.18.32.205:1081');
INSERT INTO `upms_api_visit` VALUES ('1845', '190', '20200810', '09', null, '2', '172.18.32.205', 'article', '172.18.32.205:1081');
INSERT INTO `upms_api_visit` VALUES ('1846', '188', '20200810', '09', null, '4', '202.106.149.212', 'nc-nginx', '172.18.32.205:1081');
INSERT INTO `upms_api_visit` VALUES ('1847', '56', '20200810', '09', null, '1', '117.89.14.98', 'nc-nginx', '172.18.32.205:1081');
INSERT INTO `upms_api_visit` VALUES ('1848', '81', '20200810', '09', '30', '3', '113.110.224.190', 'nc-nginx', '172.18.32.205:1081');
INSERT INTO `upms_api_visit` VALUES ('1849', '51', '20200810', '09', null, '1', '117.89.14.98', 'nc-nginx', '172.18.32.205:1081');
INSERT INTO `upms_api_visit` VALUES ('1850', '74', '20200810', '09', null, '2', '113.110.224.190', 'nc-nginx', '172.18.32.205:1081');
INSERT INTO `upms_api_visit` VALUES ('1851', '171', '20200810', '09', null, '1', '202.106.149.212', 'nc-nginx', '172.18.32.205:1081');
INSERT INTO `upms_api_visit` VALUES ('1852', '149', '20200810', '09', null, '1', '117.89.14.98', 'nc-nginx', '172.18.32.205:1081');
INSERT INTO `upms_api_visit` VALUES ('1853', '55', '20200810', '09', null, '1', '113.110.224.190', 'nc-nginx', '172.18.32.205:1081');
INSERT INTO `upms_api_visit` VALUES ('1854', '81', '20200810', '10', '30', '3', '123.139.53.152', 'nc-nginx', '172.18.32.205:1081');
INSERT INTO `upms_api_visit` VALUES ('1855', '88', '20200810', '10', '30', '1', '123.139.53.152', 'nc-nginx', '172.18.32.205:1081');
INSERT INTO `upms_api_visit` VALUES ('1856', '72', '20200810', '10', null, '3', '172.18.32.205', 'chat', '172.18.32.205:1081');
INSERT INTO `upms_api_visit` VALUES ('1857', '74', '20200810', '10', null, '1', '123.139.53.152', 'nc-nginx', '172.18.32.205:1081');
INSERT INTO `upms_api_visit` VALUES ('1858', '81', '20200810', '10', '30', '5', '219.135.136.234', 'nc-nginx', '172.18.32.205:1081');
INSERT INTO `upms_api_visit` VALUES ('1859', '149', '20200810', '10', null, '2', '123.139.53.152', 'nc-nginx', '172.18.32.205:1081');
INSERT INTO `upms_api_visit` VALUES ('1860', '88', '20200810', '10', '30', '4', '219.135.136.234', 'nc-nginx', '172.18.32.205:1081');
INSERT INTO `upms_api_visit` VALUES ('1861', '107', '20200810', '10', '30', '2', '123.139.53.152', 'nc-nginx', '172.18.32.205:1081');
INSERT INTO `upms_api_visit` VALUES ('1862', '55', '20200810', '10', null, '1', '123.139.53.152', 'nc-nginx', '172.18.32.205:1081');
INSERT INTO `upms_api_visit` VALUES ('1863', '56', '20200810', '10', null, '1', '123.139.53.152', 'nc-nginx', '172.18.32.205:1081');
INSERT INTO `upms_api_visit` VALUES ('1864', '81', '20200810', '10', '30', '2', '115.238.48.66', 'nc-nginx', '172.18.32.205:1081');
INSERT INTO `upms_api_visit` VALUES ('1865', '67', '20200810', '10', null, '1', '123.139.53.152', 'nc-nginx', '172.18.32.205:1081');
INSERT INTO `upms_api_visit` VALUES ('1866', '60', '20200810', '10', null, '2', '123.139.53.152', 'nc-nginx', '172.18.32.205:1081');
INSERT INTO `upms_api_visit` VALUES ('1867', '107', '20200810', '10', '30', '5', '219.135.136.234', 'nc-nginx', '172.18.32.205:1081');
INSERT INTO `upms_api_visit` VALUES ('1868', '88', '20200810', '10', '30', '1', '115.238.48.66', 'nc-nginx', '172.18.32.205:1081');
INSERT INTO `upms_api_visit` VALUES ('1869', '72', '20200810', '10', null, '1', '219.135.136.234', 'nc-nginx', '172.18.32.205:1081');
INSERT INTO `upms_api_visit` VALUES ('1870', '122', '20200810', '10', null, '1', '172.18.32.205', 'worldTree', '172.18.32.205:1081');
INSERT INTO `upms_api_visit` VALUES ('1871', '139', '20200810', '10', null, '1', '123.139.53.152', 'nc-nginx', '172.18.32.205:1081');
INSERT INTO `upms_api_visit` VALUES ('1872', '107', '20200810', '10', '30', '1', '115.238.48.66', 'nc-nginx', '172.18.32.205:1081');
INSERT INTO `upms_api_visit` VALUES ('1873', '122', '20200810', '10', null, '1', '172.18.32.205', 'chat', '172.18.32.205:1081');
INSERT INTO `upms_api_visit` VALUES ('1874', '74', '20200810', '10', null, '2', '115.238.48.66', 'nc-nginx', '172.18.32.205:1081');
INSERT INTO `upms_api_visit` VALUES ('1875', '72', '20200810', '10', null, '2', '115.238.48.66', 'nc-nginx', '172.18.32.205:1081');
INSERT INTO `upms_api_visit` VALUES ('1876', '116', '20200810', '10', '30', '1', '219.135.136.234', 'nc-nginx', '172.18.32.205:1081');
INSERT INTO `upms_api_visit` VALUES ('1877', '80', '20200810', '10', '30', '1', '123.139.53.152', 'nc-nginx', '172.18.32.205:1081');
INSERT INTO `upms_api_visit` VALUES ('1878', '122', '20200810', '10', null, '1', '172.18.32.205', 'article', '172.18.32.205:1081');
INSERT INTO `upms_api_visit` VALUES ('1879', '74', '20200810', '10', null, '1', '219.135.136.234', 'nc-nginx', '172.18.32.205:1081');
INSERT INTO `upms_api_visit` VALUES ('1880', '119', '20200810', '10', '30', '1', '219.135.136.234', 'nc-nginx', '172.18.32.205:1081');
INSERT INTO `upms_api_visit` VALUES ('1881', '72', '20200810', '10', null, '1', '123.139.53.152', 'nc-nginx', '172.18.32.205:1081');
INSERT INTO `upms_api_visit` VALUES ('1882', '80', '20200810', '10', '30', '1', '219.135.136.234', 'nc-nginx', '172.18.32.205:1081');
INSERT INTO `upms_api_visit` VALUES ('1883', '202', '20200810', '10', null, '3', '172.18.32.205', 'chat', '172.18.32.205:1081');
INSERT INTO `upms_api_visit` VALUES ('1884', '122', '20200810', '10', null, '1', '172.18.32.205', 'pcgl', '172.18.32.205:1081');
INSERT INTO `upms_api_visit` VALUES ('1885', '100', '20200810', '10', null, '4', '123.139.53.152', 'nc-nginx', '172.18.32.205:1081');
INSERT INTO `upms_api_visit` VALUES ('1886', '81', '20200810', '10', '30', '1', '113.110.224.190', 'nc-nginx', '172.18.32.205:1081');
INSERT INTO `upms_api_visit` VALUES ('1887', '202', '20200810', '11', null, '1', '172.18.32.205', 'chat', '172.18.32.205:1081');
INSERT INTO `upms_api_visit` VALUES ('1888', '74', '20200810', '11', null, '1', '115.194.189.205', 'nc-nginx', '172.18.32.205:1081');
INSERT INTO `upms_api_visit` VALUES ('1889', '122', '20200810', '11', null, '1', '172.18.32.205', 'worldTree', '172.18.32.205:1081');
INSERT INTO `upms_api_visit` VALUES ('1890', '122', '20200810', '11', null, '1', '172.18.32.205', 'chat', '172.18.32.205:1081');
INSERT INTO `upms_api_visit` VALUES ('1891', '122', '20200810', '11', null, '1', '172.18.32.205', 'pcgl', '172.18.32.205:1081');
INSERT INTO `upms_api_visit` VALUES ('1892', '122', '20200810', '11', null, '1', '172.18.32.205', 'article', '172.18.32.205:1081');
INSERT INTO `upms_api_visit` VALUES ('1893', '81', '20200810', '11', '30', '1', '115.194.189.205', 'nc-nginx', '172.18.32.205:1081');
INSERT INTO `upms_api_visit` VALUES ('1894', '72', '20200810', '11', null, '1', '115.194.189.205', 'nc-nginx', '172.18.32.205:1081');
INSERT INTO `upms_api_visit` VALUES ('1895', '72', '20200810', '11', null, '1', '172.18.32.205', 'chat', '172.18.32.205:1081');
INSERT INTO `upms_api_visit` VALUES ('1896', '122', '20200810', '12', null, '1', '172.18.32.205', 'article', '172.18.32.205:1081');
INSERT INTO `upms_api_visit` VALUES ('1897', '107', '20200810', '12', '30', '2', '115.194.189.205', 'nc-nginx', '172.18.32.205:1081');
INSERT INTO `upms_api_visit` VALUES ('1898', '80', '20200810', '12', '30', '3', '115.194.189.205', 'nc-nginx', '172.18.32.205:1081');
INSERT INTO `upms_api_visit` VALUES ('1899', '81', '20200810', '12', '30', '5', '115.194.189.205', 'nc-nginx', '172.18.32.205:1081');
INSERT INTO `upms_api_visit` VALUES ('1900', '88', '20200810', '12', '30', '1', '115.194.189.205', 'nc-nginx', '172.18.32.205:1081');
INSERT INTO `upms_api_visit` VALUES ('1901', '122', '20200810', '12', null, '1', '172.18.32.205', 'pcgl', '172.18.32.205:1081');
INSERT INTO `upms_api_visit` VALUES ('1902', '122', '20200810', '12', null, '1', '172.18.32.205', 'worldTree', '172.18.32.205:1081');
INSERT INTO `upms_api_visit` VALUES ('1903', '122', '20200810', '12', null, '1', '172.18.32.205', 'chat', '172.18.32.205:1081');
INSERT INTO `upms_api_visit` VALUES ('1904', '88', '20200810', '13', '30', '1', '115.194.189.205', 'nc-nginx', '172.18.32.205:1081');
INSERT INTO `upms_api_visit` VALUES ('1905', '101', '20200810', '13', null, '6', '115.194.189.205', 'nc-nginx', '172.18.32.205:1081');
INSERT INTO `upms_api_visit` VALUES ('1906', '56', '20200810', '13', null, '1', '124.127.118.165', 'nc-nginx', '172.18.32.205:1081');
INSERT INTO `upms_api_visit` VALUES ('1907', '56', '20200810', '13', null, '3', '115.194.189.205', 'nc-nginx', '172.18.32.205:1081');
INSERT INTO `upms_api_visit` VALUES ('1908', '54', '20200810', '13', null, '1', '124.127.118.165', 'nc-nginx', '172.18.32.205:1081');
INSERT INTO `upms_api_visit` VALUES ('1909', '67', '20200810', '13', null, '1', '115.194.189.205', 'nc-nginx', '172.18.32.205:1081');
INSERT INTO `upms_api_visit` VALUES ('1910', '55', '20200810', '13', null, '1', '124.127.118.165', 'nc-nginx', '172.18.32.205:1081');
INSERT INTO `upms_api_visit` VALUES ('1911', '101', '20200810', '13', null, '6', '124.127.118.165', 'nc-nginx', '172.18.32.205:1081');
INSERT INTO `upms_api_visit` VALUES ('1912', '51', '20200810', '13', null, '1', '115.194.189.205', 'nc-nginx', '172.18.32.205:1081');
INSERT INTO `upms_api_visit` VALUES ('1913', '67', '20200810', '13', null, '1', '124.127.118.165', 'nc-nginx', '172.18.32.205:1081');
INSERT INTO `upms_api_visit` VALUES ('1914', '122', '20200810', '13', null, '1', '172.18.32.205', 'article', '172.18.32.205:1081');
INSERT INTO `upms_api_visit` VALUES ('1915', '60', '20200810', '13', null, '3', '115.194.189.205', 'nc-nginx', '172.18.32.205:1081');
INSERT INTO `upms_api_visit` VALUES ('1916', '122', '20200810', '13', null, '1', '172.18.32.205', 'chat', '172.18.32.205:1081');
INSERT INTO `upms_api_visit` VALUES ('1917', '149', '20200810', '13', null, '1', '115.194.189.205', 'nc-nginx', '172.18.32.205:1081');
INSERT INTO `upms_api_visit` VALUES ('1918', '122', '20200810', '13', null, '1', '172.18.32.205', 'worldTree', '172.18.32.205:1081');
INSERT INTO `upms_api_visit` VALUES ('1919', '122', '20200810', '13', null, '1', '172.18.32.205', 'pcgl', '172.18.32.205:1081');
INSERT INTO `upms_api_visit` VALUES ('1920', '171', '20200810', '13', null, '1', '115.194.189.205', 'nc-nginx', '172.18.32.205:1081');
INSERT INTO `upms_api_visit` VALUES ('1921', '81', '20200810', '13', '30', '1', '115.194.189.205', 'nc-nginx', '172.18.32.205:1081');
INSERT INTO `upms_api_visit` VALUES ('1922', '107', '20200810', '13', '30', '2', '115.194.189.205', 'nc-nginx', '172.18.32.205:1081');
INSERT INTO `upms_api_visit` VALUES ('1923', '55', '20200810', '13', null, '1', '115.194.189.205', 'nc-nginx', '172.18.32.205:1081');
INSERT INTO `upms_api_visit` VALUES ('1924', '60', '20200810', '13', null, '1', '124.127.118.165', 'nc-nginx', '172.18.32.205:1081');
INSERT INTO `upms_api_visit` VALUES ('1925', '74', '20200810', '14', null, '1', '115.194.189.205', 'nc-nginx', '172.18.32.205:1081');
INSERT INTO `upms_api_visit` VALUES ('1926', '74', '20200810', '14', null, '1', '202.104.194.164', 'nc-nginx', '172.18.32.205:1081');
INSERT INTO `upms_api_visit` VALUES ('1927', '107', '20200810', '14', '30', '1', '202.104.194.164', 'nc-nginx', '172.18.32.205:1081');
INSERT INTO `upms_api_visit` VALUES ('1928', '80', '20200810', '14', '30', '2', '110.249.174.92', 'nc-nginx', '172.18.32.205:1081');
INSERT INTO `upms_api_visit` VALUES ('1929', '119', '20200810', '14', '30', '1', '202.104.194.164', 'nc-nginx', '172.18.32.205:1081');
INSERT INTO `upms_api_visit` VALUES ('1930', '149', '20200810', '14', null, '2', '115.194.189.205', 'nc-nginx', '172.18.32.205:1081');
INSERT INTO `upms_api_visit` VALUES ('1931', '157', '20200810', '14', '30', '2', '202.104.194.164', 'nc-nginx', '172.18.32.205:1081');
INSERT INTO `upms_api_visit` VALUES ('1932', '88', '20200810', '14', '30', '1', '202.104.194.164', 'nc-nginx', '172.18.32.205:1081');
INSERT INTO `upms_api_visit` VALUES ('1933', '101', '20200810', '14', null, '6', '202.104.194.164', 'nc-nginx', '172.18.32.205:1081');
INSERT INTO `upms_api_visit` VALUES ('1934', '56', '20200810', '14', null, '2', '202.104.194.164', 'nc-nginx', '172.18.32.205:1081');
INSERT INTO `upms_api_visit` VALUES ('1935', '72', '20200810', '14', null, '3', '202.104.194.164', 'nc-nginx', '172.18.32.205:1081');
INSERT INTO `upms_api_visit` VALUES ('1936', '149', '20200810', '14', null, '1', '202.104.194.164', 'nc-nginx', '172.18.32.205:1081');
INSERT INTO `upms_api_visit` VALUES ('1937', '74', '20200810', '14', null, '4', '110.249.174.92', 'nc-nginx', '172.18.32.205:1081');
INSERT INTO `upms_api_visit` VALUES ('1938', '72', '20200810', '14', null, '3', '110.249.174.92', 'nc-nginx', '172.18.32.205:1081');
INSERT INTO `upms_api_visit` VALUES ('1939', '72', '20200810', '14', null, '1', '115.194.189.205', 'nc-nginx', '172.18.32.205:1081');
INSERT INTO `upms_api_visit` VALUES ('1940', '171', '20200810', '14', null, '2', '115.194.189.205', 'nc-nginx', '172.18.32.205:1081');
INSERT INTO `upms_api_visit` VALUES ('1941', '81', '20200810', '14', '30', '5', '202.104.194.164', 'nc-nginx', '172.18.32.205:1081');
INSERT INTO `upms_api_visit` VALUES ('1942', '74', '20200810', '14', null, '1', '114.85.102.102', 'nc-nginx', '172.18.32.205:1081');
INSERT INTO `upms_api_visit` VALUES ('1943', '122', '20200810', '14', null, '1', '172.18.32.205', 'chat', '172.18.32.205:1081');
INSERT INTO `upms_api_visit` VALUES ('1944', '71', '20200810', '14', null, '1', '202.104.194.164', 'nc-nginx', '172.18.32.205:1081');
INSERT INTO `upms_api_visit` VALUES ('1945', '116', '20200810', '14', '30', '4', '114.85.102.102', 'nc-nginx', '172.18.32.205:1081');
INSERT INTO `upms_api_visit` VALUES ('1946', '88', '20200810', '14', '30', '1', '114.85.102.102', 'nc-nginx', '172.18.32.205:1081');
INSERT INTO `upms_api_visit` VALUES ('1947', '186', '20200810', '14', null, '6', '115.194.189.205', 'nc-nginx', '172.18.32.205:1081');
INSERT INTO `upms_api_visit` VALUES ('1948', '122', '20200810', '14', null, '1', '172.18.32.205', 'pcgl', '172.18.32.205:1081');
INSERT INTO `upms_api_visit` VALUES ('1949', '202', '20200810', '14', null, '7', '172.18.32.205', 'chat', '172.18.32.205:1081');
INSERT INTO `upms_api_visit` VALUES ('1950', '60', '20200810', '14', null, '4', '202.104.194.164', 'nc-nginx', '172.18.32.205:1081');
INSERT INTO `upms_api_visit` VALUES ('1951', '100', '20200810', '14', null, '1', '202.104.194.164', 'nc-nginx', '172.18.32.205:1081');
INSERT INTO `upms_api_visit` VALUES ('1952', '67', '20200810', '14', null, '5', '115.194.189.205', 'nc-nginx', '172.18.32.205:1081');
INSERT INTO `upms_api_visit` VALUES ('1953', '54', '20200810', '14', null, '1', '115.194.189.205', 'nc-nginx', '172.18.32.205:1081');
INSERT INTO `upms_api_visit` VALUES ('1954', '178', '20200810', '14', null, '1', '115.194.189.205', 'nc-nginx', '172.18.32.205:1081');
INSERT INTO `upms_api_visit` VALUES ('1955', '73', '20200810', '14', null, '1', '115.194.189.205', 'nc-nginx', '172.18.32.205:1081');
INSERT INTO `upms_api_visit` VALUES ('1956', '177', '20200810', '14', null, '2', '115.194.189.205', 'nc-nginx', '172.18.32.205:1081');
INSERT INTO `upms_api_visit` VALUES ('1957', '55', '20200810', '14', null, '1', '202.104.194.164', 'nc-nginx', '172.18.32.205:1081');
INSERT INTO `upms_api_visit` VALUES ('1958', '100', '20200810', '14', null, '1', '115.194.189.205', 'nc-nginx', '172.18.32.205:1081');
INSERT INTO `upms_api_visit` VALUES ('1959', '81', '20200810', '14', '30', '4', '110.249.174.92', 'nc-nginx', '172.18.32.205:1081');
INSERT INTO `upms_api_visit` VALUES ('1960', '80', '20200810', '14', '30', '1', '114.85.102.102', 'nc-nginx', '172.18.32.205:1081');
INSERT INTO `upms_api_visit` VALUES ('1961', '55', '20200810', '14', null, '20', '115.194.189.205', 'nc-nginx', '172.18.32.205:1081');
INSERT INTO `upms_api_visit` VALUES ('1962', '51', '20200810', '14', null, '4', '115.194.189.205', 'nc-nginx', '172.18.32.205:1081');
INSERT INTO `upms_api_visit` VALUES ('1963', '182', '20200810', '14', null, '1', '115.194.189.205', 'nc-nginx', '172.18.32.205:1081');
INSERT INTO `upms_api_visit` VALUES ('1964', '72', '20200810', '14', null, '7', '172.18.32.205', 'chat', '172.18.32.205:1081');
INSERT INTO `upms_api_visit` VALUES ('1965', '51', '20200810', '14', null, '1', '202.104.194.164', 'nc-nginx', '172.18.32.205:1081');
INSERT INTO `upms_api_visit` VALUES ('1966', '107', '20200810', '14', '30', '2', '114.85.102.102', 'nc-nginx', '172.18.32.205:1081');
INSERT INTO `upms_api_visit` VALUES ('1967', '71', '20200810', '14', null, '4', '115.194.189.205', 'nc-nginx', '172.18.32.205:1081');
INSERT INTO `upms_api_visit` VALUES ('1968', '80', '20200810', '14', '30', '2', '202.104.194.164', 'nc-nginx', '172.18.32.205:1081');
INSERT INTO `upms_api_visit` VALUES ('1969', '81', '20200810', '14', '30', '2', '115.194.189.205', 'nc-nginx', '172.18.32.205:1081');
INSERT INTO `upms_api_visit` VALUES ('1970', '144', '20200810', '14', null, '1', '202.104.194.164', 'nc-nginx', '172.18.32.205:1081');
INSERT INTO `upms_api_visit` VALUES ('1971', '60', '20200810', '14', null, '9', '115.194.189.205', 'nc-nginx', '172.18.32.205:1081');
INSERT INTO `upms_api_visit` VALUES ('1972', '122', '20200810', '14', null, '1', '172.18.32.205', 'article', '172.18.32.205:1081');
INSERT INTO `upms_api_visit` VALUES ('1973', '155', '20200810', '14', '30', '3', '114.85.102.102', 'nc-nginx', '172.18.32.205:1081');
INSERT INTO `upms_api_visit` VALUES ('1974', '139', '20200810', '14', null, '1', '202.104.194.164', 'nc-nginx', '172.18.32.205:1081');
INSERT INTO `upms_api_visit` VALUES ('1975', '122', '20200810', '14', null, '1', '172.18.32.205', 'worldTree', '172.18.32.205:1081');
INSERT INTO `upms_api_visit` VALUES ('1976', '73', '20200810', '14', null, '2', '110.249.174.92', 'nc-nginx', '172.18.32.205:1081');
INSERT INTO `upms_api_visit` VALUES ('1977', '115', '20200810', '14', '30', '3', '114.85.102.102', 'nc-nginx', '172.18.32.205:1081');
INSERT INTO `upms_api_visit` VALUES ('1978', '72', '20200810', '14', null, '1', '114.85.102.102', 'nc-nginx', '172.18.32.205:1081');
INSERT INTO `upms_api_visit` VALUES ('1979', '81', '20200810', '14', '30', '3', '114.85.102.102', 'nc-nginx', '172.18.32.205:1081');
INSERT INTO `upms_api_visit` VALUES ('1980', '171', '20200810', '14', null, '1', '202.104.194.164', 'nc-nginx', '172.18.32.205:1081');
INSERT INTO `upms_api_visit` VALUES ('1981', '197', '20200810', '14', '30', '1', '202.104.194.164', 'nc-nginx', '172.18.32.205:1081');
INSERT INTO `upms_api_visit` VALUES ('1982', '70', '20200810', '14', null, '1', '115.194.189.205', 'nc-nginx', '172.18.32.205:1081');
INSERT INTO `upms_api_visit` VALUES ('1983', '186', '20200810', '14', null, '1', '202.104.194.164', 'nc-nginx', '172.18.32.205:1081');
INSERT INTO `upms_api_visit` VALUES ('1984', '67', '20200810', '14', null, '2', '202.104.194.164', 'nc-nginx', '172.18.32.205:1081');
INSERT INTO `upms_api_visit` VALUES ('1985', '167', '20200810', '14', '30', '2', '202.104.194.164', 'nc-nginx', '172.18.32.205:1081');
INSERT INTO `upms_api_visit` VALUES ('1986', '158', '20200810', '14', '30', '1', '202.104.194.164', 'nc-nginx', '172.18.32.205:1081');
INSERT INTO `upms_api_visit` VALUES ('1987', '55', '20200810', '15', null, '1', '0:0:0:0:0:0:0:1', 'nc-nginx', '192.168.141.107:1081');
INSERT INTO `upms_api_visit` VALUES ('1988', '88', '20200810', '15', '30', '1', '115.194.189.205', 'nc-nginx', '172.18.32.205:1081');
INSERT INTO `upms_api_visit` VALUES ('1989', '122', '20200810', '15', null, '1', '172.18.32.205', 'chat', '172.18.32.205:1081');
INSERT INTO `upms_api_visit` VALUES ('1990', '122', '20200810', '15', null, '1', '172.18.32.205', 'article', '172.18.32.205:1081');
INSERT INTO `upms_api_visit` VALUES ('1991', '81', '20200810', '15', '30', '2', '115.194.189.205', 'nc-nginx', '172.18.32.205:1081');
INSERT INTO `upms_api_visit` VALUES ('1992', '122', '20200810', '15', null, '1', '172.18.32.205', 'pcgl', '172.18.32.205:1081');
INSERT INTO `upms_api_visit` VALUES ('1993', '80', '20200810', '15', '30', '1', '115.194.189.205', 'nc-nginx', '172.18.32.205:1081');
INSERT INTO `upms_api_visit` VALUES ('1994', '107', '20200810', '15', '30', '2', '115.194.189.205', 'nc-nginx', '172.18.32.205:1081');
INSERT INTO `upms_api_visit` VALUES ('1995', '122', '20200810', '15', null, '1', '172.18.32.205', 'worldTree', '172.18.32.205:1081');
INSERT INTO `upms_api_visit` VALUES ('1996', '122', '20200810', '16', null, '1', '172.18.32.205', 'worldTree', '172.18.32.205:1081');
INSERT INTO `upms_api_visit` VALUES ('1997', '115', '20200810', '16', '30', '1', '115.194.189.205', 'nc-nginx', '172.18.32.205:1081');
INSERT INTO `upms_api_visit` VALUES ('1998', '60', '20200810', '16', null, '1', '124.127.118.165', 'nc-nginx', '172.18.32.205:1081');
INSERT INTO `upms_api_visit` VALUES ('1999', '122', '20200810', '16', null, '1', '172.18.32.205', 'chat', '172.18.32.205:1081');
INSERT INTO `upms_api_visit` VALUES ('2000', '167', '20200810', '16', '30', '2', '115.194.189.205', 'nc-nginx', '172.18.32.205:1081');
INSERT INTO `upms_api_visit` VALUES ('2001', '80', '20200810', '16', '30', '2', '115.194.189.205', 'nc-nginx', '172.18.32.205:1081');
INSERT INTO `upms_api_visit` VALUES ('2002', '88', '20200810', '16', '30', '3', '115.194.189.205', 'nc-nginx', '172.18.32.205:1081');
INSERT INTO `upms_api_visit` VALUES ('2003', '122', '20200810', '16', null, '1', '172.18.32.205', 'article', '172.18.32.205:1081');
INSERT INTO `upms_api_visit` VALUES ('2004', '155', '20200810', '16', '30', '1', '115.194.189.205', 'nc-nginx', '172.18.32.205:1081');
INSERT INTO `upms_api_visit` VALUES ('2005', '202', '20200810', '16', null, '1', '172.18.32.205', 'chat', '172.18.32.205:1081');
INSERT INTO `upms_api_visit` VALUES ('2006', '81', '20200810', '16', '30', '8', '115.194.189.205', 'nc-nginx', '172.18.32.205:1081');
INSERT INTO `upms_api_visit` VALUES ('2007', '122', '20200810', '16', null, '1', '172.18.32.205', 'pcgl', '172.18.32.205:1081');
INSERT INTO `upms_api_visit` VALUES ('2008', '116', '20200810', '16', '30', '1', '115.194.189.205', 'nc-nginx', '172.18.32.205:1081');
INSERT INTO `upms_api_visit` VALUES ('2009', '51', '20200810', '16', null, '1', '124.127.118.165', 'nc-nginx', '172.18.32.205:1081');
INSERT INTO `upms_api_visit` VALUES ('2010', '197', '20200810', '16', '30', '3', '115.194.189.205', 'nc-nginx', '172.18.32.205:1081');
INSERT INTO `upms_api_visit` VALUES ('2011', '158', '20200810', '16', '30', '1', '115.194.189.205', 'nc-nginx', '172.18.32.205:1081');
INSERT INTO `upms_api_visit` VALUES ('2012', '56', '20200810', '16', null, '1', '124.127.118.165', 'nc-nginx', '172.18.32.205:1081');
INSERT INTO `upms_api_visit` VALUES ('2013', '101', '20200810', '16', null, '6', '124.127.118.165', 'nc-nginx', '172.18.32.205:1081');
INSERT INTO `upms_api_visit` VALUES ('2014', '190', '20200810', '16', null, '2', '172.18.32.205', 'chat', '172.18.32.205:1081');
INSERT INTO `upms_api_visit` VALUES ('2015', '55', '20200810', '16', null, '1', '124.127.118.165', 'nc-nginx', '172.18.32.205:1081');
INSERT INTO `upms_api_visit` VALUES ('2016', '119', '20200810', '16', '30', '2', '115.194.189.205', 'nc-nginx', '172.18.32.205:1081');
INSERT INTO `upms_api_visit` VALUES ('2017', '107', '20200810', '16', '30', '6', '115.194.189.205', 'nc-nginx', '172.18.32.205:1081');
INSERT INTO `upms_api_visit` VALUES ('2018', '191', '20200810', '16', null, '1', '172.18.32.205', 'chat', '172.18.32.205:1081');
INSERT INTO `upms_api_visit` VALUES ('2019', '196', '20200810', '16', '30', '3', '115.194.189.205', 'nc-nginx', '172.18.32.205:1081');
INSERT INTO `upms_api_visit` VALUES ('2020', '67', '20200810', '16', null, '1', '124.127.118.165', 'nc-nginx', '172.18.32.205:1081');
INSERT INTO `upms_api_visit` VALUES ('2021', '186', '20200810', '16', null, '1', '124.127.118.165', 'nc-nginx', '172.18.32.205:1081');
INSERT INTO `upms_api_visit` VALUES ('2022', '72', '20200810', '17', null, '1', '218.17.189.13', 'nc-nginx', '172.18.32.205:1081');
INSERT INTO `upms_api_visit` VALUES ('2023', '122', '20200810', '17', null, '1', '172.18.32.205', 'pcgl', '172.18.32.205:1081');
INSERT INTO `upms_api_visit` VALUES ('2024', '202', '20200810', '17', null, '2', '172.18.32.205', 'chat', '172.18.32.205:1081');
INSERT INTO `upms_api_visit` VALUES ('2025', '72', '20200810', '17', null, '1', '119.137.52.210', 'nc-nginx', '172.18.32.205:1081');
INSERT INTO `upms_api_visit` VALUES ('2026', '107', '20200810', '17', '30', '2', '218.17.189.13', 'nc-nginx', '172.18.32.205:1081');
INSERT INTO `upms_api_visit` VALUES ('2027', '122', '20200810', '17', null, '1', '172.18.32.205', 'worldTree', '172.18.32.205:1081');
INSERT INTO `upms_api_visit` VALUES ('2028', '81', '20200810', '17', '30', '3', '119.137.52.210', 'nc-nginx', '172.18.32.205:1081');
INSERT INTO `upms_api_visit` VALUES ('2029', '88', '20200810', '17', '30', '1', '119.137.52.210', 'nc-nginx', '172.18.32.205:1081');
INSERT INTO `upms_api_visit` VALUES ('2030', '80', '20200810', '17', '30', '1', '218.17.189.13', 'nc-nginx', '172.18.32.205:1081');
INSERT INTO `upms_api_visit` VALUES ('2031', '88', '20200810', '17', '30', '1', '218.17.189.13', 'nc-nginx', '172.18.32.205:1081');
INSERT INTO `upms_api_visit` VALUES ('2032', '81', '20200810', '17', '30', '3', '218.17.189.13', 'nc-nginx', '172.18.32.205:1081');
INSERT INTO `upms_api_visit` VALUES ('2033', '74', '20200810', '17', null, '1', '119.137.52.210', 'nc-nginx', '172.18.32.205:1081');
INSERT INTO `upms_api_visit` VALUES ('2034', '107', '20200810', '17', '30', '2', '119.137.52.210', 'nc-nginx', '172.18.32.205:1081');
INSERT INTO `upms_api_visit` VALUES ('2035', '80', '20200810', '17', '30', '1', '119.137.52.210', 'nc-nginx', '172.18.32.205:1081');
INSERT INTO `upms_api_visit` VALUES ('2036', '74', '20200810', '17', null, '1', '218.17.189.13', 'nc-nginx', '172.18.32.205:1081');
INSERT INTO `upms_api_visit` VALUES ('2037', '122', '20200810', '17', null, '1', '172.18.32.205', 'chat', '172.18.32.205:1081');
INSERT INTO `upms_api_visit` VALUES ('2038', '72', '20200810', '17', null, '2', '172.18.32.205', 'chat', '172.18.32.205:1081');
INSERT INTO `upms_api_visit` VALUES ('2039', '122', '20200810', '17', null, '1', '172.18.32.205', 'article', '172.18.32.205:1081');
INSERT INTO `upms_api_visit` VALUES ('2040', '123', '20200810', '17', null, '1', '192.168.141.107', 'log', '192.168.141.107:1081');
INSERT INTO `upms_api_visit` VALUES ('2041', '72', '20200810', '17', null, '3', '192.168.141.107', 'chat', '192.168.141.107:1081');
INSERT INTO `upms_api_visit` VALUES ('2042', '123', '20200810', '17', null, '1', '192.168.141.107', 'chat', '192.168.141.107:1081');
INSERT INTO `upms_api_visit` VALUES ('2043', '72', '20200810', '17', null, '589', '192.168.141.107', 'log', '192.168.141.107:1081');
INSERT INTO `upms_api_visit` VALUES ('2044', '55', '20200810', '18', null, '1', '124.127.118.165', 'nc-nginx', '172.18.32.205:1081');
INSERT INTO `upms_api_visit` VALUES ('2045', '101', '20200810', '18', null, '6', '124.127.118.165', 'nc-nginx', '172.18.32.205:1081');
INSERT INTO `upms_api_visit` VALUES ('2046', '122', '20200810', '18', null, '1', '172.18.32.205', 'article', '172.18.32.205:1081');
INSERT INTO `upms_api_visit` VALUES ('2047', '67', '20200810', '18', null, '1', '124.127.118.165', 'nc-nginx', '172.18.32.205:1081');
INSERT INTO `upms_api_visit` VALUES ('2048', '54', '20200810', '18', null, '2', '124.127.118.165', 'nc-nginx', '172.18.32.205:1081');
INSERT INTO `upms_api_visit` VALUES ('2049', '56', '20200810', '18', null, '1', '124.127.118.165', 'nc-nginx', '172.18.32.205:1081');
INSERT INTO `upms_api_visit` VALUES ('2050', '122', '20200810', '18', null, '1', '172.18.32.205', 'worldTree', '172.18.32.205:1081');
INSERT INTO `upms_api_visit` VALUES ('2051', '60', '20200810', '18', null, '1', '124.127.118.165', 'nc-nginx', '172.18.32.205:1081');
INSERT INTO `upms_api_visit` VALUES ('2052', '122', '20200810', '18', null, '1', '172.18.32.205', 'chat', '172.18.32.205:1081');
INSERT INTO `upms_api_visit` VALUES ('2053', '122', '20200810', '18', null, '1', '172.18.32.205', 'pcgl', '172.18.32.205:1081');
INSERT INTO `upms_api_visit` VALUES ('2054', '122', '20200810', '19', null, '1', '172.18.32.205', 'article', '172.18.32.205:1081');
INSERT INTO `upms_api_visit` VALUES ('2055', '122', '20200810', '19', null, '1', '172.18.32.205', 'pcgl', '172.18.32.205:1081');
INSERT INTO `upms_api_visit` VALUES ('2056', '122', '20200810', '19', null, '1', '172.18.32.205', 'worldTree', '172.18.32.205:1081');
INSERT INTO `upms_api_visit` VALUES ('2057', '122', '20200810', '19', null, '1', '172.18.32.205', 'chat', '172.18.32.205:1081');
INSERT INTO `upms_api_visit` VALUES ('2058', '122', '20200810', '20', null, '1', '172.18.32.205', 'article', '172.18.32.205:1081');
INSERT INTO `upms_api_visit` VALUES ('2059', '122', '20200810', '20', null, '1', '172.18.32.205', 'worldTree', '172.18.32.205:1081');
INSERT INTO `upms_api_visit` VALUES ('2060', '122', '20200810', '20', null, '1', '172.18.32.205', 'pcgl', '172.18.32.205:1081');
INSERT INTO `upms_api_visit` VALUES ('2061', '122', '20200810', '20', null, '1', '172.18.32.205', 'chat', '172.18.32.205:1081');
INSERT INTO `upms_api_visit` VALUES ('2062', '144', '20200810', '21', null, '3', '222.94.218.215', 'nc-nginx', '172.18.32.205:1081');
INSERT INTO `upms_api_visit` VALUES ('2063', '60', '20200810', '21', null, '4', '222.94.218.215', 'nc-nginx', '172.18.32.205:1081');
INSERT INTO `upms_api_visit` VALUES ('2064', '186', '20200810', '21', null, '1', '222.94.218.215', 'nc-nginx', '172.18.32.205:1081');
INSERT INTO `upms_api_visit` VALUES ('2065', '145', '20200810', '21', null, '2', '222.94.218.215', 'nc-nginx', '172.18.32.205:1081');
INSERT INTO `upms_api_visit` VALUES ('2066', '122', '20200810', '21', null, '1', '172.18.32.205', 'pcgl', '172.18.32.205:1081');
INSERT INTO `upms_api_visit` VALUES ('2067', '51', '20200810', '21', null, '1', '222.94.218.215', 'nc-nginx', '172.18.32.205:1081');
INSERT INTO `upms_api_visit` VALUES ('2068', '71', '20200810', '21', null, '1', '222.94.218.215', 'nc-nginx', '172.18.32.205:1081');
INSERT INTO `upms_api_visit` VALUES ('2069', '101', '20200810', '21', null, '8', '222.94.218.215', 'nc-nginx', '172.18.32.205:1081');
INSERT INTO `upms_api_visit` VALUES ('2070', '56', '20200810', '21', null, '3', '222.94.218.215', 'nc-nginx', '172.18.32.205:1081');
INSERT INTO `upms_api_visit` VALUES ('2071', '105', '20200810', '21', null, '1', '222.94.218.215', 'nc-nginx', '172.18.32.205:1081');
INSERT INTO `upms_api_visit` VALUES ('2072', '157', '20200810', '21', '30', '4', '222.94.218.215', 'nc-nginx', '172.18.32.205:1081');
INSERT INTO `upms_api_visit` VALUES ('2073', '107', '20200810', '21', '30', '1', '222.94.218.215', 'nc-nginx', '172.18.32.205:1081');
INSERT INTO `upms_api_visit` VALUES ('2074', '149', '20200810', '21', null, '1', '222.94.218.215', 'nc-nginx', '172.18.32.205:1081');
INSERT INTO `upms_api_visit` VALUES ('2075', '122', '20200810', '21', null, '1', '172.18.32.205', 'worldTree', '172.18.32.205:1081');
INSERT INTO `upms_api_visit` VALUES ('2076', '74', '20200810', '21', null, '1', '222.94.218.215', 'nc-nginx', '172.18.32.205:1081');
INSERT INTO `upms_api_visit` VALUES ('2077', '72', '20200810', '21', null, '5', '222.94.218.215', 'nc-nginx', '172.18.32.205:1081');
INSERT INTO `upms_api_visit` VALUES ('2078', '122', '20200810', '21', null, '1', '172.18.32.205', 'chat', '172.18.32.205:1081');
INSERT INTO `upms_api_visit` VALUES ('2079', '202', '20200810', '21', null, '1', '172.18.32.205', 'chat', '172.18.32.205:1081');
INSERT INTO `upms_api_visit` VALUES ('2080', '67', '20200810', '21', null, '2', '222.94.218.215', 'nc-nginx', '172.18.32.205:1081');
INSERT INTO `upms_api_visit` VALUES ('2081', '55', '20200810', '21', null, '2', '222.94.218.215', 'nc-nginx', '172.18.32.205:1081');
INSERT INTO `upms_api_visit` VALUES ('2082', '122', '20200810', '21', null, '1', '172.18.32.205', 'article', '172.18.32.205:1081');
INSERT INTO `upms_api_visit` VALUES ('2083', '72', '20200810', '21', null, '1', '172.18.32.205', 'chat', '172.18.32.205:1081');
INSERT INTO `upms_api_visit` VALUES ('2084', '81', '20200810', '21', '30', '2', '222.94.218.215', 'nc-nginx', '172.18.32.205:1081');
INSERT INTO `upms_api_visit` VALUES ('2085', '100', '20200810', '21', null, '3', '222.94.218.215', 'nc-nginx', '172.18.32.205:1081');
INSERT INTO `upms_api_visit` VALUES ('2086', '139', '20200810', '21', null, '2', '222.94.218.215', 'nc-nginx', '172.18.32.205:1081');
INSERT INTO `upms_api_visit` VALUES ('2087', '122', '20200810', '22', null, '1', '172.18.32.205', 'worldTree', '172.18.32.205:1081');
INSERT INTO `upms_api_visit` VALUES ('2088', '122', '20200810', '22', null, '1', '172.18.32.205', 'chat', '172.18.32.205:1081');
INSERT INTO `upms_api_visit` VALUES ('2089', '122', '20200810', '22', null, '1', '172.18.32.205', 'article', '172.18.32.205:1081');
INSERT INTO `upms_api_visit` VALUES ('2090', '122', '20200810', '22', null, '1', '172.18.32.205', 'pcgl', '172.18.32.205:1081');
INSERT INTO `upms_api_visit` VALUES ('2091', '122', '20200810', '23', null, '1', '172.18.32.205', 'worldTree', '172.18.32.205:1081');
INSERT INTO `upms_api_visit` VALUES ('2092', '122', '20200810', '23', null, '1', '172.18.32.205', 'pcgl', '172.18.32.205:1081');
INSERT INTO `upms_api_visit` VALUES ('2093', '60', '20200810', '23', null, '1', '119.139.196.58', 'nc-nginx', '172.18.32.205:1081');
INSERT INTO `upms_api_visit` VALUES ('2094', '122', '20200810', '23', null, '1', '172.18.32.205', 'article', '172.18.32.205:1081');
INSERT INTO `upms_api_visit` VALUES ('2095', '55', '20200810', '23', null, '1', '119.139.196.58', 'nc-nginx', '172.18.32.205:1081');
INSERT INTO `upms_api_visit` VALUES ('2096', '67', '20200810', '23', null, '1', '119.139.196.58', 'nc-nginx', '172.18.32.205:1081');
INSERT INTO `upms_api_visit` VALUES ('2097', '122', '20200810', '23', null, '1', '172.18.32.205', 'chat', '172.18.32.205:1081');
INSERT INTO `upms_api_visit` VALUES ('2098', '54', '20200810', '23', null, '1', '119.139.196.58', 'nc-nginx', '172.18.32.205:1081');
INSERT INTO `upms_api_visit` VALUES ('2099', '115', '20200811', '00', '30', '9', '119.139.196.58', 'nc-nginx', '172.18.32.205:1081');
INSERT INTO `upms_api_visit` VALUES ('2100', '171', '20200811', '00', null, '3', '119.139.196.58', 'nc-nginx', '172.18.32.205:1081');
INSERT INTO `upms_api_visit` VALUES ('2101', '56', '20200811', '00', null, '10', '119.139.196.58', 'nc-nginx', '172.18.32.205:1081');
INSERT INTO `upms_api_visit` VALUES ('2102', '182', '20200811', '00', null, '2', '119.139.196.58', 'nc-nginx', '172.18.32.205:1081');
INSERT INTO `upms_api_visit` VALUES ('2103', '80', '20200811', '00', '30', '15', '119.139.196.58', 'nc-nginx', '172.18.32.205:1081');
INSERT INTO `upms_api_visit` VALUES ('2104', '157', '20200811', '00', '30', '2', '119.139.196.58', 'nc-nginx', '172.18.32.205:1081');
INSERT INTO `upms_api_visit` VALUES ('2105', '60', '20200811', '00', null, '14', '119.139.196.58', 'nc-nginx', '172.18.32.205:1081');
INSERT INTO `upms_api_visit` VALUES ('2106', '178', '20200811', '00', null, '11', '119.139.196.58', 'nc-nginx', '172.18.32.205:1081');
INSERT INTO `upms_api_visit` VALUES ('2107', '122', '20200811', '00', null, '1', '172.18.32.205', 'worldTree', '172.18.32.205:1081');
INSERT INTO `upms_api_visit` VALUES ('2108', '71', '20200811', '00', null, '10', '119.139.196.58', 'nc-nginx', '172.18.32.205:1081');
INSERT INTO `upms_api_visit` VALUES ('2109', '72', '20200811', '00', null, '68', '172.18.32.205', 'pcgl', '172.18.32.205:1081');
INSERT INTO `upms_api_visit` VALUES ('2110', '110', '20200811', '00', '30', '15', '119.139.196.58', 'nc-nginx', '172.18.32.205:1081');
INSERT INTO `upms_api_visit` VALUES ('2111', '122', '20200811', '00', null, '1', '172.18.32.205', 'chat', '172.18.32.205:1081');
INSERT INTO `upms_api_visit` VALUES ('2112', '108', '20200811', '00', '30', '13', '119.139.196.58', 'nc-nginx', '172.18.32.205:1081');
INSERT INTO `upms_api_visit` VALUES ('2113', '122', '20200811', '00', null, '1', '172.18.32.205', 'article', '172.18.32.205:1081');
INSERT INTO `upms_api_visit` VALUES ('2114', '88', '20200811', '00', '30', '23', '119.139.196.58', 'nc-nginx', '172.18.32.205:1081');
INSERT INTO `upms_api_visit` VALUES ('2115', '73', '20200811', '00', null, '69', '119.139.196.58', 'nc-nginx', '172.18.32.205:1081');
INSERT INTO `upms_api_visit` VALUES ('2116', '107', '20200811', '00', '30', '21', '119.139.196.58', 'nc-nginx', '172.18.32.205:1081');
INSERT INTO `upms_api_visit` VALUES ('2117', '109', '20200811', '00', '30', '2', '119.139.196.58', 'nc-nginx', '172.18.32.205:1081');
INSERT INTO `upms_api_visit` VALUES ('2118', '149', '20200811', '00', null, '7', '119.139.196.58', 'nc-nginx', '172.18.32.205:1081');
INSERT INTO `upms_api_visit` VALUES ('2119', '155', '20200811', '00', '30', '9', '119.139.196.58', 'nc-nginx', '172.18.32.205:1081');
INSERT INTO `upms_api_visit` VALUES ('2120', '72', '20200811', '00', null, '3', '119.139.196.58', 'nc-nginx', '172.18.32.205:1081');
INSERT INTO `upms_api_visit` VALUES ('2121', '119', '20200811', '00', '30', '11', '119.139.196.58', 'nc-nginx', '172.18.32.205:1081');
INSERT INTO `upms_api_visit` VALUES ('2122', '177', '20200811', '00', null, '4', '119.139.196.58', 'nc-nginx', '172.18.32.205:1081');
INSERT INTO `upms_api_visit` VALUES ('2123', '74', '20200811', '00', null, '1', '119.139.196.58', 'nc-nginx', '172.18.32.205:1081');
INSERT INTO `upms_api_visit` VALUES ('2124', '101', '20200811', '00', null, '6', '119.139.196.58', 'nc-nginx', '172.18.32.205:1081');
INSERT INTO `upms_api_visit` VALUES ('2125', '51', '20200811', '00', null, '21', '119.139.196.58', 'nc-nginx', '172.18.32.205:1081');
INSERT INTO `upms_api_visit` VALUES ('2126', '122', '20200811', '00', null, '1', '172.18.32.205', 'pcgl', '172.18.32.205:1081');
INSERT INTO `upms_api_visit` VALUES ('2127', '67', '20200811', '00', null, '9', '119.139.196.58', 'nc-nginx', '172.18.32.205:1081');
INSERT INTO `upms_api_visit` VALUES ('2128', '186', '20200811', '00', null, '10', '119.139.196.58', 'nc-nginx', '172.18.32.205:1081');
INSERT INTO `upms_api_visit` VALUES ('2129', '139', '20200811', '00', null, '9', '119.139.196.58', 'nc-nginx', '172.18.32.205:1081');
INSERT INTO `upms_api_visit` VALUES ('2130', '100', '20200811', '00', null, '1', '119.139.196.58', 'nc-nginx', '172.18.32.205:1081');
INSERT INTO `upms_api_visit` VALUES ('2131', '81', '20200811', '00', '30', '40', '119.139.196.58', 'nc-nginx', '172.18.32.205:1081');
INSERT INTO `upms_api_visit` VALUES ('2132', '116', '20200811', '00', '30', '30', '119.139.196.58', 'nc-nginx', '172.18.32.205:1081');
INSERT INTO `upms_api_visit` VALUES ('2133', '120', '20200811', '00', '30', '3', '119.139.196.58', 'nc-nginx', '172.18.32.205:1081');
INSERT INTO `upms_api_visit` VALUES ('2134', '122', '20200811', '01', null, '1', '172.18.32.205', 'worldTree', '172.18.32.205:1081');
INSERT INTO `upms_api_visit` VALUES ('2135', '122', '20200811', '01', null, '1', '172.18.32.205', 'chat', '172.18.32.205:1081');
INSERT INTO `upms_api_visit` VALUES ('2136', '122', '20200811', '01', null, '1', '172.18.32.205', 'pcgl', '172.18.32.205:1081');
INSERT INTO `upms_api_visit` VALUES ('2137', '122', '20200811', '01', null, '1', '172.18.32.205', 'article', '172.18.32.205:1081');
INSERT INTO `upms_api_visit` VALUES ('2138', '122', '20200811', '02', null, '1', '172.18.32.205', 'article', '172.18.32.205:1081');
INSERT INTO `upms_api_visit` VALUES ('2139', '122', '20200811', '02', null, '1', '172.18.32.205', 'chat', '172.18.32.205:1081');
INSERT INTO `upms_api_visit` VALUES ('2140', '122', '20200811', '02', null, '1', '172.18.32.205', 'worldTree', '172.18.32.205:1081');
INSERT INTO `upms_api_visit` VALUES ('2141', '122', '20200811', '02', null, '1', '172.18.32.205', 'pcgl', '172.18.32.205:1081');
INSERT INTO `upms_api_visit` VALUES ('2142', '122', '20200811', '03', null, '1', '172.18.32.205', 'article', '172.18.32.205:1081');
INSERT INTO `upms_api_visit` VALUES ('2143', '122', '20200811', '03', null, '1', '172.18.32.205', 'chat', '172.18.32.205:1081');
INSERT INTO `upms_api_visit` VALUES ('2144', '122', '20200811', '03', null, '1', '172.18.32.205', 'worldTree', '172.18.32.205:1081');
INSERT INTO `upms_api_visit` VALUES ('2145', '122', '20200811', '03', null, '1', '172.18.32.205', 'pcgl', '172.18.32.205:1081');
INSERT INTO `upms_api_visit` VALUES ('2146', '122', '20200811', '04', null, '1', '172.18.32.205', 'article', '172.18.32.205:1081');
INSERT INTO `upms_api_visit` VALUES ('2147', '122', '20200811', '04', null, '1', '172.18.32.205', 'chat', '172.18.32.205:1081');
INSERT INTO `upms_api_visit` VALUES ('2148', '122', '20200811', '04', null, '1', '172.18.32.205', 'worldTree', '172.18.32.205:1081');
INSERT INTO `upms_api_visit` VALUES ('2149', '122', '20200811', '04', null, '1', '172.18.32.205', 'pcgl', '172.18.32.205:1081');
INSERT INTO `upms_api_visit` VALUES ('2150', '122', '20200811', '05', null, '1', '172.18.32.205', 'chat', '172.18.32.205:1081');
INSERT INTO `upms_api_visit` VALUES ('2151', '122', '20200811', '05', null, '1', '172.18.32.205', 'pcgl', '172.18.32.205:1081');
INSERT INTO `upms_api_visit` VALUES ('2152', '122', '20200811', '05', null, '1', '172.18.32.205', 'worldTree', '172.18.32.205:1081');
INSERT INTO `upms_api_visit` VALUES ('2153', '122', '20200811', '05', null, '1', '172.18.32.205', 'article', '172.18.32.205:1081');
INSERT INTO `upms_api_visit` VALUES ('2154', '122', '20200811', '06', null, '1', '172.18.32.205', 'pcgl', '172.18.32.205:1081');
INSERT INTO `upms_api_visit` VALUES ('2155', '122', '20200811', '06', null, '1', '172.18.32.205', 'worldTree', '172.18.32.205:1081');
INSERT INTO `upms_api_visit` VALUES ('2156', '122', '20200811', '06', null, '1', '172.18.32.205', 'chat', '172.18.32.205:1081');
INSERT INTO `upms_api_visit` VALUES ('2157', '122', '20200811', '06', null, '1', '172.18.32.205', 'article', '172.18.32.205:1081');
INSERT INTO `upms_api_visit` VALUES ('2158', '122', '20200811', '07', null, '1', '172.18.32.205', 'pcgl', '172.18.32.205:1081');
INSERT INTO `upms_api_visit` VALUES ('2159', '122', '20200811', '07', null, '1', '172.18.32.205', 'worldTree', '172.18.32.205:1081');
INSERT INTO `upms_api_visit` VALUES ('2160', '122', '20200811', '07', null, '1', '172.18.32.205', 'chat', '172.18.32.205:1081');
INSERT INTO `upms_api_visit` VALUES ('2161', '122', '20200811', '07', null, '1', '172.18.32.205', 'article', '172.18.32.205:1081');
INSERT INTO `upms_api_visit` VALUES ('2162', '122', '20200811', '08', null, '1', '172.18.32.205', 'article', '172.18.32.205:1081');
INSERT INTO `upms_api_visit` VALUES ('2163', '122', '20200811', '08', null, '1', '172.18.32.205', 'pcgl', '172.18.32.205:1081');
INSERT INTO `upms_api_visit` VALUES ('2164', '122', '20200811', '08', null, '1', '172.18.32.205', 'worldTree', '172.18.32.205:1081');
INSERT INTO `upms_api_visit` VALUES ('2165', '122', '20200811', '08', null, '1', '172.18.32.205', 'chat', '172.18.32.205:1081');
INSERT INTO `upms_api_visit` VALUES ('2166', '145', '20200811', '09', null, '1', '114.85.102.102', 'nc-nginx', '172.18.32.205:1081');
INSERT INTO `upms_api_visit` VALUES ('2167', '139', '20200811', '09', null, '4', '114.85.102.102', 'nc-nginx', '172.18.32.205:1081');
INSERT INTO `upms_api_visit` VALUES ('2168', '80', '20200811', '09', '30', '13', '119.139.199.72', 'nc-nginx', '172.18.32.205:1081');
INSERT INTO `upms_api_visit` VALUES ('2169', '54', '20200811', '09', null, '1', '119.139.199.72', 'nc-nginx', '172.18.32.205:1081');
INSERT INTO `upms_api_visit` VALUES ('2170', '171', '20200811', '09', null, '1', '119.139.199.72', 'nc-nginx', '172.18.32.205:1081');
INSERT INTO `upms_api_visit` VALUES ('2171', '60', '20200811', '09', null, '8', '114.85.102.102', 'nc-nginx', '172.18.32.205:1081');
INSERT INTO `upms_api_visit` VALUES ('2172', '110', '20200811', '09', '30', '5', '119.139.199.72', 'nc-nginx', '172.18.32.205:1081');
INSERT INTO `upms_api_visit` VALUES ('2173', '155', '20200811', '09', '30', '4', '119.139.199.72', 'nc-nginx', '172.18.32.205:1081');
INSERT INTO `upms_api_visit` VALUES ('2174', '101', '20200811', '09', null, '6', '114.85.102.102', 'nc-nginx', '172.18.32.205:1081');
INSERT INTO `upms_api_visit` VALUES ('2175', '182', '20200811', '09', null, '1', '114.85.102.102', 'nc-nginx', '172.18.32.205:1081');
INSERT INTO `upms_api_visit` VALUES ('2176', '60', '20200811', '09', null, '9', '119.139.199.72', 'nc-nginx', '172.18.32.205:1081');
INSERT INTO `upms_api_visit` VALUES ('2177', '108', '20200811', '09', '30', '1', '119.139.199.72', 'nc-nginx', '172.18.32.205:1081');
INSERT INTO `upms_api_visit` VALUES ('2178', '122', '20200811', '09', null, '1', '172.18.32.205', 'worldTree', '172.18.32.205:1081');
INSERT INTO `upms_api_visit` VALUES ('2179', '74', '20200811', '09', null, '1', '119.139.199.72', 'nc-nginx', '172.18.32.205:1081');
INSERT INTO `upms_api_visit` VALUES ('2180', '81', '20200811', '09', '30', '5', '115.238.48.66', 'nc-nginx', '172.18.32.205:1081');
INSERT INTO `upms_api_visit` VALUES ('2181', '51', '20200811', '09', null, '8', '119.139.199.72', 'nc-nginx', '172.18.32.205:1081');
INSERT INTO `upms_api_visit` VALUES ('2182', '101', '20200811', '09', null, '6', '119.139.199.72', 'nc-nginx', '172.18.32.205:1081');
INSERT INTO `upms_api_visit` VALUES ('2183', '100', '20200811', '09', null, '2', '114.85.102.102', 'nc-nginx', '172.18.32.205:1081');
INSERT INTO `upms_api_visit` VALUES ('2184', '116', '20200811', '09', '30', '4', '119.139.199.72', 'nc-nginx', '172.18.32.205:1081');
INSERT INTO `upms_api_visit` VALUES ('2185', '67', '20200811', '09', null, '4', '119.139.199.72', 'nc-nginx', '172.18.32.205:1081');
INSERT INTO `upms_api_visit` VALUES ('2186', '144', '20200811', '09', null, '2', '119.139.199.72', 'nc-nginx', '172.18.32.205:1081');
INSERT INTO `upms_api_visit` VALUES ('2187', '186', '20200811', '09', null, '2', '119.139.199.72', 'nc-nginx', '172.18.32.205:1081');
INSERT INTO `upms_api_visit` VALUES ('2188', '55', '20200811', '09', null, '1', '119.139.199.72', 'nc-nginx', '172.18.32.205:1081');
INSERT INTO `upms_api_visit` VALUES ('2189', '139', '20200811', '09', null, '3', '119.139.199.72', 'nc-nginx', '172.18.32.205:1081');
INSERT INTO `upms_api_visit` VALUES ('2190', '178', '20200811', '09', null, '1', '114.85.102.102', 'nc-nginx', '172.18.32.205:1081');
INSERT INTO `upms_api_visit` VALUES ('2191', '74', '20200811', '09', null, '2', '115.238.48.66', 'nc-nginx', '172.18.32.205:1081');
INSERT INTO `upms_api_visit` VALUES ('2192', '71', '20200811', '09', null, '1', '114.85.102.102', 'nc-nginx', '172.18.32.205:1081');
INSERT INTO `upms_api_visit` VALUES ('2193', '115', '20200811', '09', '30', '4', '119.139.199.72', 'nc-nginx', '172.18.32.205:1081');
INSERT INTO `upms_api_visit` VALUES ('2194', '51', '20200811', '09', null, '1', '114.85.102.102', 'nc-nginx', '172.18.32.205:1081');
INSERT INTO `upms_api_visit` VALUES ('2195', '107', '20200811', '09', '30', '3', '115.238.48.66', 'nc-nginx', '172.18.32.205:1081');
INSERT INTO `upms_api_visit` VALUES ('2196', '178', '20200811', '09', null, '4', '119.139.199.72', 'nc-nginx', '172.18.32.205:1081');
INSERT INTO `upms_api_visit` VALUES ('2197', '144', '20200811', '09', null, '5', '114.85.102.102', 'nc-nginx', '172.18.32.205:1081');
INSERT INTO `upms_api_visit` VALUES ('2198', '88', '20200811', '09', '30', '2', '115.238.48.66', 'nc-nginx', '172.18.32.205:1081');
INSERT INTO `upms_api_visit` VALUES ('2199', '149', '20200811', '09', null, '1', '119.139.199.72', 'nc-nginx', '172.18.32.205:1081');
INSERT INTO `upms_api_visit` VALUES ('2200', '56', '20200811', '09', null, '3', '114.85.102.102', 'nc-nginx', '172.18.32.205:1081');
INSERT INTO `upms_api_visit` VALUES ('2201', '88', '20200811', '09', '30', '7', '119.139.199.72', 'nc-nginx', '172.18.32.205:1081');
INSERT INTO `upms_api_visit` VALUES ('2202', '72', '20200811', '09', null, '2', '115.238.48.66', 'nc-nginx', '172.18.32.205:1081');
INSERT INTO `upms_api_visit` VALUES ('2203', '122', '20200811', '09', null, '1', '172.18.32.205', 'chat', '172.18.32.205:1081');
INSERT INTO `upms_api_visit` VALUES ('2204', '56', '20200811', '09', null, '3', '119.139.199.72', 'nc-nginx', '172.18.32.205:1081');
INSERT INTO `upms_api_visit` VALUES ('2205', '107', '20200811', '09', '30', '9', '119.139.199.72', 'nc-nginx', '172.18.32.205:1081');
INSERT INTO `upms_api_visit` VALUES ('2206', '122', '20200811', '09', null, '1', '172.18.32.205', 'article', '172.18.32.205:1081');
INSERT INTO `upms_api_visit` VALUES ('2207', '72', '20200811', '09', null, '1', '119.139.199.72', 'nc-nginx', '172.18.32.205:1081');
INSERT INTO `upms_api_visit` VALUES ('2208', '149', '20200811', '09', null, '1', '114.85.102.102', 'nc-nginx', '172.18.32.205:1081');
INSERT INTO `upms_api_visit` VALUES ('2209', '119', '20200811', '09', '30', '9', '119.139.199.72', 'nc-nginx', '172.18.32.205:1081');
INSERT INTO `upms_api_visit` VALUES ('2210', '80', '20200811', '09', '30', '1', '115.238.48.66', 'nc-nginx', '172.18.32.205:1081');
INSERT INTO `upms_api_visit` VALUES ('2211', '122', '20200811', '09', null, '1', '172.18.32.205', 'pcgl', '172.18.32.205:1081');
INSERT INTO `upms_api_visit` VALUES ('2212', '73', '20200811', '09', null, '1', '119.139.199.72', 'nc-nginx', '172.18.32.205:1081');
INSERT INTO `upms_api_visit` VALUES ('2213', '121', '20200811', '09', '30', '10', '119.139.199.72', 'nc-nginx', '172.18.32.205:1081');
INSERT INTO `upms_api_visit` VALUES ('2214', '71', '20200811', '09', null, '2', '119.139.199.72', 'nc-nginx', '172.18.32.205:1081');
INSERT INTO `upms_api_visit` VALUES ('2215', '55', '20200811', '09', null, '1', '114.85.102.102', 'nc-nginx', '172.18.32.205:1081');
INSERT INTO `upms_api_visit` VALUES ('2216', '67', '20200811', '09', null, '5', '114.85.102.102', 'nc-nginx', '172.18.32.205:1081');
INSERT INTO `upms_api_visit` VALUES ('2217', '171', '20200811', '09', null, '1', '114.85.102.102', 'nc-nginx', '172.18.32.205:1081');
INSERT INTO `upms_api_visit` VALUES ('2218', '100', '20200811', '09', null, '2', '119.139.199.72', 'nc-nginx', '172.18.32.205:1081');
INSERT INTO `upms_api_visit` VALUES ('2219', '81', '20200811', '09', '30', '15', '119.139.199.72', 'nc-nginx', '172.18.32.205:1081');
INSERT INTO `upms_api_visit` VALUES ('2220', '177', '20200811', '09', null, '2', '114.85.102.102', 'nc-nginx', '172.18.32.205:1081');
INSERT INTO `upms_api_visit` VALUES ('2221', '186', '20200811', '09', null, '1', '114.85.102.102', 'nc-nginx', '172.18.32.205:1081');
INSERT INTO `upms_api_visit` VALUES ('2222', '60', '20200811', '10', null, '9', '115.238.48.66', 'nc-nginx', '172.18.32.205:1081');
INSERT INTO `upms_api_visit` VALUES ('2223', '171', '20200811', '10', null, '3', '115.238.48.66', 'nc-nginx', '172.18.32.205:1081');
INSERT INTO `upms_api_visit` VALUES ('2224', '177', '20200811', '10', null, '4', '115.238.48.66', 'nc-nginx', '172.18.32.205:1081');
INSERT INTO `upms_api_visit` VALUES ('2225', '182', '20200811', '10', null, '2', '115.238.48.66', 'nc-nginx', '172.18.32.205:1081');
INSERT INTO `upms_api_visit` VALUES ('2226', '149', '20200811', '10', null, '3', '115.238.48.66', 'nc-nginx', '172.18.32.205:1081');
INSERT INTO `upms_api_visit` VALUES ('2227', '56', '20200811', '10', null, '3', '115.238.48.66', 'nc-nginx', '172.18.32.205:1081');
INSERT INTO `upms_api_visit` VALUES ('2228', '122', '20200811', '10', null, '1', '172.18.32.205', 'article', '172.18.32.205:1081');
INSERT INTO `upms_api_visit` VALUES ('2229', '186', '20200811', '10', null, '4', '115.238.48.66', 'nc-nginx', '172.18.32.205:1081');
INSERT INTO `upms_api_visit` VALUES ('2230', '71', '20200811', '10', null, '4', '115.238.48.66', 'nc-nginx', '172.18.32.205:1081');
INSERT INTO `upms_api_visit` VALUES ('2231', '122', '20200811', '10', null, '1', '172.18.32.205', 'chat', '172.18.32.205:1081');
INSERT INTO `upms_api_visit` VALUES ('2232', '51', '20200811', '10', null, '2', '115.238.48.66', 'nc-nginx', '172.18.32.205:1081');
INSERT INTO `upms_api_visit` VALUES ('2233', '67', '20200811', '10', null, '2', '115.238.48.66', 'nc-nginx', '172.18.32.205:1081');
INSERT INTO `upms_api_visit` VALUES ('2234', '71', '20200811', '10', null, '1', '119.139.199.72', 'nc-nginx', '172.18.32.205:1081');
INSERT INTO `upms_api_visit` VALUES ('2235', '122', '20200811', '10', null, '1', '172.18.32.205', 'pcgl', '172.18.32.205:1081');
INSERT INTO `upms_api_visit` VALUES ('2236', '55', '20200811', '10', null, '1', '115.238.48.66', 'nc-nginx', '172.18.32.205:1081');
INSERT INTO `upms_api_visit` VALUES ('2237', '101', '20200811', '10', null, '6', '115.238.48.66', 'nc-nginx', '172.18.32.205:1081');
INSERT INTO `upms_api_visit` VALUES ('2238', '122', '20200811', '10', null, '1', '172.18.32.205', 'worldTree', '172.18.32.205:1081');
INSERT INTO `upms_api_visit` VALUES ('2239', '74', '20200811', '11', null, '1', '221.216.7.198', 'nc-nginx', '172.18.32.205:1081');
INSERT INTO `upms_api_visit` VALUES ('2240', '116', '20200811', '11', '30', '1', '221.216.7.198', 'nc-nginx', '172.18.32.205:1081');
INSERT INTO `upms_api_visit` VALUES ('2241', '107', '20200811', '11', '30', '2', '221.216.7.198', 'nc-nginx', '172.18.32.205:1081');
INSERT INTO `upms_api_visit` VALUES ('2242', '122', '20200811', '11', null, '1', '172.18.32.205', 'pcgl', '172.18.32.205:1081');
INSERT INTO `upms_api_visit` VALUES ('2243', '88', '20200811', '11', '30', '2', '221.216.7.198', 'nc-nginx', '172.18.32.205:1081');
INSERT INTO `upms_api_visit` VALUES ('2244', '72', '20200811', '11', null, '1', '221.216.7.198', 'nc-nginx', '172.18.32.205:1081');
INSERT INTO `upms_api_visit` VALUES ('2245', '119', '20200811', '11', '30', '1', '221.216.7.198', 'nc-nginx', '172.18.32.205:1081');
INSERT INTO `upms_api_visit` VALUES ('2246', '81', '20200811', '11', '30', '3', '221.216.7.198', 'nc-nginx', '172.18.32.205:1081');
INSERT INTO `upms_api_visit` VALUES ('2247', '80', '20200811', '11', '30', '1', '221.216.7.198', 'nc-nginx', '172.18.32.205:1081');
INSERT INTO `upms_api_visit` VALUES ('2248', '122', '20200811', '11', null, '1', '172.18.32.205', 'worldTree', '172.18.32.205:1081');
INSERT INTO `upms_api_visit` VALUES ('2249', '122', '20200811', '11', null, '1', '172.18.32.205', 'chat', '172.18.32.205:1081');
INSERT INTO `upms_api_visit` VALUES ('2250', '202', '20200811', '11', null, '1', '172.18.32.205', 'chat', '172.18.32.205:1081');
INSERT INTO `upms_api_visit` VALUES ('2251', '122', '20200811', '11', null, '1', '172.18.32.205', 'article', '172.18.32.205:1081');
INSERT INTO `upms_api_visit` VALUES ('2252', '72', '20200811', '11', null, '1', '172.18.32.205', 'chat', '172.18.32.205:1081');
INSERT INTO `upms_api_visit` VALUES ('2253', '122', '20200811', '12', null, '1', '172.18.32.205', 'chat', '172.18.32.205:1081');
INSERT INTO `upms_api_visit` VALUES ('2254', '122', '20200811', '12', null, '1', '172.18.32.205', 'article', '172.18.32.205:1081');
INSERT INTO `upms_api_visit` VALUES ('2255', '122', '20200811', '12', null, '1', '172.18.32.205', 'pcgl', '172.18.32.205:1081');
INSERT INTO `upms_api_visit` VALUES ('2256', '122', '20200811', '12', null, '1', '172.18.32.205', 'worldTree', '172.18.32.205:1081');
INSERT INTO `upms_api_visit` VALUES ('2257', '122', '20200811', '13', null, '1', '172.18.32.205', 'worldTree', '172.18.32.205:1081');
INSERT INTO `upms_api_visit` VALUES ('2258', '122', '20200811', '13', null, '1', '172.18.32.205', 'pcgl', '172.18.32.205:1081');
INSERT INTO `upms_api_visit` VALUES ('2259', '122', '20200811', '13', null, '1', '172.18.32.205', 'article', '172.18.32.205:1081');
INSERT INTO `upms_api_visit` VALUES ('2260', '122', '20200811', '13', null, '1', '172.18.32.205', 'chat', '172.18.32.205:1081');
INSERT INTO `upms_api_visit` VALUES ('2261', '60', '20200811', '14', null, '1', '119.139.196.58', 'nc-nginx', '172.18.32.205:1081');
INSERT INTO `upms_api_visit` VALUES ('2262', '73', '20200811', '14', null, '1', '119.139.196.58', 'nc-nginx', '172.18.32.205:1081');
INSERT INTO `upms_api_visit` VALUES ('2263', '72', '20200811', '14', null, '1', '172.18.32.205', 'chat', '172.18.32.205:1081');
INSERT INTO `upms_api_visit` VALUES ('2264', '122', '20200811', '14', null, '1', '172.18.32.205', 'chat', '172.18.32.205:1081');
INSERT INTO `upms_api_visit` VALUES ('2265', '80', '20200811', '14', '30', '2', '119.139.196.58', 'nc-nginx', '172.18.32.205:1081');
INSERT INTO `upms_api_visit` VALUES ('2266', '107', '20200811', '14', '30', '3', '119.139.196.58', 'nc-nginx', '172.18.32.205:1081');
INSERT INTO `upms_api_visit` VALUES ('2267', '55', '20200811', '14', null, '1', '119.139.196.58', 'nc-nginx', '172.18.32.205:1081');
INSERT INTO `upms_api_visit` VALUES ('2268', '67', '20200811', '14', null, '1', '119.139.196.58', 'nc-nginx', '172.18.32.205:1081');
INSERT INTO `upms_api_visit` VALUES ('2269', '88', '20200811', '14', '30', '2', '119.139.196.58', 'nc-nginx', '172.18.32.205:1081');
INSERT INTO `upms_api_visit` VALUES ('2270', '81', '20200811', '14', '30', '9', '119.139.196.58', 'nc-nginx', '172.18.32.205:1081');
INSERT INTO `upms_api_visit` VALUES ('2271', '202', '20200811', '14', null, '1', '172.18.32.205', 'chat', '172.18.32.205:1081');
INSERT INTO `upms_api_visit` VALUES ('2272', '122', '20200811', '14', null, '1', '172.18.32.205', 'article', '172.18.32.205:1081');
INSERT INTO `upms_api_visit` VALUES ('2273', '72', '20200811', '14', null, '2', '119.139.196.58', 'nc-nginx', '172.18.32.205:1081');
INSERT INTO `upms_api_visit` VALUES ('2274', '74', '20200811', '14', null, '2', '119.139.196.58', 'nc-nginx', '172.18.32.205:1081');
INSERT INTO `upms_api_visit` VALUES ('2275', '122', '20200811', '14', null, '1', '172.18.32.205', 'worldTree', '172.18.32.205:1081');
INSERT INTO `upms_api_visit` VALUES ('2276', '122', '20200811', '14', null, '1', '172.18.32.205', 'pcgl', '172.18.32.205:1081');
INSERT INTO `upms_api_visit` VALUES ('2277', '122', '20200811', '15', null, '1', '172.18.32.205', 'article', '172.18.32.205:1081');
INSERT INTO `upms_api_visit` VALUES ('2278', '72', '20200811', '15', null, '1', '183.95.251.99', 'nc-nginx', '172.18.32.205:1081');
INSERT INTO `upms_api_visit` VALUES ('2279', '202', '20200811', '15', null, '1', '172.18.32.205', 'chat', '172.18.32.205:1081');
INSERT INTO `upms_api_visit` VALUES ('2280', '107', '20200811', '15', '30', '2', '183.95.251.99', 'nc-nginx', '172.18.32.205:1081');
INSERT INTO `upms_api_visit` VALUES ('2281', '122', '20200811', '15', null, '1', '172.18.32.205', 'chat', '172.18.32.205:1081');
INSERT INTO `upms_api_visit` VALUES ('2282', '74', '20200811', '15', null, '1', '183.95.251.99', 'nc-nginx', '172.18.32.205:1081');
INSERT INTO `upms_api_visit` VALUES ('2283', '122', '20200811', '15', null, '1', '172.18.32.205', 'worldTree', '172.18.32.205:1081');
INSERT INTO `upms_api_visit` VALUES ('2284', '122', '20200811', '15', null, '1', '172.18.32.205', 'pcgl', '172.18.32.205:1081');
INSERT INTO `upms_api_visit` VALUES ('2285', '116', '20200811', '15', '30', '2', '183.95.251.99', 'nc-nginx', '172.18.32.205:1081');
INSERT INTO `upms_api_visit` VALUES ('2286', '80', '20200811', '15', '30', '1', '183.95.251.99', 'nc-nginx', '172.18.32.205:1081');
INSERT INTO `upms_api_visit` VALUES ('2287', '81', '20200811', '15', '30', '3', '183.95.251.99', 'nc-nginx', '172.18.32.205:1081');
INSERT INTO `upms_api_visit` VALUES ('2288', '72', '20200811', '15', null, '1', '172.18.32.205', 'chat', '172.18.32.205:1081');
INSERT INTO `upms_api_visit` VALUES ('2289', '88', '20200811', '15', '30', '1', '183.95.251.99', 'nc-nginx', '172.18.32.205:1081');
INSERT INTO `upms_api_visit` VALUES ('2290', '122', '20200811', '16', null, '1', '172.18.32.205', 'chat', '172.18.32.205:1081');
INSERT INTO `upms_api_visit` VALUES ('2291', '122', '20200811', '16', null, '1', '172.18.32.205', 'article', '172.18.32.205:1081');
INSERT INTO `upms_api_visit` VALUES ('2292', '122', '20200811', '16', null, '1', '172.18.32.205', 'worldTree', '172.18.32.205:1081');
INSERT INTO `upms_api_visit` VALUES ('2293', '122', '20200811', '16', null, '1', '172.18.32.205', 'pcgl', '172.18.32.205:1081');
INSERT INTO `upms_api_visit` VALUES ('2294', '108', '20200811', '17', '30', '2', '119.139.196.58', 'nc-nginx', '172.18.32.205:1081');
INSERT INTO `upms_api_visit` VALUES ('2295', '155', '20200811', '17', '30', '2', '119.139.196.58', 'nc-nginx', '172.18.32.205:1081');
INSERT INTO `upms_api_visit` VALUES ('2296', '88', '20200811', '17', '30', '5', '119.139.196.58', 'nc-nginx', '172.18.32.205:1081');
INSERT INTO `upms_api_visit` VALUES ('2297', '110', '20200811', '17', '30', '3', '119.139.196.58', 'nc-nginx', '172.18.32.205:1081');
INSERT INTO `upms_api_visit` VALUES ('2298', '75', '20200811', '17', null, '3', '119.139.196.58', 'nc-nginx', '172.18.32.205:1081');
INSERT INTO `upms_api_visit` VALUES ('2299', '74', '20200811', '17', null, '4', '119.139.196.58', 'nc-nginx', '172.18.32.205:1081');
INSERT INTO `upms_api_visit` VALUES ('2300', '157', '20200811', '17', '30', '8', '119.139.196.58', 'nc-nginx', '172.18.32.205:1081');
INSERT INTO `upms_api_visit` VALUES ('2301', '80', '20200811', '17', '30', '25', '119.139.196.58', 'nc-nginx', '172.18.32.205:1081');
INSERT INTO `upms_api_visit` VALUES ('2302', '72', '20200811', '17', null, '2', '172.18.32.205', 'chat', '172.18.32.205:1081');
INSERT INTO `upms_api_visit` VALUES ('2303', '73', '20200811', '17', null, '2', '119.139.196.58', 'nc-nginx', '172.18.32.205:1081');
INSERT INTO `upms_api_visit` VALUES ('2304', '121', '20200811', '17', '30', '7', '119.139.196.58', 'nc-nginx', '172.18.32.205:1081');
INSERT INTO `upms_api_visit` VALUES ('2305', '107', '20200811', '17', '30', '8', '119.139.196.58', 'nc-nginx', '172.18.32.205:1081');
INSERT INTO `upms_api_visit` VALUES ('2306', '122', '20200811', '17', null, '1', '172.18.32.205', 'article', '172.18.32.205:1081');
INSERT INTO `upms_api_visit` VALUES ('2307', '122', '20200811', '17', null, '1', '172.18.32.205', 'chat', '172.18.32.205:1081');
INSERT INTO `upms_api_visit` VALUES ('2308', '202', '20200811', '17', null, '1', '172.18.32.205', 'chat', '172.18.32.205:1081');
INSERT INTO `upms_api_visit` VALUES ('2309', '122', '20200811', '17', null, '1', '172.18.32.205', 'pcgl', '172.18.32.205:1081');
INSERT INTO `upms_api_visit` VALUES ('2310', '122', '20200811', '17', null, '1', '172.18.32.205', 'worldTree', '172.18.32.205:1081');
INSERT INTO `upms_api_visit` VALUES ('2311', '72', '20200811', '17', null, '11', '119.139.196.58', 'nc-nginx', '172.18.32.205:1081');
INSERT INTO `upms_api_visit` VALUES ('2312', '115', '20200811', '17', '30', '2', '119.139.196.58', 'nc-nginx', '172.18.32.205:1081');
INSERT INTO `upms_api_visit` VALUES ('2313', '119', '20200811', '17', '30', '2', '119.139.196.58', 'nc-nginx', '172.18.32.205:1081');
INSERT INTO `upms_api_visit` VALUES ('2314', '120', '20200811', '17', '30', '1', '119.139.196.58', 'nc-nginx', '172.18.32.205:1081');
INSERT INTO `upms_api_visit` VALUES ('2315', '77', '20200811', '17', '30', '1', '119.139.196.58', 'nc-nginx', '172.18.32.205:1081');
INSERT INTO `upms_api_visit` VALUES ('2316', '116', '20200811', '17', '30', '13', '119.139.196.58', 'nc-nginx', '172.18.32.205:1081');
INSERT INTO `upms_api_visit` VALUES ('2317', '81', '20200811', '17', '30', '23', '119.139.196.58', 'nc-nginx', '172.18.32.205:1081');
INSERT INTO `upms_api_visit` VALUES ('2318', '122', '20200811', '18', null, '1', '172.18.32.205', 'chat', '172.18.32.205:1081');
INSERT INTO `upms_api_visit` VALUES ('2319', '119', '20200811', '18', '30', '2', '124.202.177.42', 'nc-nginx', '172.18.32.205:1081');
INSERT INTO `upms_api_visit` VALUES ('2320', '122', '20200811', '18', null, '1', '172.18.32.205', 'article', '172.18.32.205:1081');
INSERT INTO `upms_api_visit` VALUES ('2321', '202', '20200811', '18', null, '1', '172.18.32.205', 'chat', '172.18.32.205:1081');
INSERT INTO `upms_api_visit` VALUES ('2322', '81', '20200811', '18', '30', '2', '124.202.177.42', 'nc-nginx', '172.18.32.205:1081');
INSERT INTO `upms_api_visit` VALUES ('2323', '116', '20200811', '18', '30', '1', '124.202.177.42', 'nc-nginx', '172.18.32.205:1081');
INSERT INTO `upms_api_visit` VALUES ('2324', '122', '20200811', '18', null, '1', '172.18.32.205', 'pcgl', '172.18.32.205:1081');
INSERT INTO `upms_api_visit` VALUES ('2325', '72', '20200811', '18', null, '1', '172.18.32.205', 'chat', '172.18.32.205:1081');
INSERT INTO `upms_api_visit` VALUES ('2326', '74', '20200811', '18', null, '1', '124.202.177.42', 'nc-nginx', '172.18.32.205:1081');
INSERT INTO `upms_api_visit` VALUES ('2327', '72', '20200811', '18', null, '1', '124.202.177.42', 'nc-nginx', '172.18.32.205:1081');
INSERT INTO `upms_api_visit` VALUES ('2328', '122', '20200811', '18', null, '1', '172.18.32.205', 'worldTree', '172.18.32.205:1081');
INSERT INTO `upms_api_visit` VALUES ('2329', '80', '20200811', '18', '30', '3', '124.202.177.42', 'nc-nginx', '172.18.32.205:1081');
INSERT INTO `upms_api_visit` VALUES ('2330', '121', '20200811', '18', '30', '3', '124.202.177.42', 'nc-nginx', '172.18.32.205:1081');
INSERT INTO `upms_api_visit` VALUES ('2331', '88', '20200811', '18', '30', '1', '124.202.177.42', 'nc-nginx', '172.18.32.205:1081');
INSERT INTO `upms_api_visit` VALUES ('2332', '107', '20200811', '18', '30', '1', '124.202.177.42', 'nc-nginx', '172.18.32.205:1081');
INSERT INTO `upms_api_visit` VALUES ('2333', '122', '20200811', '19', null, '1', '172.18.32.205', 'worldTree', '172.18.32.205:1081');
INSERT INTO `upms_api_visit` VALUES ('2334', '122', '20200811', '19', null, '1', '172.18.32.205', 'chat', '172.18.32.205:1081');
INSERT INTO `upms_api_visit` VALUES ('2335', '122', '20200811', '19', null, '1', '172.18.32.205', 'pcgl', '172.18.32.205:1081');
INSERT INTO `upms_api_visit` VALUES ('2336', '122', '20200811', '19', null, '1', '172.18.32.205', 'article', '172.18.32.205:1081');
INSERT INTO `upms_api_visit` VALUES ('2337', '74', '20200811', '20', null, '4', '119.139.196.58', 'nc-nginx', '172.18.32.205:1081');
INSERT INTO `upms_api_visit` VALUES ('2338', '122', '20200811', '20', null, '1', '172.18.32.205', 'worldTree', '172.18.32.205:1081');
INSERT INTO `upms_api_visit` VALUES ('2339', '81', '20200811', '20', '30', '6', '119.139.196.58', 'nc-nginx', '172.18.32.205:1081');
INSERT INTO `upms_api_visit` VALUES ('2340', '107', '20200811', '20', '30', '2', '119.139.196.58', 'nc-nginx', '172.18.32.205:1081');
INSERT INTO `upms_api_visit` VALUES ('2341', '202', '20200811', '20', null, '2', '172.18.32.205', 'chat', '172.18.32.205:1081');
INSERT INTO `upms_api_visit` VALUES ('2342', '72', '20200811', '20', null, '4', '119.139.196.58', 'nc-nginx', '172.18.32.205:1081');
INSERT INTO `upms_api_visit` VALUES ('2343', '122', '20200811', '20', null, '1', '172.18.32.205', 'pcgl', '172.18.32.205:1081');
INSERT INTO `upms_api_visit` VALUES ('2344', '122', '20200811', '20', null, '1', '172.18.32.205', 'chat', '172.18.32.205:1081');
INSERT INTO `upms_api_visit` VALUES ('2345', '72', '20200811', '20', null, '2', '172.18.32.205', 'chat', '172.18.32.205:1081');
INSERT INTO `upms_api_visit` VALUES ('2346', '88', '20200811', '20', '30', '1', '119.139.196.58', 'nc-nginx', '172.18.32.205:1081');
INSERT INTO `upms_api_visit` VALUES ('2347', '73', '20200811', '20', null, '3', '119.139.196.58', 'nc-nginx', '172.18.32.205:1081');
INSERT INTO `upms_api_visit` VALUES ('2348', '122', '20200811', '20', null, '1', '172.18.32.205', 'article', '172.18.32.205:1081');
INSERT INTO `upms_api_visit` VALUES ('2349', '80', '20200811', '20', '30', '1', '119.139.196.58', 'nc-nginx', '172.18.32.205:1081');
INSERT INTO `upms_api_visit` VALUES ('2350', '74', '20200811', '21', null, '1', '27.15.207.56', 'nc-nginx', '172.18.32.205:1081');
INSERT INTO `upms_api_visit` VALUES ('2351', '149', '20200811', '21', null, '7', '27.15.207.56', 'nc-nginx', '172.18.32.205:1081');
INSERT INTO `upms_api_visit` VALUES ('2352', '56', '20200811', '21', null, '4', '27.15.207.56', 'nc-nginx', '172.18.32.205:1081');
INSERT INTO `upms_api_visit` VALUES ('2353', '88', '20200811', '21', '30', '8', '27.15.207.56', 'nc-nginx', '172.18.32.205:1081');
INSERT INTO `upms_api_visit` VALUES ('2354', '122', '20200811', '21', null, '1', '172.18.32.205', 'worldTree', '172.18.32.205:1081');
INSERT INTO `upms_api_visit` VALUES ('2355', '107', '20200811', '21', '30', '13', '27.15.207.56', 'nc-nginx', '172.18.32.205:1081');
INSERT INTO `upms_api_visit` VALUES ('2356', '186', '20200811', '21', null, '5', '27.15.207.56', 'nc-nginx', '172.18.32.205:1081');
INSERT INTO `upms_api_visit` VALUES ('2357', '60', '20200811', '21', null, '13', '27.15.207.56', 'nc-nginx', '172.18.32.205:1081');
INSERT INTO `upms_api_visit` VALUES ('2358', '102', '20200811', '21', null, '2', '27.15.207.56', 'nc-nginx', '172.18.32.205:1081');
INSERT INTO `upms_api_visit` VALUES ('2359', '202', '20200811', '21', null, '1', '172.18.32.205', 'chat', '172.18.32.205:1081');
INSERT INTO `upms_api_visit` VALUES ('2360', '122', '20200811', '21', null, '1', '172.18.32.205', 'pcgl', '172.18.32.205:1081');
INSERT INTO `upms_api_visit` VALUES ('2361', '71', '20200811', '21', null, '5', '27.15.207.56', 'nc-nginx', '172.18.32.205:1081');
INSERT INTO `upms_api_visit` VALUES ('2362', '54', '20200811', '21', null, '1', '27.15.207.56', 'nc-nginx', '172.18.32.205:1081');
INSERT INTO `upms_api_visit` VALUES ('2363', '122', '20200811', '21', null, '1', '172.18.32.205', 'chat', '172.18.32.205:1081');
INSERT INTO `upms_api_visit` VALUES ('2364', '80', '20200811', '21', '30', '8', '27.15.207.56', 'nc-nginx', '172.18.32.205:1081');
INSERT INTO `upms_api_visit` VALUES ('2365', '67', '20200811', '21', null, '8', '27.15.207.56', 'nc-nginx', '172.18.32.205:1081');
INSERT INTO `upms_api_visit` VALUES ('2366', '51', '20200811', '21', null, '8', '27.15.207.56', 'nc-nginx', '172.18.32.205:1081');
INSERT INTO `upms_api_visit` VALUES ('2367', '171', '20200811', '21', null, '3', '27.15.207.56', 'nc-nginx', '172.18.32.205:1081');
INSERT INTO `upms_api_visit` VALUES ('2368', '72', '20200811', '21', null, '1', '172.18.32.205', 'chat', '172.18.32.205:1081');
INSERT INTO `upms_api_visit` VALUES ('2369', '122', '20200811', '21', null, '1', '172.18.32.205', 'article', '172.18.32.205:1081');
INSERT INTO `upms_api_visit` VALUES ('2370', '101', '20200811', '21', null, '6', '27.15.207.56', 'nc-nginx', '172.18.32.205:1081');
INSERT INTO `upms_api_visit` VALUES ('2371', '100', '20200811', '21', null, '1', '27.15.207.56', 'nc-nginx', '172.18.32.205:1081');
INSERT INTO `upms_api_visit` VALUES ('2372', '72', '20200811', '21', null, '1', '27.15.207.56', 'nc-nginx', '172.18.32.205:1081');
INSERT INTO `upms_api_visit` VALUES ('2373', '55', '20200811', '21', null, '2', '27.15.207.56', 'nc-nginx', '172.18.32.205:1081');
INSERT INTO `upms_api_visit` VALUES ('2374', '81', '20200811', '21', '30', '20', '27.15.207.56', 'nc-nginx', '172.18.32.205:1081');
INSERT INTO `upms_api_visit` VALUES ('2375', '122', '20200811', '22', null, '1', '172.18.32.205', 'worldTree', '172.18.32.205:1081');
INSERT INTO `upms_api_visit` VALUES ('2376', '81', '20200811', '22', '30', '1', '113.233.222.96', 'nc-nginx', '172.18.32.205:1081');
INSERT INTO `upms_api_visit` VALUES ('2377', '72', '20200811', '22', null, '1', '113.233.222.96', 'nc-nginx', '172.18.32.205:1081');
INSERT INTO `upms_api_visit` VALUES ('2378', '202', '20200811', '22', null, '1', '172.18.32.205', 'chat', '172.18.32.205:1081');
INSERT INTO `upms_api_visit` VALUES ('2379', '74', '20200811', '22', null, '1', '113.233.222.96', 'nc-nginx', '172.18.32.205:1081');
INSERT INTO `upms_api_visit` VALUES ('2380', '122', '20200811', '22', null, '1', '172.18.32.205', 'chat', '172.18.32.205:1081');
INSERT INTO `upms_api_visit` VALUES ('2381', '122', '20200811', '22', null, '1', '172.18.32.205', 'article', '172.18.32.205:1081');
INSERT INTO `upms_api_visit` VALUES ('2382', '72', '20200811', '22', null, '1', '172.18.32.205', 'chat', '172.18.32.205:1081');
INSERT INTO `upms_api_visit` VALUES ('2383', '122', '20200811', '22', null, '1', '172.18.32.205', 'pcgl', '172.18.32.205:1081');
INSERT INTO `upms_api_visit` VALUES ('2384', '122', '20200811', '23', null, '1', '172.18.32.205', 'article', '172.18.32.205:1081');
INSERT INTO `upms_api_visit` VALUES ('2385', '122', '20200811', '23', null, '1', '172.18.32.205', 'chat', '172.18.32.205:1081');
INSERT INTO `upms_api_visit` VALUES ('2386', '122', '20200811', '23', null, '1', '172.18.32.205', 'pcgl', '172.18.32.205:1081');
INSERT INTO `upms_api_visit` VALUES ('2387', '122', '20200811', '23', null, '1', '172.18.32.205', 'worldTree', '172.18.32.205:1081');
INSERT INTO `upms_api_visit` VALUES ('2388', '122', '20200812', '00', null, '1', '172.18.32.205', 'article', '172.18.32.205:1081');
INSERT INTO `upms_api_visit` VALUES ('2389', '122', '20200812', '00', null, '1', '172.18.32.205', 'worldTree', '172.18.32.205:1081');
INSERT INTO `upms_api_visit` VALUES ('2390', '122', '20200812', '00', null, '1', '172.18.32.205', 'pcgl', '172.18.32.205:1081');
INSERT INTO `upms_api_visit` VALUES ('2391', '122', '20200812', '00', null, '1', '172.18.32.205', 'chat', '172.18.32.205:1081');
INSERT INTO `upms_api_visit` VALUES ('2392', '122', '20200812', '01', null, '1', '172.18.32.205', 'chat', '172.18.32.205:1081');
INSERT INTO `upms_api_visit` VALUES ('2393', '122', '20200812', '01', null, '1', '172.18.32.205', 'pcgl', '172.18.32.205:1081');
INSERT INTO `upms_api_visit` VALUES ('2394', '122', '20200812', '01', null, '1', '172.18.32.205', 'article', '172.18.32.205:1081');
INSERT INTO `upms_api_visit` VALUES ('2395', '122', '20200812', '01', null, '1', '172.18.32.205', 'worldTree', '172.18.32.205:1081');
INSERT INTO `upms_api_visit` VALUES ('2396', '122', '20200812', '02', null, '1', '172.18.32.205', 'chat', '172.18.32.205:1081');
INSERT INTO `upms_api_visit` VALUES ('2397', '122', '20200812', '02', null, '1', '172.18.32.205', 'article', '172.18.32.205:1081');
INSERT INTO `upms_api_visit` VALUES ('2398', '122', '20200812', '02', null, '1', '172.18.32.205', 'pcgl', '172.18.32.205:1081');
INSERT INTO `upms_api_visit` VALUES ('2399', '122', '20200812', '02', null, '1', '172.18.32.205', 'worldTree', '172.18.32.205:1081');
INSERT INTO `upms_api_visit` VALUES ('2400', '122', '20200812', '03', null, '1', '172.18.32.205', 'pcgl', '172.18.32.205:1081');
INSERT INTO `upms_api_visit` VALUES ('2401', '122', '20200812', '03', null, '1', '172.18.32.205', 'worldTree', '172.18.32.205:1081');
INSERT INTO `upms_api_visit` VALUES ('2402', '122', '20200812', '03', null, '1', '172.18.32.205', 'article', '172.18.32.205:1081');
INSERT INTO `upms_api_visit` VALUES ('2403', '122', '20200812', '03', null, '1', '172.18.32.205', 'chat', '172.18.32.205:1081');
INSERT INTO `upms_api_visit` VALUES ('2404', '122', '20200812', '04', null, '1', '172.18.32.205', 'article', '172.18.32.205:1081');
INSERT INTO `upms_api_visit` VALUES ('2405', '122', '20200812', '04', null, '1', '172.18.32.205', 'chat', '172.18.32.205:1081');
INSERT INTO `upms_api_visit` VALUES ('2406', '122', '20200812', '04', null, '1', '172.18.32.205', 'worldTree', '172.18.32.205:1081');
INSERT INTO `upms_api_visit` VALUES ('2407', '122', '20200812', '04', null, '1', '172.18.32.205', 'pcgl', '172.18.32.205:1081');
INSERT INTO `upms_api_visit` VALUES ('2408', '122', '20200812', '05', null, '1', '172.18.32.205', 'article', '172.18.32.205:1081');
INSERT INTO `upms_api_visit` VALUES ('2409', '122', '20200812', '05', null, '1', '172.18.32.205', 'chat', '172.18.32.205:1081');
INSERT INTO `upms_api_visit` VALUES ('2410', '122', '20200812', '05', null, '1', '172.18.32.205', 'worldTree', '172.18.32.205:1081');
INSERT INTO `upms_api_visit` VALUES ('2411', '122', '20200812', '05', null, '1', '172.18.32.205', 'pcgl', '172.18.32.205:1081');
INSERT INTO `upms_api_visit` VALUES ('2412', '122', '20200812', '06', null, '1', '172.18.32.205', 'chat', '172.18.32.205:1081');
INSERT INTO `upms_api_visit` VALUES ('2413', '122', '20200812', '06', null, '1', '172.18.32.205', 'article', '172.18.32.205:1081');
INSERT INTO `upms_api_visit` VALUES ('2414', '122', '20200812', '06', null, '1', '172.18.32.205', 'pcgl', '172.18.32.205:1081');
INSERT INTO `upms_api_visit` VALUES ('2415', '122', '20200812', '06', null, '1', '172.18.32.205', 'worldTree', '172.18.32.205:1081');
INSERT INTO `upms_api_visit` VALUES ('2416', '122', '20200812', '07', null, '1', '172.18.32.205', 'article', '172.18.32.205:1081');
INSERT INTO `upms_api_visit` VALUES ('2417', '122', '20200812', '07', null, '1', '172.18.32.205', 'chat', '172.18.32.205:1081');
INSERT INTO `upms_api_visit` VALUES ('2418', '122', '20200812', '07', null, '1', '172.18.32.205', 'worldTree', '172.18.32.205:1081');
INSERT INTO `upms_api_visit` VALUES ('2419', '122', '20200812', '07', null, '1', '172.18.32.205', 'pcgl', '172.18.32.205:1081');
INSERT INTO `upms_api_visit` VALUES ('2420', '122', '20200812', '08', null, '1', '172.18.32.205', 'pcgl', '172.18.32.205:1081');
INSERT INTO `upms_api_visit` VALUES ('2421', '122', '20200812', '08', null, '1', '172.18.32.205', 'worldTree', '172.18.32.205:1081');
INSERT INTO `upms_api_visit` VALUES ('2422', '122', '20200812', '08', null, '1', '172.18.32.205', 'chat', '172.18.32.205:1081');
INSERT INTO `upms_api_visit` VALUES ('2423', '122', '20200812', '08', null, '1', '172.18.32.205', 'article', '172.18.32.205:1081');
INSERT INTO `upms_api_visit` VALUES ('2424', '122', '20200812', '09', null, '1', '172.18.32.205', 'worldTree', '172.18.32.205:1081');
INSERT INTO `upms_api_visit` VALUES ('2425', '122', '20200812', '09', null, '1', '172.18.32.205', 'pcgl', '172.18.32.205:1081');
INSERT INTO `upms_api_visit` VALUES ('2426', '122', '20200812', '09', null, '1', '172.18.32.205', 'article', '172.18.32.205:1081');
INSERT INTO `upms_api_visit` VALUES ('2427', '122', '20200812', '09', null, '1', '172.18.32.205', 'chat', '172.18.32.205:1081');
INSERT INTO `upms_api_visit` VALUES ('2428', '80', '20200812', '10', '30', '1', '120.198.22.24', 'nc-nginx', '172.18.32.205:1081');
INSERT INTO `upms_api_visit` VALUES ('2429', '122', '20200812', '10', null, '1', '172.18.32.205', 'worldTree', '172.18.32.205:1081');
INSERT INTO `upms_api_visit` VALUES ('2430', '74', '20200812', '10', null, '1', '120.198.22.24', 'nc-nginx', '172.18.32.205:1081');
INSERT INTO `upms_api_visit` VALUES ('2431', '72', '20200812', '10', null, '1', '120.198.22.24', 'nc-nginx', '172.18.32.205:1081');
INSERT INTO `upms_api_visit` VALUES ('2432', '122', '20200812', '10', null, '1', '172.18.32.205', 'pcgl', '172.18.32.205:1081');
INSERT INTO `upms_api_visit` VALUES ('2433', '81', '20200812', '10', '30', '3', '120.198.22.24', 'nc-nginx', '172.18.32.205:1081');
INSERT INTO `upms_api_visit` VALUES ('2434', '107', '20200812', '10', '30', '1', '120.198.22.24', 'nc-nginx', '172.18.32.205:1081');
INSERT INTO `upms_api_visit` VALUES ('2435', '122', '20200812', '10', null, '1', '172.18.32.205', 'chat', '172.18.32.205:1081');
INSERT INTO `upms_api_visit` VALUES ('2436', '88', '20200812', '10', '30', '1', '120.198.22.24', 'nc-nginx', '172.18.32.205:1081');
INSERT INTO `upms_api_visit` VALUES ('2437', '122', '20200812', '10', null, '1', '172.18.32.205', 'article', '172.18.32.205:1081');
INSERT INTO `upms_api_visit` VALUES ('2438', '182', '20200812', '11', null, '1', '119.139.196.58', 'nc-nginx', '172.18.32.205:1081');
INSERT INTO `upms_api_visit` VALUES ('2439', '56', '20200812', '11', null, '1', '119.139.196.58', 'nc-nginx', '172.18.32.205:1081');
INSERT INTO `upms_api_visit` VALUES ('2440', '88', '20200812', '11', '30', '3', '119.139.196.58', 'nc-nginx', '172.18.32.205:1081');
INSERT INTO `upms_api_visit` VALUES ('2441', '155', '20200812', '11', '30', '5', '119.139.196.58', 'nc-nginx', '172.18.32.205:1081');
INSERT INTO `upms_api_visit` VALUES ('2442', '171', '20200812', '11', null, '4', '119.139.196.58', 'nc-nginx', '172.18.32.205:1081');
INSERT INTO `upms_api_visit` VALUES ('2443', '149', '20200812', '11', null, '4', '119.139.196.58', 'nc-nginx', '172.18.32.205:1081');
INSERT INTO `upms_api_visit` VALUES ('2444', '110', '20200812', '11', '30', '1', '119.139.196.58', 'nc-nginx', '172.18.32.205:1081');
INSERT INTO `upms_api_visit` VALUES ('2445', '61', '20200812', '11', null, '1', '119.139.196.58', 'nc-nginx', '172.18.32.205:1081');
INSERT INTO `upms_api_visit` VALUES ('2446', '115', '20200812', '11', '30', '5', '119.139.196.58', 'nc-nginx', '172.18.32.205:1081');
INSERT INTO `upms_api_visit` VALUES ('2447', '80', '20200812', '11', '30', '4', '119.139.196.58', 'nc-nginx', '172.18.32.205:1081');
INSERT INTO `upms_api_visit` VALUES ('2448', '60', '20200812', '11', null, '23', '119.139.196.58', 'nc-nginx', '172.18.32.205:1081');
INSERT INTO `upms_api_visit` VALUES ('2449', '122', '20200812', '11', null, '1', '172.18.32.205', 'worldTree', '172.18.32.205:1081');
INSERT INTO `upms_api_visit` VALUES ('2450', '107', '20200812', '11', '30', '4', '119.139.196.58', 'nc-nginx', '172.18.32.205:1081');
INSERT INTO `upms_api_visit` VALUES ('2451', '202', '20200812', '11', null, '1', '172.18.32.205', 'chat', '172.18.32.205:1081');
INSERT INTO `upms_api_visit` VALUES ('2452', '51', '20200812', '11', null, '6', '119.139.196.58', 'nc-nginx', '172.18.32.205:1081');
INSERT INTO `upms_api_visit` VALUES ('2453', '122', '20200812', '11', null, '1', '172.18.32.205', 'pcgl', '172.18.32.205:1081');
INSERT INTO `upms_api_visit` VALUES ('2454', '100', '20200812', '11', null, '3', '119.139.196.58', 'nc-nginx', '172.18.32.205:1081');
INSERT INTO `upms_api_visit` VALUES ('2455', '72', '20200812', '11', null, '1', '119.139.196.58', 'nc-nginx', '172.18.32.205:1081');
INSERT INTO `upms_api_visit` VALUES ('2456', '122', '20200812', '11', null, '1', '172.18.32.205', 'chat', '172.18.32.205:1081');
INSERT INTO `upms_api_visit` VALUES ('2457', '72', '20200812', '11', null, '1', '172.18.32.205', 'chat', '172.18.32.205:1081');
INSERT INTO `upms_api_visit` VALUES ('2458', '67', '20200812', '11', null, '15', '119.139.196.58', 'nc-nginx', '172.18.32.205:1081');
INSERT INTO `upms_api_visit` VALUES ('2459', '122', '20200812', '11', null, '1', '172.18.32.205', 'article', '172.18.32.205:1081');
INSERT INTO `upms_api_visit` VALUES ('2460', '177', '20200812', '11', null, '3', '119.139.196.58', 'nc-nginx', '172.18.32.205:1081');
INSERT INTO `upms_api_visit` VALUES ('2461', '186', '20200812', '11', null, '4', '119.139.196.58', 'nc-nginx', '172.18.32.205:1081');
INSERT INTO `upms_api_visit` VALUES ('2462', '74', '20200812', '11', null, '2', '119.139.196.58', 'nc-nginx', '172.18.32.205:1081');
INSERT INTO `upms_api_visit` VALUES ('2463', '81', '20200812', '11', '30', '11', '119.139.196.58', 'nc-nginx', '172.18.32.205:1081');
INSERT INTO `upms_api_visit` VALUES ('2464', '116', '20200812', '11', '30', '6', '119.139.196.58', 'nc-nginx', '172.18.32.205:1081');
INSERT INTO `upms_api_visit` VALUES ('2465', '55', '20200812', '11', null, '2', '119.139.196.58', 'nc-nginx', '172.18.32.205:1081');
INSERT INTO `upms_api_visit` VALUES ('2466', '71', '20200812', '11', null, '8', '119.139.196.58', 'nc-nginx', '172.18.32.205:1081');
INSERT INTO `upms_api_visit` VALUES ('2467', '139', '20200812', '11', null, '1', '119.139.196.58', 'nc-nginx', '172.18.32.205:1081');
INSERT INTO `upms_api_visit` VALUES ('2468', '119', '20200812', '11', '30', '3', '119.139.196.58', 'nc-nginx', '172.18.32.205:1081');
INSERT INTO `upms_api_visit` VALUES ('2469', '122', '20200812', '12', null, '1', '172.18.32.205', 'worldTree', '172.18.32.205:1081');
INSERT INTO `upms_api_visit` VALUES ('2470', '73', '20200812', '12', null, '50', '120.198.22.24', 'nc-nginx', '172.18.32.205:1081');
INSERT INTO `upms_api_visit` VALUES ('2471', '122', '20200812', '12', null, '1', '172.18.32.205', 'chat', '172.18.32.205:1081');
INSERT INTO `upms_api_visit` VALUES ('2472', '122', '20200812', '12', null, '1', '172.18.32.205', 'article', '172.18.32.205:1081');
INSERT INTO `upms_api_visit` VALUES ('2473', '122', '20200812', '12', null, '1', '172.18.32.205', 'pcgl', '172.18.32.205:1081');
INSERT INTO `upms_api_visit` VALUES ('2474', '116', '20200812', '12', '30', '1', '120.198.22.24', 'nc-nginx', '172.18.32.205:1081');
INSERT INTO `upms_api_visit` VALUES ('2475', '72', '20200812', '12', null, '51', '172.18.32.205', 'pcgl', '172.18.32.205:1081');
INSERT INTO `upms_api_visit` VALUES ('2476', '107', '20200812', '12', '30', '1', '120.198.22.24', 'nc-nginx', '172.18.32.205:1081');
INSERT INTO `upms_api_visit` VALUES ('2477', '81', '20200812', '13', '30', '1', '218.17.157.169', 'nc-nginx', '172.18.32.205:1081');
INSERT INTO `upms_api_visit` VALUES ('2478', '55', '20200812', '13', null, '2', '218.17.157.169', 'nc-nginx', '172.18.32.205:1081');
INSERT INTO `upms_api_visit` VALUES ('2479', '72', '20200812', '13', null, '1', '218.17.157.169', 'nc-nginx', '172.18.32.205:1081');
INSERT INTO `upms_api_visit` VALUES ('2480', '107', '20200812', '13', '30', '1', '218.17.157.169', 'nc-nginx', '172.18.32.205:1081');
INSERT INTO `upms_api_visit` VALUES ('2481', '149', '20200812', '13', null, '2', '218.17.157.169', 'nc-nginx', '172.18.32.205:1081');
INSERT INTO `upms_api_visit` VALUES ('2482', '122', '20200812', '13', null, '1', '172.18.32.205', 'article', '172.18.32.205:1081');
INSERT INTO `upms_api_visit` VALUES ('2483', '186', '20200812', '13', null, '1', '218.17.157.169', 'nc-nginx', '172.18.32.205:1081');
INSERT INTO `upms_api_visit` VALUES ('2484', '122', '20200812', '13', null, '1', '172.18.32.205', 'chat', '172.18.32.205:1081');
INSERT INTO `upms_api_visit` VALUES ('2485', '171', '20200812', '13', null, '2', '218.17.157.169', 'nc-nginx', '172.18.32.205:1081');
INSERT INTO `upms_api_visit` VALUES ('2486', '67', '20200812', '13', null, '2', '218.17.157.169', 'nc-nginx', '172.18.32.205:1081');
INSERT INTO `upms_api_visit` VALUES ('2487', '51', '20200812', '13', null, '2', '218.17.157.169', 'nc-nginx', '172.18.32.205:1081');
INSERT INTO `upms_api_visit` VALUES ('2488', '101', '20200812', '13', null, '6', '218.17.157.169', 'nc-nginx', '172.18.32.205:1081');
INSERT INTO `upms_api_visit` VALUES ('2489', '56', '20200812', '13', null, '2', '218.17.157.169', 'nc-nginx', '172.18.32.205:1081');
INSERT INTO `upms_api_visit` VALUES ('2490', '122', '20200812', '13', null, '1', '172.18.32.205', 'pcgl', '172.18.32.205:1081');
INSERT INTO `upms_api_visit` VALUES ('2491', '71', '20200812', '13', null, '2', '218.17.157.169', 'nc-nginx', '172.18.32.205:1081');
INSERT INTO `upms_api_visit` VALUES ('2492', '122', '20200812', '13', null, '1', '172.18.32.205', 'worldTree', '172.18.32.205:1081');
INSERT INTO `upms_api_visit` VALUES ('2493', '60', '20200812', '13', null, '6', '218.17.157.169', 'nc-nginx', '172.18.32.205:1081');
INSERT INTO `upms_api_visit` VALUES ('2494', '74', '20200812', '13', null, '1', '218.17.157.169', 'nc-nginx', '172.18.32.205:1081');
INSERT INTO `upms_api_visit` VALUES ('2495', '74', '20200812', '14', null, '1', '119.139.196.30', 'nc-nginx', '172.18.32.205:1081');
INSERT INTO `upms_api_visit` VALUES ('2496', '122', '20200812', '14', null, '1', '172.18.32.205', 'pcgl', '172.18.32.205:1081');
INSERT INTO `upms_api_visit` VALUES ('2497', '55', '20200812', '14', null, '1', '119.139.196.58', 'nc-nginx', '172.18.32.205:1081');
INSERT INTO `upms_api_visit` VALUES ('2498', '202', '20200812', '14', null, '2', '172.18.32.205', 'chat', '172.18.32.205:1081');
INSERT INTO `upms_api_visit` VALUES ('2499', '101', '20200812', '14', null, '6', '119.139.196.58', 'nc-nginx', '172.18.32.205:1081');
INSERT INTO `upms_api_visit` VALUES ('2500', '72', '20200812', '14', null, '1', '119.139.196.30', 'nc-nginx', '172.18.32.205:1081');
INSERT INTO `upms_api_visit` VALUES ('2501', '68', '20200812', '14', null, '1', '119.139.196.58', 'nc-nginx', '172.18.32.205:1081');
INSERT INTO `upms_api_visit` VALUES ('2502', '122', '20200812', '14', null, '1', '172.18.32.205', 'worldTree', '172.18.32.205:1081');
INSERT INTO `upms_api_visit` VALUES ('2503', '139', '20200812', '14', null, '4', '119.139.196.58', 'nc-nginx', '172.18.32.205:1081');
INSERT INTO `upms_api_visit` VALUES ('2504', '115', '20200812', '14', '30', '1', '119.139.196.30', 'nc-nginx', '172.18.32.205:1081');
INSERT INTO `upms_api_visit` VALUES ('2505', '56', '20200812', '14', null, '1', '59.108.78.98', 'nc-nginx', '172.18.32.205:1081');
INSERT INTO `upms_api_visit` VALUES ('2506', '67', '20200812', '14', null, '1', '119.139.196.58', 'nc-nginx', '172.18.32.205:1081');
INSERT INTO `upms_api_visit` VALUES ('2507', '60', '20200812', '14', null, '4', '59.108.78.98', 'nc-nginx', '172.18.32.205:1081');
INSERT INTO `upms_api_visit` VALUES ('2508', '171', '20200812', '14', null, '1', '119.139.196.58', 'nc-nginx', '172.18.32.205:1081');
INSERT INTO `upms_api_visit` VALUES ('2509', '81', '20200812', '14', '30', '7', '119.139.196.30', 'nc-nginx', '172.18.32.205:1081');
INSERT INTO `upms_api_visit` VALUES ('2510', '56', '20200812', '14', null, '4', '119.139.196.58', 'nc-nginx', '172.18.32.205:1081');
INSERT INTO `upms_api_visit` VALUES ('2511', '80', '20200812', '14', '30', '1', '119.139.196.30', 'nc-nginx', '172.18.32.205:1081');
INSERT INTO `upms_api_visit` VALUES ('2512', '150', '20200812', '14', null, '4', '119.139.196.58', 'nc-nginx', '172.18.32.205:1081');
INSERT INTO `upms_api_visit` VALUES ('2513', '51', '20200812', '14', null, '4', '59.108.78.98', 'nc-nginx', '172.18.32.205:1081');
INSERT INTO `upms_api_visit` VALUES ('2514', '75', '20200812', '14', null, '1', '119.139.196.58', 'nc-nginx', '172.18.32.205:1081');
INSERT INTO `upms_api_visit` VALUES ('2515', '60', '20200812', '14', null, '3', '119.139.196.58', 'nc-nginx', '172.18.32.205:1081');
INSERT INTO `upms_api_visit` VALUES ('2516', '186', '20200812', '14', null, '2', '59.108.78.98', 'nc-nginx', '172.18.32.205:1081');
INSERT INTO `upms_api_visit` VALUES ('2517', '67', '20200812', '14', null, '2', '59.108.78.98', 'nc-nginx', '172.18.32.205:1081');
INSERT INTO `upms_api_visit` VALUES ('2518', '88', '20200812', '14', '30', '3', '119.139.196.30', 'nc-nginx', '172.18.32.205:1081');
INSERT INTO `upms_api_visit` VALUES ('2519', '155', '20200812', '14', '30', '1', '119.139.196.30', 'nc-nginx', '172.18.32.205:1081');
INSERT INTO `upms_api_visit` VALUES ('2520', '74', '20200812', '14', null, '1', '59.108.78.98', 'nc-nginx', '172.18.32.205:1081');
INSERT INTO `upms_api_visit` VALUES ('2521', '71', '20200812', '14', null, '2', '119.139.196.58', 'nc-nginx', '172.18.32.205:1081');
INSERT INTO `upms_api_visit` VALUES ('2522', '149', '20200812', '14', null, '2', '119.139.196.58', 'nc-nginx', '172.18.32.205:1081');
INSERT INTO `upms_api_visit` VALUES ('2523', '51', '20200812', '14', null, '3', '119.139.196.58', 'nc-nginx', '172.18.32.205:1081');
INSERT INTO `upms_api_visit` VALUES ('2524', '139', '20200812', '14', null, '1', '59.108.78.98', 'nc-nginx', '172.18.32.205:1081');
INSERT INTO `upms_api_visit` VALUES ('2525', '55', '20200812', '14', null, '3', '59.108.78.98', 'nc-nginx', '172.18.32.205:1081');
INSERT INTO `upms_api_visit` VALUES ('2526', '72', '20200812', '14', null, '1', '59.108.78.98', 'nc-nginx', '172.18.32.205:1081');
INSERT INTO `upms_api_visit` VALUES ('2527', '81', '20200812', '14', '30', '2', '59.108.78.98', 'nc-nginx', '172.18.32.205:1081');
INSERT INTO `upms_api_visit` VALUES ('2528', '122', '20200812', '14', null, '1', '172.18.32.205', 'article', '172.18.32.205:1081');
INSERT INTO `upms_api_visit` VALUES ('2529', '71', '20200812', '14', null, '1', '59.108.78.98', 'nc-nginx', '172.18.32.205:1081');
INSERT INTO `upms_api_visit` VALUES ('2530', '122', '20200812', '14', null, '1', '172.18.32.205', 'chat', '172.18.32.205:1081');
INSERT INTO `upms_api_visit` VALUES ('2531', '72', '20200812', '14', null, '2', '172.18.32.205', 'chat', '172.18.32.205:1081');
INSERT INTO `upms_api_visit` VALUES ('2532', '108', '20200812', '14', '30', '4', '119.139.196.30', 'nc-nginx', '172.18.32.205:1081');
INSERT INTO `upms_api_visit` VALUES ('2533', '107', '20200812', '14', '30', '5', '119.139.196.30', 'nc-nginx', '172.18.32.205:1081');
INSERT INTO `upms_api_visit` VALUES ('2534', '73', '20200812', '14', null, '1', '119.139.196.58', 'nc-nginx', '172.18.32.205:1081');
INSERT INTO `upms_api_visit` VALUES ('2535', '109', '20200812', '15', '30', '1', '119.139.196.30', 'nc-nginx', '172.18.32.205:1081');
INSERT INTO `upms_api_visit` VALUES ('2536', '88', '20200812', '15', '30', '5', '119.139.196.30', 'nc-nginx', '172.18.32.205:1081');
INSERT INTO `upms_api_visit` VALUES ('2537', '108', '20200812', '15', '30', '2', '119.139.196.58', 'nc-nginx', '172.18.32.205:1081');
INSERT INTO `upms_api_visit` VALUES ('2538', '72', '20200812', '15', null, '1', '172.18.32.205', 'chat', '172.18.32.205:1081');
INSERT INTO `upms_api_visit` VALUES ('2539', '155', '20200812', '15', '30', '6', '119.139.196.58', 'nc-nginx', '172.18.32.205:1081');
INSERT INTO `upms_api_visit` VALUES ('2540', '85', '20200812', '15', '30', '1', '119.139.196.30', 'nc-nginx', '172.18.32.205:1081');
INSERT INTO `upms_api_visit` VALUES ('2541', '116', '20200812', '15', '30', '3', '119.139.196.30', 'nc-nginx', '172.18.32.205:1081');
INSERT INTO `upms_api_visit` VALUES ('2542', '73', '20200812', '15', null, '1', '119.139.196.58', 'nc-nginx', '172.18.32.205:1081');
INSERT INTO `upms_api_visit` VALUES ('2543', '81', '20200812', '15', '30', '1', '180.164.94.167', 'nc-nginx', '172.18.32.205:1081');
INSERT INTO `upms_api_visit` VALUES ('2544', '83', '20200812', '15', '30', '1', '119.139.196.58', 'nc-nginx', '172.18.32.205:1081');
INSERT INTO `upms_api_visit` VALUES ('2545', '60', '20200812', '15', null, '2', '119.139.196.58', 'nc-nginx', '172.18.32.205:1081');
INSERT INTO `upms_api_visit` VALUES ('2546', '122', '20200812', '15', null, '1', '172.18.32.205', 'worldTree', '172.18.32.205:1081');
INSERT INTO `upms_api_visit` VALUES ('2547', '71', '20200812', '15', null, '4', '119.139.196.58', 'nc-nginx', '172.18.32.205:1081');
INSERT INTO `upms_api_visit` VALUES ('2548', '81', '20200812', '15', '30', '8', '119.139.196.58', 'nc-nginx', '172.18.32.205:1081');
INSERT INTO `upms_api_visit` VALUES ('2549', '77', '20200812', '15', '30', '1', '119.139.196.58', 'nc-nginx', '172.18.32.205:1081');
INSERT INTO `upms_api_visit` VALUES ('2550', '122', '20200812', '15', null, '1', '172.18.32.205', 'article', '172.18.32.205:1081');
INSERT INTO `upms_api_visit` VALUES ('2551', '80', '20200812', '15', '30', '4', '119.139.196.58', 'nc-nginx', '172.18.32.205:1081');
INSERT INTO `upms_api_visit` VALUES ('2552', '115', '20200812', '15', '30', '7', '119.139.196.58', 'nc-nginx', '172.18.32.205:1081');
INSERT INTO `upms_api_visit` VALUES ('2553', '72', '20200812', '15', null, '3', '119.139.196.58', 'nc-nginx', '172.18.32.205:1081');
INSERT INTO `upms_api_visit` VALUES ('2554', '74', '20200812', '15', null, '1', '180.164.94.167', 'nc-nginx', '172.18.32.205:1081');
INSERT INTO `upms_api_visit` VALUES ('2555', '74', '20200812', '15', null, '2', '119.139.196.30', 'nc-nginx', '172.18.32.205:1081');
INSERT INTO `upms_api_visit` VALUES ('2556', '116', '20200812', '15', '30', '1', '119.139.196.58', 'nc-nginx', '172.18.32.205:1081');
INSERT INTO `upms_api_visit` VALUES ('2557', '110', '20200812', '15', '30', '4', '119.139.196.30', 'nc-nginx', '172.18.32.205:1081');
INSERT INTO `upms_api_visit` VALUES ('2558', '120', '20200812', '15', '30', '3', '119.139.196.30', 'nc-nginx', '172.18.32.205:1081');
INSERT INTO `upms_api_visit` VALUES ('2559', '109', '20200812', '15', '30', '1', '119.139.196.58', 'nc-nginx', '172.18.32.205:1081');
INSERT INTO `upms_api_visit` VALUES ('2560', '88', '20200812', '15', '30', '2', '119.139.196.58', 'nc-nginx', '172.18.32.205:1081');
INSERT INTO `upms_api_visit` VALUES ('2561', '108', '20200812', '15', '30', '2', '119.139.196.30', 'nc-nginx', '172.18.32.205:1081');
INSERT INTO `upms_api_visit` VALUES ('2562', '71', '20200812', '15', null, '1', '59.108.78.98', 'nc-nginx', '172.18.32.205:1081');
INSERT INTO `upms_api_visit` VALUES ('2563', '107', '20200812', '15', '30', '3', '119.139.196.58', 'nc-nginx', '172.18.32.205:1081');
INSERT INTO `upms_api_visit` VALUES ('2564', '72', '20200812', '15', null, '1', '180.164.94.167', 'nc-nginx', '172.18.32.205:1081');
INSERT INTO `upms_api_visit` VALUES ('2565', '67', '20200812', '15', null, '2', '119.139.196.58', 'nc-nginx', '172.18.32.205:1081');
INSERT INTO `upms_api_visit` VALUES ('2566', '122', '20200812', '15', null, '1', '172.18.32.205', 'chat', '172.18.32.205:1081');
INSERT INTO `upms_api_visit` VALUES ('2567', '81', '20200812', '15', '30', '9', '119.139.196.30', 'nc-nginx', '172.18.32.205:1081');
INSERT INTO `upms_api_visit` VALUES ('2568', '186', '20200812', '15', null, '2', '119.139.196.58', 'nc-nginx', '172.18.32.205:1081');
INSERT INTO `upms_api_visit` VALUES ('2569', '122', '20200812', '15', null, '1', '172.18.32.205', 'pcgl', '172.18.32.205:1081');
INSERT INTO `upms_api_visit` VALUES ('2570', '107', '20200812', '15', '30', '5', '119.139.196.30', 'nc-nginx', '172.18.32.205:1081');
INSERT INTO `upms_api_visit` VALUES ('2571', '80', '20200812', '15', '30', '5', '119.139.196.30', 'nc-nginx', '172.18.32.205:1081');
INSERT INTO `upms_api_visit` VALUES ('2572', '117', '20200812', '15', '30', '2', '119.139.196.30', 'nc-nginx', '172.18.32.205:1081');
INSERT INTO `upms_api_visit` VALUES ('2573', '119', '20200812', '15', '30', '6', '119.139.196.30', 'nc-nginx', '172.18.32.205:1081');
INSERT INTO `upms_api_visit` VALUES ('2574', '121', '20200812', '15', '30', '1', '119.139.196.30', 'nc-nginx', '172.18.32.205:1081');
INSERT INTO `upms_api_visit` VALUES ('2575', '73', '20200812', '15', null, '2', '119.139.196.30', 'nc-nginx', '172.18.32.205:1081');
INSERT INTO `upms_api_visit` VALUES ('2576', '202', '20200812', '15', null, '1', '172.18.32.205', 'chat', '172.18.32.205:1081');
INSERT INTO `upms_api_visit` VALUES ('2577', '51', '20200812', '15', null, '7', '119.139.196.58', 'nc-nginx', '172.18.32.205:1081');
INSERT INTO `upms_api_visit` VALUES ('2578', '72', '20200812', '15', null, '2', '119.139.196.30', 'nc-nginx', '172.18.32.205:1081');
INSERT INTO `upms_api_visit` VALUES ('2579', '74', '20200812', '15', null, '6', '119.139.196.58', 'nc-nginx', '172.18.32.205:1081');
INSERT INTO `upms_api_visit` VALUES ('2580', '101', '20200812', '16', null, '18', '127.0.0.1', 'nc-nginx', '192.168.143.206:1081');
INSERT INTO `upms_api_visit` VALUES ('2581', '60', '20200812', '16', null, '4', '127.0.0.1', 'nc-nginx', '192.168.143.206:1081');
INSERT INTO `upms_api_visit` VALUES ('2582', '55', '20200812', '16', null, '1', '127.0.0.1', 'nc-nginx', '192.168.143.206:1081');
INSERT INTO `upms_api_visit` VALUES ('2583', '56', '20200812', '16', null, '3', '127.0.0.1', 'nc-nginx', '192.168.143.206:1081');
INSERT INTO `upms_api_visit` VALUES ('2584', '67', '20200812', '16', null, '6', '127.0.0.1', 'nc-nginx', '192.168.143.206:1081');
INSERT INTO `upms_api_visit` VALUES ('2585', '51', '20200812', '16', null, '8', '127.0.0.1', 'nc-nginx', '192.168.143.206:1081');
INSERT INTO `upms_api_visit` VALUES ('2586', '115', '20200812', '16', '30', '7', '119.139.196.30', 'nc-nginx', '172.18.32.205:1081');
INSERT INTO `upms_api_visit` VALUES ('2587', '109', '20200812', '16', '30', '3', '119.139.196.30', 'nc-nginx', '172.18.32.205:1081');
INSERT INTO `upms_api_visit` VALUES ('2588', '88', '20200812', '16', '30', '5', '119.139.196.30', 'nc-nginx', '172.18.32.205:1081');
INSERT INTO `upms_api_visit` VALUES ('2589', '80', '20200812', '16', '30', '1', '119.139.196.58', 'nc-nginx', '172.18.32.205:1081');
INSERT INTO `upms_api_visit` VALUES ('2590', '108', '20200812', '16', '30', '1', '119.139.196.58', 'nc-nginx', '172.18.32.205:1081');
INSERT INTO `upms_api_visit` VALUES ('2591', '155', '20200812', '16', '30', '1', '119.139.196.58', 'nc-nginx', '172.18.32.205:1081');
INSERT INTO `upms_api_visit` VALUES ('2592', '110', '20200812', '16', '30', '2', '119.139.196.58', 'nc-nginx', '172.18.32.205:1081');
INSERT INTO `upms_api_visit` VALUES ('2593', '72', '20200812', '16', null, '1', '172.18.32.205', 'chat', '172.18.32.205:1081');
INSERT INTO `upms_api_visit` VALUES ('2594', '107', '20200812', '16', '30', '6', '119.139.196.30', 'nc-nginx', '172.18.32.205:1081');
INSERT INTO `upms_api_visit` VALUES ('2595', '122', '20200812', '16', null, '1', '172.18.32.205', 'article', '172.18.32.205:1081');
INSERT INTO `upms_api_visit` VALUES ('2596', '122', '20200812', '16', null, '1', '172.18.32.205', 'worldTree', '172.18.32.205:1081');
INSERT INTO `upms_api_visit` VALUES ('2597', '72', '20200812', '16', null, '1', '113.71.39.127', 'nc-nginx', '172.18.32.205:1081');
INSERT INTO `upms_api_visit` VALUES ('2598', '116', '20200812', '16', '30', '4', '119.139.196.30', 'nc-nginx', '172.18.32.205:1081');
INSERT INTO `upms_api_visit` VALUES ('2599', '107', '20200812', '16', '30', '2', '113.71.39.127', 'nc-nginx', '172.18.32.205:1081');
INSERT INTO `upms_api_visit` VALUES ('2600', '120', '20200812', '16', '30', '1', '119.139.196.30', 'nc-nginx', '172.18.32.205:1081');
INSERT INTO `upms_api_visit` VALUES ('2601', '81', '20200812', '16', '30', '3', '119.139.196.58', 'nc-nginx', '172.18.32.205:1081');
INSERT INTO `upms_api_visit` VALUES ('2602', '115', '20200812', '16', '30', '1', '119.139.196.58', 'nc-nginx', '172.18.32.205:1081');
INSERT INTO `upms_api_visit` VALUES ('2603', '80', '20200812', '16', '30', '1', '113.71.39.127', 'nc-nginx', '172.18.32.205:1081');
INSERT INTO `upms_api_visit` VALUES ('2604', '80', '20200812', '16', '30', '11', '119.139.196.30', 'nc-nginx', '172.18.32.205:1081');
INSERT INTO `upms_api_visit` VALUES ('2605', '74', '20200812', '16', null, '1', '113.71.39.127', 'nc-nginx', '172.18.32.205:1081');
INSERT INTO `upms_api_visit` VALUES ('2606', '119', '20200812', '16', '30', '1', '113.71.39.127', 'nc-nginx', '172.18.32.205:1081');
INSERT INTO `upms_api_visit` VALUES ('2607', '110', '20200812', '16', '30', '2', '119.139.196.30', 'nc-nginx', '172.18.32.205:1081');
INSERT INTO `upms_api_visit` VALUES ('2608', '155', '20200812', '16', '30', '10', '119.139.196.30', 'nc-nginx', '172.18.32.205:1081');
INSERT INTO `upms_api_visit` VALUES ('2609', '78', '20200812', '16', '30', '1', '119.139.196.30', 'nc-nginx', '172.18.32.205:1081');
INSERT INTO `upms_api_visit` VALUES ('2610', '81', '20200812', '16', '30', '4', '113.71.39.127', 'nc-nginx', '172.18.32.205:1081');
INSERT INTO `upms_api_visit` VALUES ('2611', '122', '20200812', '16', null, '1', '172.18.32.205', 'chat', '172.18.32.205:1081');
INSERT INTO `upms_api_visit` VALUES ('2612', '108', '20200812', '16', '30', '4', '119.139.196.30', 'nc-nginx', '172.18.32.205:1081');
INSERT INTO `upms_api_visit` VALUES ('2613', '202', '20200812', '16', null, '1', '172.18.32.205', 'chat', '172.18.32.205:1081');
INSERT INTO `upms_api_visit` VALUES ('2614', '119', '20200812', '16', '30', '1', '119.139.196.30', 'nc-nginx', '172.18.32.205:1081');
INSERT INTO `upms_api_visit` VALUES ('2615', '122', '20200812', '16', null, '1', '172.18.32.205', 'pcgl', '172.18.32.205:1081');
INSERT INTO `upms_api_visit` VALUES ('2616', '88', '20200812', '16', '30', '1', '113.71.39.127', 'nc-nginx', '172.18.32.205:1081');
INSERT INTO `upms_api_visit` VALUES ('2617', '81', '20200812', '16', '30', '21', '119.139.196.30', 'nc-nginx', '172.18.32.205:1081');
INSERT INTO `upms_api_visit` VALUES ('2618', '86', '20200812', '16', '30', '1', '119.139.196.30', 'nc-nginx', '172.18.32.205:1081');
INSERT INTO `upms_api_visit` VALUES ('2619', '166', '20200812', '17', null, '1', '119.139.196.30', 'nc-nginx', '172.18.32.205:1081');
INSERT INTO `upms_api_visit` VALUES ('2620', '78', '20200812', '17', '30', '1', '119.139.196.58', 'nc-nginx', '172.18.32.205:1081');
INSERT INTO `upms_api_visit` VALUES ('2621', '60', '20200812', '17', null, '8', '119.139.196.58', 'nc-nginx', '172.18.32.205:1081');
INSERT INTO `upms_api_visit` VALUES ('2622', '77', '20200812', '17', '30', '1', '119.139.196.30', 'nc-nginx', '172.18.32.205:1081');
INSERT INTO `upms_api_visit` VALUES ('2623', '107', '20200812', '17', '30', '6', '218.17.157.169', 'nc-nginx', '172.18.32.205:1081');
INSERT INTO `upms_api_visit` VALUES ('2624', '171', '20200812', '17', null, '2', '119.139.196.58', 'nc-nginx', '172.18.32.205:1081');
INSERT INTO `upms_api_visit` VALUES ('2625', '81', '20200812', '17', '30', '41', '119.139.196.30', 'nc-nginx', '172.18.32.205:1081');
INSERT INTO `upms_api_visit` VALUES ('2626', '120', '20200812', '17', '30', '1', '119.139.196.58', 'nc-nginx', '172.18.32.205:1081');
INSERT INTO `upms_api_visit` VALUES ('2627', '88', '20200812', '17', '30', '20', '119.139.196.30', 'nc-nginx', '172.18.32.205:1081');
INSERT INTO `upms_api_visit` VALUES ('2628', '182', '20200812', '17', null, '2', '119.139.196.58', 'nc-nginx', '172.18.32.205:1081');
INSERT INTO `upms_api_visit` VALUES ('2629', '72', '20200812', '17', null, '4', '119.139.196.58', 'nc-nginx', '172.18.32.205:1081');
INSERT INTO `upms_api_visit` VALUES ('2630', '51', '20200812', '17', null, '19', '119.139.196.30', 'nc-nginx', '172.18.32.205:1081');
INSERT INTO `upms_api_visit` VALUES ('2631', '74', '20200812', '17', null, '1', '218.17.157.169', 'nc-nginx', '172.18.32.205:1081');
INSERT INTO `upms_api_visit` VALUES ('2632', '185', '20200812', '17', null, '1', '119.139.196.58', 'nc-nginx', '172.18.32.205:1081');
INSERT INTO `upms_api_visit` VALUES ('2633', '116', '20200812', '17', '30', '19', '119.139.196.30', 'nc-nginx', '172.18.32.205:1081');
INSERT INTO `upms_api_visit` VALUES ('2634', '85', '20200812', '17', '30', '1', '119.139.196.30', 'nc-nginx', '172.18.32.205:1081');
INSERT INTO `upms_api_visit` VALUES ('2635', '119', '20200812', '17', '30', '3', '119.139.196.58', 'nc-nginx', '172.18.32.205:1081');
INSERT INTO `upms_api_visit` VALUES ('2636', '185', '20200812', '17', null, '2', '119.139.196.30', 'nc-nginx', '172.18.32.205:1081');
INSERT INTO `upms_api_visit` VALUES ('2637', '149', '20200812', '17', null, '3', '119.139.196.30', 'nc-nginx', '172.18.32.205:1081');
INSERT INTO `upms_api_visit` VALUES ('2638', '74', '20200812', '17', null, '10', '119.139.196.30', 'nc-nginx', '172.18.32.205:1081');
INSERT INTO `upms_api_visit` VALUES ('2639', '80', '20200812', '17', '30', '4', '218.17.157.169', 'nc-nginx', '172.18.32.205:1081');
INSERT INTO `upms_api_visit` VALUES ('2640', '107', '20200812', '17', '30', '24', '119.139.196.30', 'nc-nginx', '172.18.32.205:1081');
INSERT INTO `upms_api_visit` VALUES ('2641', '110', '20200812', '17', '30', '5', '218.17.157.169', 'nc-nginx', '172.18.32.205:1081');
INSERT INTO `upms_api_visit` VALUES ('2642', '116', '20200812', '17', '30', '5', '218.17.157.169', 'nc-nginx', '172.18.32.205:1081');
INSERT INTO `upms_api_visit` VALUES ('2643', '149', '20200812', '17', null, '1', '218.17.157.169', 'nc-nginx', '172.18.32.205:1081');
INSERT INTO `upms_api_visit` VALUES ('2644', '120', '20200812', '17', '30', '6', '119.139.196.30', 'nc-nginx', '172.18.32.205:1081');
INSERT INTO `upms_api_visit` VALUES ('2645', '171', '20200812', '17', null, '2', '119.139.196.30', 'nc-nginx', '172.18.32.205:1081');
INSERT INTO `upms_api_visit` VALUES ('2646', '177', '20200812', '17', null, '3', '119.139.196.30', 'nc-nginx', '172.18.32.205:1081');
INSERT INTO `upms_api_visit` VALUES ('2647', '54', '20200812', '17', null, '2', '119.139.196.30', 'nc-nginx', '172.18.32.205:1081');
INSERT INTO `upms_api_visit` VALUES ('2648', '158', '20200812', '17', '30', '1', '119.139.196.30', 'nc-nginx', '172.18.32.205:1081');
INSERT INTO `upms_api_visit` VALUES ('2649', '122', '20200812', '17', null, '1', '172.18.32.205', 'worldTree', '172.18.32.205:1081');
INSERT INTO `upms_api_visit` VALUES ('2650', '60', '20200812', '17', null, '12', '119.139.196.30', 'nc-nginx', '172.18.32.205:1081');
INSERT INTO `upms_api_visit` VALUES ('2651', '55', '20200812', '17', null, '1', '218.17.157.169', 'nc-nginx', '172.18.32.205:1081');
INSERT INTO `upms_api_visit` VALUES ('2652', '122', '20200812', '17', null, '1', '172.18.32.205', 'article', '172.18.32.205:1081');
INSERT INTO `upms_api_visit` VALUES ('2653', '157', '20200812', '17', '30', '3', '119.139.196.58', 'nc-nginx', '172.18.32.205:1081');
INSERT INTO `upms_api_visit` VALUES ('2654', '72', '20200812', '17', null, '6', '119.139.196.30', 'nc-nginx', '172.18.32.205:1081');
INSERT INTO `upms_api_visit` VALUES ('2655', '71', '20200812', '17', null, '2', '119.139.196.58', 'nc-nginx', '172.18.32.205:1081');
INSERT INTO `upms_api_visit` VALUES ('2656', '80', '20200812', '17', '30', '17', '119.139.196.30', 'nc-nginx', '172.18.32.205:1081');
INSERT INTO `upms_api_visit` VALUES ('2657', '117', '20200812', '17', '30', '1', '119.139.196.58', 'nc-nginx', '172.18.32.205:1081');
INSERT INTO `upms_api_visit` VALUES ('2658', '73', '20200812', '17', null, '1', '119.139.196.58', 'nc-nginx', '172.18.32.205:1081');
INSERT INTO `upms_api_visit` VALUES ('2659', '70', '20200812', '17', null, '1', '119.139.196.30', 'nc-nginx', '172.18.32.205:1081');
INSERT INTO `upms_api_visit` VALUES ('2660', '149', '20200812', '17', null, '2', '119.139.196.58', 'nc-nginx', '172.18.32.205:1081');
INSERT INTO `upms_api_visit` VALUES ('2661', '108', '20200812', '17', '30', '8', '119.139.196.30', 'nc-nginx', '172.18.32.205:1081');
INSERT INTO `upms_api_visit` VALUES ('2662', '167', '20200812', '17', null, '5', '119.139.196.30', 'nc-nginx', '172.18.32.205:1081');
INSERT INTO `upms_api_visit` VALUES ('2663', '110', '20200812', '17', '30', '2', '119.139.196.58', 'nc-nginx', '172.18.32.205:1081');
INSERT INTO `upms_api_visit` VALUES ('2664', '55', '20200812', '17', null, '1', '119.139.196.58', 'nc-nginx', '172.18.32.205:1081');
INSERT INTO `upms_api_visit` VALUES ('2665', '81', '20200812', '17', '30', '10', '218.17.157.169', 'nc-nginx', '172.18.32.205:1081');
INSERT INTO `upms_api_visit` VALUES ('2666', '116', '20200812', '17', '30', '1', '119.139.196.58', 'nc-nginx', '172.18.32.205:1081');
INSERT INTO `upms_api_visit` VALUES ('2667', '179', '20200812', '17', null, '1', '119.139.196.30', 'nc-nginx', '172.18.32.205:1081');
INSERT INTO `upms_api_visit` VALUES ('2668', '49', '20200812', '17', null, '1', '119.139.196.58', 'nc-nginx', '172.18.32.205:1081');
INSERT INTO `upms_api_visit` VALUES ('2669', '76', '20200812', '17', null, '3', '119.139.196.30', 'nc-nginx', '172.18.32.205:1081');
INSERT INTO `upms_api_visit` VALUES ('2670', '100', '20200812', '17', null, '2', '119.139.196.30', 'nc-nginx', '172.18.32.205:1081');
INSERT INTO `upms_api_visit` VALUES ('2671', '188', '20200812', '17', null, '1', '119.139.196.30', 'nc-nginx', '172.18.32.205:1081');
INSERT INTO `upms_api_visit` VALUES ('2672', '54', '20200812', '17', null, '1', '119.139.196.58', 'nc-nginx', '172.18.32.205:1081');
INSERT INTO `upms_api_visit` VALUES ('2673', '186', '20200812', '17', null, '5', '119.139.196.30', 'nc-nginx', '172.18.32.205:1081');
INSERT INTO `upms_api_visit` VALUES ('2674', '71', '20200812', '17', null, '7', '119.139.196.30', 'nc-nginx', '172.18.32.205:1081');
INSERT INTO `upms_api_visit` VALUES ('2675', '178', '20200812', '17', null, '7', '119.139.196.30', 'nc-nginx', '172.18.32.205:1081');
INSERT INTO `upms_api_visit` VALUES ('2676', '80', '20200812', '17', '30', '10', '119.139.196.58', 'nc-nginx', '172.18.32.205:1081');
INSERT INTO `upms_api_visit` VALUES ('2677', '119', '20200812', '17', '30', '1', '218.17.157.169', 'nc-nginx', '172.18.32.205:1081');
INSERT INTO `upms_api_visit` VALUES ('2678', '202', '20200812', '17', null, '1', '172.18.32.205', 'chat', '172.18.32.205:1081');
INSERT INTO `upms_api_visit` VALUES ('2679', '168', '20200812', '17', null, '2', '119.139.196.30', 'nc-nginx', '172.18.32.205:1081');
INSERT INTO `upms_api_visit` VALUES ('2680', '117', '20200812', '17', '30', '3', '119.139.196.30', 'nc-nginx', '172.18.32.205:1081');
INSERT INTO `upms_api_visit` VALUES ('2681', '197', '20200812', '17', null, '1', '119.139.196.30', 'nc-nginx', '172.18.32.205:1081');
INSERT INTO `upms_api_visit` VALUES ('2682', '72', '20200812', '17', null, '1', '218.17.157.169', 'nc-nginx', '172.18.32.205:1081');
INSERT INTO `upms_api_visit` VALUES ('2683', '157', '20200812', '17', '30', '2', '119.139.196.30', 'nc-nginx', '172.18.32.205:1081');
INSERT INTO `upms_api_visit` VALUES ('2684', '110', '20200812', '17', '30', '7', '119.139.196.30', 'nc-nginx', '172.18.32.205:1081');
INSERT INTO `upms_api_visit` VALUES ('2685', '73', '20200812', '17', null, '2', '119.139.196.30', 'nc-nginx', '172.18.32.205:1081');
INSERT INTO `upms_api_visit` VALUES ('2686', '109', '20200812', '17', '30', '4', '119.139.196.30', 'nc-nginx', '172.18.32.205:1081');
INSERT INTO `upms_api_visit` VALUES ('2687', '197', '20200812', '17', '30', '3', '119.139.196.30', 'nc-nginx', '172.18.32.205:1081');
INSERT INTO `upms_api_visit` VALUES ('2688', '171', '20200812', '17', null, '1', '218.17.157.169', 'nc-nginx', '172.18.32.205:1081');
INSERT INTO `upms_api_visit` VALUES ('2689', '155', '20200812', '17', '30', '14', '119.139.196.30', 'nc-nginx', '172.18.32.205:1081');
INSERT INTO `upms_api_visit` VALUES ('2690', '55', '20200812', '17', null, '5', '119.139.196.30', 'nc-nginx', '172.18.32.205:1081');
INSERT INTO `upms_api_visit` VALUES ('2691', '100', '20200812', '17', null, '1', '119.139.196.58', 'nc-nginx', '172.18.32.205:1081');
INSERT INTO `upms_api_visit` VALUES ('2692', '186', '20200812', '17', null, '2', '218.17.157.169', 'nc-nginx', '172.18.32.205:1081');
INSERT INTO `upms_api_visit` VALUES ('2693', '167', '20200812', '17', '30', '3', '119.139.196.30', 'nc-nginx', '172.18.32.205:1081');
INSERT INTO `upms_api_visit` VALUES ('2694', '108', '20200812', '17', '30', '2', '119.139.196.58', 'nc-nginx', '172.18.32.205:1081');
INSERT INTO `upms_api_visit` VALUES ('2695', '83', '20200812', '17', '30', '1', '119.139.196.58', 'nc-nginx', '172.18.32.205:1081');
INSERT INTO `upms_api_visit` VALUES ('2696', '67', '20200812', '17', null, '9', '119.139.196.30', 'nc-nginx', '172.18.32.205:1081');
INSERT INTO `upms_api_visit` VALUES ('2697', '54', '20200812', '17', null, '1', '218.17.157.169', 'nc-nginx', '172.18.32.205:1081');
INSERT INTO `upms_api_visit` VALUES ('2698', '81', '20200812', '17', '30', '15', '119.139.196.58', 'nc-nginx', '172.18.32.205:1081');
INSERT INTO `upms_api_visit` VALUES ('2699', '67', '20200812', '17', null, '2', '218.17.157.169', 'nc-nginx', '172.18.32.205:1081');
INSERT INTO `upms_api_visit` VALUES ('2700', '122', '20200812', '17', null, '1', '172.18.32.205', 'chat', '172.18.32.205:1081');
INSERT INTO `upms_api_visit` VALUES ('2701', '186', '20200812', '17', null, '3', '119.139.196.58', 'nc-nginx', '172.18.32.205:1081');
INSERT INTO `upms_api_visit` VALUES ('2702', '115', '20200812', '17', '30', '6', '119.139.196.58', 'nc-nginx', '172.18.32.205:1081');
INSERT INTO `upms_api_visit` VALUES ('2703', '88', '20200812', '17', '30', '4', '119.139.196.58', 'nc-nginx', '172.18.32.205:1081');
INSERT INTO `upms_api_visit` VALUES ('2704', '73', '20200812', '17', null, '1', '218.17.157.169', 'nc-nginx', '172.18.32.205:1081');
INSERT INTO `upms_api_visit` VALUES ('2705', '51', '20200812', '17', null, '12', '119.139.196.58', 'nc-nginx', '172.18.32.205:1081');
INSERT INTO `upms_api_visit` VALUES ('2706', '158', '20200812', '17', null, '1', '119.139.196.30', 'nc-nginx', '172.18.32.205:1081');
INSERT INTO `upms_api_visit` VALUES ('2707', '121', '20200812', '17', '30', '2', '119.139.196.30', 'nc-nginx', '172.18.32.205:1081');
INSERT INTO `upms_api_visit` VALUES ('2708', '68', '20200812', '17', null, '1', '119.139.196.58', 'nc-nginx', '172.18.32.205:1081');
INSERT INTO `upms_api_visit` VALUES ('2709', '51', '20200812', '17', null, '2', '218.17.157.169', 'nc-nginx', '172.18.32.205:1081');
INSERT INTO `upms_api_visit` VALUES ('2710', '122', '20200812', '17', null, '1', '172.18.32.205', 'pcgl', '172.18.32.205:1081');
INSERT INTO `upms_api_visit` VALUES ('2711', '71', '20200812', '17', null, '2', '218.17.157.169', 'nc-nginx', '172.18.32.205:1081');
INSERT INTO `upms_api_visit` VALUES ('2712', '74', '20200812', '17', null, '1', '119.139.196.58', 'nc-nginx', '172.18.32.205:1081');
INSERT INTO `upms_api_visit` VALUES ('2713', '72', '20200812', '17', null, '4', '172.18.32.205', 'chat', '172.18.32.205:1081');
INSERT INTO `upms_api_visit` VALUES ('2714', '85', '20200812', '17', '30', '1', '119.139.196.58', 'nc-nginx', '172.18.32.205:1081');
INSERT INTO `upms_api_visit` VALUES ('2715', '187', '20200812', '17', null, '2', '119.139.196.30', 'nc-nginx', '172.18.32.205:1081');
INSERT INTO `upms_api_visit` VALUES ('2716', '119', '20200812', '17', '30', '11', '119.139.196.30', 'nc-nginx', '172.18.32.205:1081');
INSERT INTO `upms_api_visit` VALUES ('2717', '107', '20200812', '17', '30', '5', '119.139.196.58', 'nc-nginx', '172.18.32.205:1081');
INSERT INTO `upms_api_visit` VALUES ('2718', '177', '20200812', '17', null, '1', '119.139.196.58', 'nc-nginx', '172.18.32.205:1081');
INSERT INTO `upms_api_visit` VALUES ('2719', '155', '20200812', '17', '30', '6', '119.139.196.58', 'nc-nginx', '172.18.32.205:1081');
INSERT INTO `upms_api_visit` VALUES ('2720', '88', '20200812', '17', '30', '4', '218.17.157.169', 'nc-nginx', '172.18.32.205:1081');
INSERT INTO `upms_api_visit` VALUES ('2721', '60', '20200812', '17', null, '5', '218.17.157.169', 'nc-nginx', '172.18.32.205:1081');
INSERT INTO `upms_api_visit` VALUES ('2722', '86', '20200812', '17', '30', '3', '119.139.196.30', 'nc-nginx', '172.18.32.205:1081');
INSERT INTO `upms_api_visit` VALUES ('2723', '67', '20200812', '17', null, '2', '119.139.196.58', 'nc-nginx', '172.18.32.205:1081');
INSERT INTO `upms_api_visit` VALUES ('2724', '56', '20200812', '17', null, '1', '119.139.196.58', 'nc-nginx', '172.18.32.205:1081');
INSERT INTO `upms_api_visit` VALUES ('2725', '81', '20200812', '17', '30', '1', '180.164.94.167', 'nc-nginx', '172.18.32.205:1081');
INSERT INTO `upms_api_visit` VALUES ('2726', '115', '20200812', '17', '30', '7', '119.139.196.30', 'nc-nginx', '172.18.32.205:1081');
INSERT INTO `upms_api_visit` VALUES ('2727', '178', '20200812', '17', null, '9', '119.139.196.58', 'nc-nginx', '172.18.32.205:1081');
INSERT INTO `upms_api_visit` VALUES ('2728', '100', '20200812', '18', null, '3', '119.139.196.30', 'nc-nginx', '172.18.32.205:1081');
INSERT INTO `upms_api_visit` VALUES ('2729', '67', '20200812', '18', null, '4', '119.139.196.30', 'nc-nginx', '172.18.32.205:1081');
INSERT INTO `upms_api_visit` VALUES ('2730', '179', '20200812', '18', null, '1', '119.139.196.30', 'nc-nginx', '172.18.32.205:1081');
INSERT INTO `upms_api_visit` VALUES ('2731', '186', '20200812', '18', null, '4', '119.139.196.30', 'nc-nginx', '172.18.32.205:1081');
INSERT INTO `upms_api_visit` VALUES ('2732', '71', '20200812', '18', null, '1', '119.139.196.30', 'nc-nginx', '172.18.32.205:1081');
INSERT INTO `upms_api_visit` VALUES ('2733', '116', '20200812', '18', '30', '1', '119.139.196.58', 'nc-nginx', '172.18.32.205:1081');
INSERT INTO `upms_api_visit` VALUES ('2734', '139', '20200812', '18', null, '4', '119.139.196.58', 'nc-nginx', '172.18.32.205:1081');
INSERT INTO `upms_api_visit` VALUES ('2735', '153', '20200812', '18', null, '1', '119.139.196.30', 'nc-nginx', '172.18.32.205:1081');
INSERT INTO `upms_api_visit` VALUES ('2736', '167', '20200812', '18', '30', '1', '119.139.196.30', 'nc-nginx', '172.18.32.205:1081');
INSERT INTO `upms_api_visit` VALUES ('2737', '88', '20200812', '18', '30', '2', '119.139.196.58', 'nc-nginx', '172.18.32.205:1081');
INSERT INTO `upms_api_visit` VALUES ('2738', '109', '20200812', '18', '30', '1', '119.139.196.30', 'nc-nginx', '172.18.32.205:1081');
INSERT INTO `upms_api_visit` VALUES ('2739', '80', '20200812', '18', '30', '11', '119.139.196.30', 'nc-nginx', '172.18.32.205:1081');
INSERT INTO `upms_api_visit` VALUES ('2740', '150', '20200812', '18', null, '1', '119.139.196.30', 'nc-nginx', '172.18.32.205:1081');
INSERT INTO `upms_api_visit` VALUES ('2741', '110', '20200812', '18', '30', '4', '119.139.196.30', 'nc-nginx', '172.18.32.205:1081');
INSERT INTO `upms_api_visit` VALUES ('2742', '73', '20200812', '18', null, '1', '119.139.196.30', 'nc-nginx', '172.18.32.205:1081');
INSERT INTO `upms_api_visit` VALUES ('2743', '178', '20200812', '18', null, '3', '119.139.196.30', 'nc-nginx', '172.18.32.205:1081');
INSERT INTO `upms_api_visit` VALUES ('2744', '155', '20200812', '18', '30', '1', '119.139.196.30', 'nc-nginx', '172.18.32.205:1081');
INSERT INTO `upms_api_visit` VALUES ('2745', '67', '20200812', '18', null, '4', '119.139.196.58', 'nc-nginx', '172.18.32.205:1081');
INSERT INTO `upms_api_visit` VALUES ('2746', '51', '20200812', '18', null, '1', '119.139.196.58', 'nc-nginx', '172.18.32.205:1081');
INSERT INTO `upms_api_visit` VALUES ('2747', '122', '20200812', '18', null, '1', '172.18.32.205', 'chat', '172.18.32.205:1081');
INSERT INTO `upms_api_visit` VALUES ('2748', '121', '20200812', '18', '30', '7', '119.139.196.30', 'nc-nginx', '172.18.32.205:1081');
INSERT INTO `upms_api_visit` VALUES ('2749', '144', '20200812', '18', null, '10', '119.139.196.58', 'nc-nginx', '172.18.32.205:1081');
INSERT INTO `upms_api_visit` VALUES ('2750', '55', '20200812', '18', null, '2', '59.108.78.98', 'nc-nginx', '172.18.32.205:1081');
INSERT INTO `upms_api_visit` VALUES ('2751', '122', '20200812', '18', null, '1', '172.18.32.205', 'pcgl', '172.18.32.205:1081');
INSERT INTO `upms_api_visit` VALUES ('2752', '81', '20200812', '18', '30', '3', '119.139.196.58', 'nc-nginx', '172.18.32.205:1081');
INSERT INTO `upms_api_visit` VALUES ('2753', '139', '20200812', '18', null, '2', '119.139.196.30', 'nc-nginx', '172.18.32.205:1081');
INSERT INTO `upms_api_visit` VALUES ('2754', '116', '20200812', '18', '30', '3', '119.139.196.30', 'nc-nginx', '172.18.32.205:1081');
INSERT INTO `upms_api_visit` VALUES ('2755', '119', '20200812', '18', '30', '8', '119.139.196.30', 'nc-nginx', '172.18.32.205:1081');
INSERT INTO `upms_api_visit` VALUES ('2756', '186', '20200812', '18', null, '1', '119.139.196.58', 'nc-nginx', '172.18.32.205:1081');
INSERT INTO `upms_api_visit` VALUES ('2757', '139', '20200812', '18', null, '1', '59.108.78.98', 'nc-nginx', '172.18.32.205:1081');
INSERT INTO `upms_api_visit` VALUES ('2758', '115', '20200812', '18', '30', '1', '119.139.196.30', 'nc-nginx', '172.18.32.205:1081');
INSERT INTO `upms_api_visit` VALUES ('2759', '105', '20200812', '18', null, '1', '119.139.196.30', 'nc-nginx', '172.18.32.205:1081');
INSERT INTO `upms_api_visit` VALUES ('2760', '150', '20200812', '18', null, '4', '119.139.196.58', 'nc-nginx', '172.18.32.205:1081');
INSERT INTO `upms_api_visit` VALUES ('2761', '157', '20200812', '18', '30', '3', '119.139.196.30', 'nc-nginx', '172.18.32.205:1081');
INSERT INTO `upms_api_visit` VALUES ('2762', '107', '20200812', '18', '30', '3', '119.139.196.58', 'nc-nginx', '172.18.32.205:1081');
INSERT INTO `upms_api_visit` VALUES ('2763', '121', '20200812', '18', '30', '4', '119.139.196.58', 'nc-nginx', '172.18.32.205:1081');
INSERT INTO `upms_api_visit` VALUES ('2764', '169', '20200812', '18', null, '2', '119.139.196.30', 'nc-nginx', '172.18.32.205:1081');
INSERT INTO `upms_api_visit` VALUES ('2765', '118', '20200812', '18', '30', '2', '119.139.196.58', 'nc-nginx', '172.18.32.205:1081');
INSERT INTO `upms_api_visit` VALUES ('2766', '51', '20200812', '18', null, '12', '119.139.196.30', 'nc-nginx', '172.18.32.205:1081');
INSERT INTO `upms_api_visit` VALUES ('2767', '145', '20200812', '18', null, '8', '119.139.196.58', 'nc-nginx', '172.18.32.205:1081');
INSERT INTO `upms_api_visit` VALUES ('2768', '156', '20200812', '18', '30', '1', '119.139.196.30', 'nc-nginx', '172.18.32.205:1081');
INSERT INTO `upms_api_visit` VALUES ('2769', '119', '20200812', '18', '30', '4', '119.139.196.58', 'nc-nginx', '172.18.32.205:1081');
INSERT INTO `upms_api_visit` VALUES ('2770', '56', '20200812', '18', null, '1', '59.108.78.98', 'nc-nginx', '172.18.32.205:1081');
INSERT INTO `upms_api_visit` VALUES ('2771', '81', '20200812', '18', '30', '9', '119.139.196.30', 'nc-nginx', '172.18.32.205:1081');
INSERT INTO `upms_api_visit` VALUES ('2772', '120', '20200812', '18', '30', '2', '119.139.196.58', 'nc-nginx', '172.18.32.205:1081');
INSERT INTO `upms_api_visit` VALUES ('2773', '120', '20200812', '18', '30', '5', '119.139.196.30', 'nc-nginx', '172.18.32.205:1081');
INSERT INTO `upms_api_visit` VALUES ('2774', '147', '20200812', '18', null, '2', '119.139.196.58', 'nc-nginx', '172.18.32.205:1081');
INSERT INTO `upms_api_visit` VALUES ('2775', '171', '20200812', '18', null, '3', '119.139.196.30', 'nc-nginx', '172.18.32.205:1081');
INSERT INTO `upms_api_visit` VALUES ('2776', '60', '20200812', '18', null, '3', '119.139.196.58', 'nc-nginx', '172.18.32.205:1081');
INSERT INTO `upms_api_visit` VALUES ('2777', '149', '20200812', '18', null, '7', '119.139.196.30', 'nc-nginx', '172.18.32.205:1081');
INSERT INTO `upms_api_visit` VALUES ('2778', '107', '20200812', '18', '30', '3', '119.139.196.30', 'nc-nginx', '172.18.32.205:1081');
INSERT INTO `upms_api_visit` VALUES ('2779', '56', '20200812', '18', null, '4', '119.139.196.30', 'nc-nginx', '172.18.32.205:1081');
INSERT INTO `upms_api_visit` VALUES ('2780', '101', '20200812', '18', null, '6', '119.139.196.30', 'nc-nginx', '172.18.32.205:1081');
INSERT INTO `upms_api_visit` VALUES ('2781', '122', '20200812', '18', null, '1', '172.18.32.205', 'article', '172.18.32.205:1081');
INSERT INTO `upms_api_visit` VALUES ('2782', '72', '20200812', '18', null, '4', '119.139.196.30', 'nc-nginx', '172.18.32.205:1081');
INSERT INTO `upms_api_visit` VALUES ('2783', '122', '20200812', '18', null, '1', '172.18.32.205', 'worldTree', '172.18.32.205:1081');
INSERT INTO `upms_api_visit` VALUES ('2784', '74', '20200812', '18', null, '1', '119.139.196.30', 'nc-nginx', '172.18.32.205:1081');
INSERT INTO `upms_api_visit` VALUES ('2785', '100', '20200812', '18', null, '2', '119.139.196.58', 'nc-nginx', '172.18.32.205:1081');
INSERT INTO `upms_api_visit` VALUES ('2786', '60', '20200812', '18', null, '2', '59.108.78.98', 'nc-nginx', '172.18.32.205:1081');
INSERT INTO `upms_api_visit` VALUES ('2787', '88', '20200812', '18', '30', '3', '119.139.196.30', 'nc-nginx', '172.18.32.205:1081');
INSERT INTO `upms_api_visit` VALUES ('2788', '67', '20200812', '18', null, '1', '59.108.78.98', 'nc-nginx', '172.18.32.205:1081');
INSERT INTO `upms_api_visit` VALUES ('2789', '61', '20200812', '18', null, '1', '119.139.196.30', 'nc-nginx', '172.18.32.205:1081');
INSERT INTO `upms_api_visit` VALUES ('2790', '60', '20200812', '18', null, '10', '119.139.196.30', 'nc-nginx', '172.18.32.205:1081');
INSERT INTO `upms_api_visit` VALUES ('2791', '80', '20200812', '18', '30', '5', '119.139.196.58', 'nc-nginx', '172.18.32.205:1081');
INSERT INTO `upms_api_visit` VALUES ('2792', '108', '20200812', '18', '30', '2', '119.139.196.30', 'nc-nginx', '172.18.32.205:1081');
INSERT INTO `upms_api_visit` VALUES ('2793', '118', '20200812', '18', '30', '3', '119.139.196.30', 'nc-nginx', '172.18.32.205:1081');
INSERT INTO `upms_api_visit` VALUES ('2794', '149', '20200812', '18', null, '1', '119.139.196.58', 'nc-nginx', '172.18.32.205:1081');
INSERT INTO `upms_api_visit` VALUES ('2795', '60', '20200812', '19', null, '8', '119.139.196.58', 'nc-nginx', '172.18.32.205:1081');
INSERT INTO `upms_api_visit` VALUES ('2796', '54', '20200812', '19', null, '1', '119.139.196.58', 'nc-nginx', '172.18.32.205:1081');
INSERT INTO `upms_api_visit` VALUES ('2797', '171', '20200812', '19', null, '1', '119.139.196.58', 'nc-nginx', '172.18.32.205:1081');
INSERT INTO `upms_api_visit` VALUES ('2798', '186', '20200812', '19', null, '2', '119.139.196.58', 'nc-nginx', '172.18.32.205:1081');
INSERT INTO `upms_api_visit` VALUES ('2799', '122', '20200812', '19', null, '1', '172.18.32.205', 'pcgl', '172.18.32.205:1081');
INSERT INTO `upms_api_visit` VALUES ('2800', '55', '20200812', '19', null, '1', '119.139.196.58', 'nc-nginx', '172.18.32.205:1081');
INSERT INTO `upms_api_visit` VALUES ('2801', '100', '20200812', '19', null, '2', '119.139.196.58', 'nc-nginx', '172.18.32.205:1081');
INSERT INTO `upms_api_visit` VALUES ('2802', '122', '20200812', '19', null, '1', '172.18.32.205', 'worldTree', '172.18.32.205:1081');
INSERT INTO `upms_api_visit` VALUES ('2803', '122', '20200812', '19', null, '1', '172.18.32.205', 'article', '172.18.32.205:1081');
INSERT INTO `upms_api_visit` VALUES ('2804', '149', '20200812', '19', null, '1', '119.139.196.58', 'nc-nginx', '172.18.32.205:1081');
INSERT INTO `upms_api_visit` VALUES ('2805', '139', '20200812', '19', null, '1', '119.139.196.58', 'nc-nginx', '172.18.32.205:1081');
INSERT INTO `upms_api_visit` VALUES ('2806', '122', '20200812', '19', null, '1', '172.18.32.205', 'chat', '172.18.32.205:1081');
INSERT INTO `upms_api_visit` VALUES ('2807', '144', '20200812', '19', null, '1', '119.139.196.58', 'nc-nginx', '172.18.32.205:1081');
INSERT INTO `upms_api_visit` VALUES ('2808', '51', '20200812', '19', null, '4', '119.139.196.58', 'nc-nginx', '172.18.32.205:1081');
INSERT INTO `upms_api_visit` VALUES ('2809', '67', '20200812', '19', null, '4', '119.139.196.58', 'nc-nginx', '172.18.32.205:1081');
INSERT INTO `upms_api_visit` VALUES ('2810', '178', '20200812', '19', null, '1', '119.139.196.58', 'nc-nginx', '172.18.32.205:1081');
INSERT INTO `upms_api_visit` VALUES ('2811', '67', '20200812', '20', null, '2', '218.17.157.169', 'nc-nginx', '172.18.32.205:1081');
INSERT INTO `upms_api_visit` VALUES ('2812', '51', '20200812', '20', null, '1', '218.17.157.169', 'nc-nginx', '172.18.32.205:1081');
INSERT INTO `upms_api_visit` VALUES ('2813', '71', '20200812', '20', null, '3', '218.17.157.169', 'nc-nginx', '172.18.32.205:1081');
INSERT INTO `upms_api_visit` VALUES ('2814', '186', '20200812', '20', null, '1', '218.17.157.169', 'nc-nginx', '172.18.32.205:1081');
INSERT INTO `upms_api_visit` VALUES ('2815', '72', '20200812', '20', null, '1', '218.17.157.169', 'nc-nginx', '172.18.32.205:1081');
INSERT INTO `upms_api_visit` VALUES ('2816', '101', '20200812', '20', null, '12', '218.17.157.169', 'nc-nginx', '172.18.32.205:1081');
INSERT INTO `upms_api_visit` VALUES ('2817', '122', '20200812', '20', null, '1', '172.18.32.205', 'chat', '172.18.32.205:1081');
INSERT INTO `upms_api_visit` VALUES ('2818', '107', '20200812', '20', '30', '2', '218.17.157.169', 'nc-nginx', '172.18.32.205:1081');
INSERT INTO `upms_api_visit` VALUES ('2819', '54', '20200812', '20', null, '1', '218.17.157.169', 'nc-nginx', '172.18.32.205:1081');
INSERT INTO `upms_api_visit` VALUES ('2820', '80', '20200812', '20', '30', '4', '218.17.157.169', 'nc-nginx', '172.18.32.205:1081');
INSERT INTO `upms_api_visit` VALUES ('2821', '122', '20200812', '20', null, '1', '172.18.32.205', 'worldTree', '172.18.32.205:1081');
INSERT INTO `upms_api_visit` VALUES ('2822', '73', '20200812', '20', null, '1', '218.17.157.169', 'nc-nginx', '172.18.32.205:1081');
INSERT INTO `upms_api_visit` VALUES ('2823', '60', '20200812', '20', null, '6', '218.17.157.169', 'nc-nginx', '172.18.32.205:1081');
INSERT INTO `upms_api_visit` VALUES ('2824', '56', '20200812', '20', null, '5', '218.17.157.169', 'nc-nginx', '172.18.32.205:1081');
INSERT INTO `upms_api_visit` VALUES ('2825', '122', '20200812', '20', null, '1', '172.18.32.205', 'pcgl', '172.18.32.205:1081');
INSERT INTO `upms_api_visit` VALUES ('2826', '149', '20200812', '20', null, '5', '218.17.157.169', 'nc-nginx', '172.18.32.205:1081');
INSERT INTO `upms_api_visit` VALUES ('2827', '88', '20200812', '20', '30', '1', '218.17.157.169', 'nc-nginx', '172.18.32.205:1081');
INSERT INTO `upms_api_visit` VALUES ('2828', '122', '20200812', '20', null, '1', '172.18.32.205', 'article', '172.18.32.205:1081');
INSERT INTO `upms_api_visit` VALUES ('2829', '55', '20200812', '20', null, '1', '218.17.157.169', 'nc-nginx', '172.18.32.205:1081');
INSERT INTO `upms_api_visit` VALUES ('2830', '81', '20200812', '20', '30', '4', '218.17.157.169', 'nc-nginx', '172.18.32.205:1081');
INSERT INTO `upms_api_visit` VALUES ('2831', '77', '20200812', '20', '30', '2', '218.17.157.169', 'nc-nginx', '172.18.32.205:1081');
INSERT INTO `upms_api_visit` VALUES ('2832', '74', '20200812', '20', null, '1', '218.17.157.169', 'nc-nginx', '172.18.32.205:1081');
INSERT INTO `upms_api_visit` VALUES ('2833', '171', '20200812', '20', null, '3', '218.17.157.169', 'nc-nginx', '172.18.32.205:1081');
INSERT INTO `upms_api_visit` VALUES ('2834', '139', '20200812', '20', null, '2', '218.17.157.169', 'nc-nginx', '172.18.32.205:1081');
INSERT INTO `upms_api_visit` VALUES ('2835', '122', '20200812', '21', null, '1', '172.18.32.205', 'worldTree', '172.18.32.205:1081');
INSERT INTO `upms_api_visit` VALUES ('2836', '74', '20200812', '21', null, '2', '113.88.96.108', 'nc-nginx', '172.18.32.205:1081');
INSERT INTO `upms_api_visit` VALUES ('2837', '122', '20200812', '21', null, '1', '172.18.32.205', 'chat', '172.18.32.205:1081');
INSERT INTO `upms_api_visit` VALUES ('2838', '73', '20200812', '21', null, '1', '113.88.96.108', 'nc-nginx', '172.18.32.205:1081');
INSERT INTO `upms_api_visit` VALUES ('2839', '167', '20200812', '21', null, '2', '113.88.96.108', 'nc-nginx', '172.18.32.205:1081');
INSERT INTO `upms_api_visit` VALUES ('2840', '158', '20200812', '21', '30', '1', '113.88.96.108', 'nc-nginx', '172.18.32.205:1081');
INSERT INTO `upms_api_visit` VALUES ('2841', '72', '20200812', '21', null, '2', '113.88.96.108', 'nc-nginx', '172.18.32.205:1081');
INSERT INTO `upms_api_visit` VALUES ('2842', '75', '20200812', '21', null, '3', '113.88.96.108', 'nc-nginx', '172.18.32.205:1081');
INSERT INTO `upms_api_visit` VALUES ('2843', '122', '20200812', '21', null, '1', '172.18.32.205', 'pcgl', '172.18.32.205:1081');
INSERT INTO `upms_api_visit` VALUES ('2844', '122', '20200812', '21', null, '1', '172.18.32.205', 'article', '172.18.32.205:1081');
INSERT INTO `upms_api_visit` VALUES ('2845', '72', '20200812', '21', null, '1', '172.18.32.205', 'chat', '172.18.32.205:1081');
INSERT INTO `upms_api_visit` VALUES ('2846', '60', '20200812', '21', null, '1', '113.88.96.108', 'nc-nginx', '172.18.32.205:1081');
INSERT INTO `upms_api_visit` VALUES ('2847', '159', '20200812', '21', '30', '2', '113.88.96.108', 'nc-nginx', '172.18.32.205:1081');
INSERT INTO `upms_api_visit` VALUES ('2848', '159', '20200812', '21', null, '3', '113.88.96.108', 'nc-nginx', '172.18.32.205:1081');
INSERT INTO `upms_api_visit` VALUES ('2849', '158', '20200812', '21', null, '2', '113.88.96.108', 'nc-nginx', '172.18.32.205:1081');
INSERT INTO `upms_api_visit` VALUES ('2850', '67', '20200812', '21', null, '1', '113.88.96.108', 'nc-nginx', '172.18.32.205:1081');
INSERT INTO `upms_api_visit` VALUES ('2851', '167', '20200812', '21', '30', '1', '113.88.96.108', 'nc-nginx', '172.18.32.205:1081');
INSERT INTO `upms_api_visit` VALUES ('2852', '55', '20200812', '21', null, '1', '113.88.96.108', 'nc-nginx', '172.18.32.205:1081');
INSERT INTO `upms_api_visit` VALUES ('2853', '88', '20200812', '22', '30', '3', '113.88.96.108', 'nc-nginx', '172.18.32.205:1081');
INSERT INTO `upms_api_visit` VALUES ('2854', '122', '20200812', '22', null, '1', '172.18.32.205', 'pcgl', '172.18.32.205:1081');
INSERT INTO `upms_api_visit` VALUES ('2855', '155', '20200812', '22', '30', '2', '113.88.96.108', 'nc-nginx', '172.18.32.205:1081');
INSERT INTO `upms_api_visit` VALUES ('2856', '120', '20200812', '22', '30', '2', '113.88.96.108', 'nc-nginx', '172.18.32.205:1081');
INSERT INTO `upms_api_visit` VALUES ('2857', '109', '20200812', '22', '30', '5', '113.88.96.108', 'nc-nginx', '172.18.32.205:1081');
INSERT INTO `upms_api_visit` VALUES ('2858', '158', '20200812', '22', '30', '2', '113.88.96.108', 'nc-nginx', '172.18.32.205:1081');
INSERT INTO `upms_api_visit` VALUES ('2859', '167', '20200812', '22', '30', '1', '113.88.96.108', 'nc-nginx', '172.18.32.205:1081');
INSERT INTO `upms_api_visit` VALUES ('2860', '110', '20200812', '22', '30', '3', '113.88.96.108', 'nc-nginx', '172.18.32.205:1081');
INSERT INTO `upms_api_visit` VALUES ('2861', '115', '20200812', '22', '30', '2', '113.88.96.108', 'nc-nginx', '172.18.32.205:1081');
INSERT INTO `upms_api_visit` VALUES ('2862', '122', '20200812', '22', null, '1', '172.18.32.205', 'chat', '172.18.32.205:1081');
INSERT INTO `upms_api_visit` VALUES ('2863', '72', '20200812', '22', null, '3', '172.18.32.205', 'chat', '172.18.32.205:1081');
INSERT INTO `upms_api_visit` VALUES ('2864', '122', '20200812', '22', null, '1', '172.18.32.205', 'article', '172.18.32.205:1081');
INSERT INTO `upms_api_visit` VALUES ('2865', '116', '20200812', '22', '30', '2', '113.88.96.108', 'nc-nginx', '172.18.32.205:1081');
INSERT INTO `upms_api_visit` VALUES ('2866', '159', '20200812', '22', null, '2', '113.88.96.108', 'nc-nginx', '172.18.32.205:1081');
INSERT INTO `upms_api_visit` VALUES ('2867', '202', '20200812', '22', null, '1', '172.18.32.205', 'chat', '172.18.32.205:1081');
INSERT INTO `upms_api_visit` VALUES ('2868', '108', '20200812', '22', '30', '8', '113.88.96.108', 'nc-nginx', '172.18.32.205:1081');
INSERT INTO `upms_api_visit` VALUES ('2869', '74', '20200812', '22', null, '7', '113.88.96.108', 'nc-nginx', '172.18.32.205:1081');
INSERT INTO `upms_api_visit` VALUES ('2870', '167', '20200812', '22', null, '1', '113.88.96.108', 'nc-nginx', '172.18.32.205:1081');
INSERT INTO `upms_api_visit` VALUES ('2871', '80', '20200812', '22', '30', '16', '113.88.96.108', 'nc-nginx', '172.18.32.205:1081');
INSERT INTO `upms_api_visit` VALUES ('2872', '119', '20200812', '22', '30', '4', '113.88.96.108', 'nc-nginx', '172.18.32.205:1081');
INSERT INTO `upms_api_visit` VALUES ('2873', '73', '20200812', '22', null, '3', '113.88.96.108', 'nc-nginx', '172.18.32.205:1081');
INSERT INTO `upms_api_visit` VALUES ('2874', '121', '20200812', '22', '30', '1', '113.88.96.108', 'nc-nginx', '172.18.32.205:1081');
INSERT INTO `upms_api_visit` VALUES ('2875', '71', '20200812', '22', null, '2', '113.88.96.108', 'nc-nginx', '172.18.32.205:1081');
INSERT INTO `upms_api_visit` VALUES ('2876', '72', '20200812', '22', null, '5', '113.88.96.108', 'nc-nginx', '172.18.32.205:1081');
INSERT INTO `upms_api_visit` VALUES ('2877', '166', '20200812', '22', null, '1', '113.88.96.108', 'nc-nginx', '172.18.32.205:1081');
INSERT INTO `upms_api_visit` VALUES ('2878', '75', '20200812', '22', null, '1', '113.88.96.108', 'nc-nginx', '172.18.32.205:1081');
INSERT INTO `upms_api_visit` VALUES ('2879', '51', '20200812', '22', null, '1', '113.88.96.108', 'nc-nginx', '172.18.32.205:1081');
INSERT INTO `upms_api_visit` VALUES ('2880', '67', '20200812', '22', null, '1', '113.88.96.108', 'nc-nginx', '172.18.32.205:1081');
INSERT INTO `upms_api_visit` VALUES ('2881', '158', '20200812', '22', null, '1', '113.88.96.108', 'nc-nginx', '172.18.32.205:1081');
INSERT INTO `upms_api_visit` VALUES ('2882', '107', '20200812', '22', '30', '10', '113.88.96.108', 'nc-nginx', '172.18.32.205:1081');
INSERT INTO `upms_api_visit` VALUES ('2883', '55', '20200812', '22', null, '1', '113.88.96.108', 'nc-nginx', '172.18.32.205:1081');
INSERT INTO `upms_api_visit` VALUES ('2884', '81', '20200812', '22', '30', '19', '113.88.96.108', 'nc-nginx', '172.18.32.205:1081');
INSERT INTO `upms_api_visit` VALUES ('2885', '77', '20200812', '22', '30', '5', '113.88.96.108', 'nc-nginx', '172.18.32.205:1081');
INSERT INTO `upms_api_visit` VALUES ('2886', '60', '20200812', '22', null, '1', '113.88.96.108', 'nc-nginx', '172.18.32.205:1081');
INSERT INTO `upms_api_visit` VALUES ('2887', '122', '20200812', '22', null, '1', '172.18.32.205', 'worldTree', '172.18.32.205:1081');
INSERT INTO `upms_api_visit` VALUES ('2888', '81', '20200812', '23', '30', '32', '113.88.96.108', 'nc-nginx', '172.18.32.205:1081');
INSERT INTO `upms_api_visit` VALUES ('2889', '115', '20200812', '23', '30', '2', '113.88.96.108', 'nc-nginx', '172.18.32.205:1081');
INSERT INTO `upms_api_visit` VALUES ('2890', '157', '20200812', '23', '30', '11', '113.88.96.108', 'nc-nginx', '172.18.32.205:1081');
INSERT INTO `upms_api_visit` VALUES ('2891', '67', '20200812', '23', null, '3', '113.88.96.108', 'nc-nginx', '172.18.32.205:1081');
INSERT INTO `upms_api_visit` VALUES ('2892', '86', '20200812', '23', '30', '3', '113.88.96.108', 'nc-nginx', '172.18.32.205:1081');
INSERT INTO `upms_api_visit` VALUES ('2893', '100', '20200812', '23', null, '1', '113.88.96.108', 'nc-nginx', '172.18.32.205:1081');
INSERT INTO `upms_api_visit` VALUES ('2894', '116', '20200812', '23', '30', '16', '113.88.96.108', 'nc-nginx', '172.18.32.205:1081');
INSERT INTO `upms_api_visit` VALUES ('2895', '85', '20200812', '23', '30', '1', '113.88.96.108', 'nc-nginx', '172.18.32.205:1081');
INSERT INTO `upms_api_visit` VALUES ('2896', '74', '20200812', '23', null, '12', '113.88.96.108', 'nc-nginx', '172.18.32.205:1081');
INSERT INTO `upms_api_visit` VALUES ('2897', '122', '20200812', '23', null, '1', '172.18.32.205', 'worldTree', '172.18.32.205:1081');
INSERT INTO `upms_api_visit` VALUES ('2898', '108', '20200812', '23', '30', '8', '113.88.96.108', 'nc-nginx', '172.18.32.205:1081');
INSERT INTO `upms_api_visit` VALUES ('2899', '122', '20200812', '23', null, '1', '172.18.32.205', 'pcgl', '172.18.32.205:1081');
INSERT INTO `upms_api_visit` VALUES ('2900', '88', '20200812', '23', '30', '21', '113.88.96.108', 'nc-nginx', '172.18.32.205:1081');
INSERT INTO `upms_api_visit` VALUES ('2901', '60', '20200812', '23', null, '2', '113.88.96.108', 'nc-nginx', '172.18.32.205:1081');
INSERT INTO `upms_api_visit` VALUES ('2902', '122', '20200812', '23', null, '1', '172.18.32.205', 'chat', '172.18.32.205:1081');
INSERT INTO `upms_api_visit` VALUES ('2903', '118', '20200812', '23', '30', '1', '113.88.96.108', 'nc-nginx', '172.18.32.205:1081');
INSERT INTO `upms_api_visit` VALUES ('2904', '80', '20200812', '23', '30', '25', '113.88.96.108', 'nc-nginx', '172.18.32.205:1081');
INSERT INTO `upms_api_visit` VALUES ('2905', '78', '20200812', '23', '30', '1', '113.88.96.108', 'nc-nginx', '172.18.32.205:1081');
INSERT INTO `upms_api_visit` VALUES ('2906', '171', '20200812', '23', null, '1', '113.88.96.108', 'nc-nginx', '172.18.32.205:1081');
INSERT INTO `upms_api_visit` VALUES ('2907', '120', '20200812', '23', '30', '5', '113.88.96.108', 'nc-nginx', '172.18.32.205:1081');
INSERT INTO `upms_api_visit` VALUES ('2908', '107', '20200812', '23', '30', '16', '113.88.96.108', 'nc-nginx', '172.18.32.205:1081');
INSERT INTO `upms_api_visit` VALUES ('2909', '119', '20200812', '23', '30', '12', '113.88.96.108', 'nc-nginx', '172.18.32.205:1081');
INSERT INTO `upms_api_visit` VALUES ('2910', '73', '20200812', '23', null, '11', '113.88.96.108', 'nc-nginx', '172.18.32.205:1081');
INSERT INTO `upms_api_visit` VALUES ('2911', '121', '20200812', '23', '30', '9', '113.88.96.108', 'nc-nginx', '172.18.32.205:1081');
INSERT INTO `upms_api_visit` VALUES ('2912', '117', '20200812', '23', '30', '6', '113.88.96.108', 'nc-nginx', '172.18.32.205:1081');
INSERT INTO `upms_api_visit` VALUES ('2913', '156', '20200812', '23', '30', '2', '113.88.96.108', 'nc-nginx', '172.18.32.205:1081');
INSERT INTO `upms_api_visit` VALUES ('2914', '72', '20200812', '23', null, '23', '113.88.96.108', 'nc-nginx', '172.18.32.205:1081');
INSERT INTO `upms_api_visit` VALUES ('2915', '155', '20200812', '23', '30', '2', '113.88.96.108', 'nc-nginx', '172.18.32.205:1081');
INSERT INTO `upms_api_visit` VALUES ('2916', '109', '20200812', '23', '30', '5', '113.88.96.108', 'nc-nginx', '172.18.32.205:1081');
INSERT INTO `upms_api_visit` VALUES ('2917', '122', '20200812', '23', null, '1', '172.18.32.205', 'article', '172.18.32.205:1081');
INSERT INTO `upms_api_visit` VALUES ('2918', '149', '20200812', '23', null, '1', '113.88.96.108', 'nc-nginx', '172.18.32.205:1081');
INSERT INTO `upms_api_visit` VALUES ('2919', '110', '20200812', '23', '30', '4', '113.88.96.108', 'nc-nginx', '172.18.32.205:1081');
INSERT INTO `upms_api_visit` VALUES ('2920', '122', '20200813', '00', null, '1', '172.18.32.205', 'worldTree', '172.18.32.205:1081');
INSERT INTO `upms_api_visit` VALUES ('2921', '122', '20200813', '00', null, '1', '172.18.32.205', 'pcgl', '172.18.32.205:1081');
INSERT INTO `upms_api_visit` VALUES ('2922', '122', '20200813', '00', null, '1', '172.18.32.205', 'chat', '172.18.32.205:1081');
INSERT INTO `upms_api_visit` VALUES ('2923', '122', '20200813', '00', null, '1', '172.18.32.205', 'article', '172.18.32.205:1081');
INSERT INTO `upms_api_visit` VALUES ('2924', '122', '20200813', '01', null, '1', '172.18.32.205', 'pcgl', '172.18.32.205:1081');
INSERT INTO `upms_api_visit` VALUES ('2925', '122', '20200813', '01', null, '1', '172.18.32.205', 'worldTree', '172.18.32.205:1081');
INSERT INTO `upms_api_visit` VALUES ('2926', '122', '20200813', '01', null, '1', '172.18.32.205', 'chat', '172.18.32.205:1081');
INSERT INTO `upms_api_visit` VALUES ('2927', '122', '20200813', '01', null, '1', '172.18.32.205', 'article', '172.18.32.205:1081');
INSERT INTO `upms_api_visit` VALUES ('2928', '122', '20200813', '02', null, '1', '172.18.32.205', 'worldTree', '172.18.32.205:1081');
INSERT INTO `upms_api_visit` VALUES ('2929', '122', '20200813', '02', null, '1', '172.18.32.205', 'pcgl', '172.18.32.205:1081');
INSERT INTO `upms_api_visit` VALUES ('2930', '122', '20200813', '02', null, '1', '172.18.32.205', 'chat', '172.18.32.205:1081');
INSERT INTO `upms_api_visit` VALUES ('2931', '122', '20200813', '02', null, '1', '172.18.32.205', 'article', '172.18.32.205:1081');
INSERT INTO `upms_api_visit` VALUES ('2932', '55', '20200813', '16', null, '1', '127.0.0.1', 'nc-nginx', '192.168.143.95:1081');
INSERT INTO `upms_api_visit` VALUES ('2933', '60', '20200813', '16', null, '1', '127.0.0.1', 'nc-nginx', '192.168.143.95:1081');
INSERT INTO `upms_api_visit` VALUES ('2934', '67', '20200813', '16', null, '1', '127.0.0.1', 'nc-nginx', '192.168.143.95:1081');
INSERT INTO `upms_api_visit` VALUES ('2935', '123', '20200813', '16', null, '1', '192.168.143.95', 'chat', '192.168.143.95:1081');
INSERT INTO `upms_api_visit` VALUES ('2936', '55', '20200813', '17', null, '3', '127.0.0.1', 'nc-nginx', '192.168.143.95:1081');
INSERT INTO `upms_api_visit` VALUES ('2937', '67', '20200813', '17', null, '5', '127.0.0.1', 'nc-nginx', '192.168.143.95:1081');
INSERT INTO `upms_api_visit` VALUES ('2938', '60', '20200813', '17', null, '6', '127.0.0.1', 'nc-nginx', '192.168.143.95:1081');
INSERT INTO `upms_api_visit` VALUES ('2939', '144', '20200813', '17', null, '1', '127.0.0.1', 'nc-nginx', '192.168.143.95:1081');
INSERT INTO `upms_api_visit` VALUES ('2940', '122', '20200813', '17', null, '1', '192.168.143.95', 'chat', '192.168.143.95:1081');
INSERT INTO `upms_api_visit` VALUES ('2941', '100', '20200813', '17', null, '1', '127.0.0.1', 'nc-nginx', '192.168.143.95:1081');
INSERT INTO `upms_api_visit` VALUES ('2942', '139', '20200813', '17', null, '1', '127.0.0.1', 'nc-nginx', '192.168.143.95:1081');
INSERT INTO `upms_api_visit` VALUES ('2943', '81', '20200814', '15', '30', '3', '119.139.197.53', 'nc-nginx', '172.18.32.205:1081');
INSERT INTO `upms_api_visit` VALUES ('2944', '72', '20200814', '15', null, '2', '172.18.32.205', 'chat', '172.18.32.205:1081');
INSERT INTO `upms_api_visit` VALUES ('2945', '190', '20200814', '15', null, '2', '172.18.32.205', 'article', '172.18.32.205:1081');
INSERT INTO `upms_api_visit` VALUES ('2946', '60', '20200814', '15', null, '2', '119.139.197.53', 'nc-nginx', '172.18.32.205:1081');
INSERT INTO `upms_api_visit` VALUES ('2947', '55', '20200814', '15', null, '4', '119.139.197.53', 'nc-nginx', '172.18.32.205:1081');
INSERT INTO `upms_api_visit` VALUES ('2948', '72', '20200814', '15', null, '1', '119.139.197.53', 'nc-nginx', '172.18.32.205:1081');
INSERT INTO `upms_api_visit` VALUES ('2949', '80', '20200814', '15', '30', '1', '119.139.197.53', 'nc-nginx', '172.18.32.205:1081');
INSERT INTO `upms_api_visit` VALUES ('2950', '67', '20200814', '15', null, '6', '119.139.197.53', 'nc-nginx', '172.18.32.205:1081');
INSERT INTO `upms_api_visit` VALUES ('2951', '74', '20200814', '15', null, '1', '119.139.197.53', 'nc-nginx', '172.18.32.205:1081');
INSERT INTO `upms_api_visit` VALUES ('2952', '72', '20200814', '15', null, '1', '172.18.32.205', 'article', '172.18.32.205:1081');
INSERT INTO `upms_api_visit` VALUES ('2953', '144', '20200814', '15', null, '2', '119.139.197.53', 'nc-nginx', '172.18.32.205:1081');
INSERT INTO `upms_api_visit` VALUES ('2954', '72', '20200814', '15', null, '1', '124.127.118.165', 'nc-nginx', '172.18.32.205:1081');
INSERT INTO `upms_api_visit` VALUES ('2955', '155', '20200814', '15', '30', '1', '119.139.197.53', 'nc-nginx', '172.18.32.205:1081');
INSERT INTO `upms_api_visit` VALUES ('2956', '100', '20200814', '15', null, '2', '119.139.197.53', 'nc-nginx', '172.18.32.205:1081');
INSERT INTO `upms_api_visit` VALUES ('2957', '83', '20200814', '15', '30', '1', '119.139.197.53', 'nc-nginx', '172.18.32.205:1081');
INSERT INTO `upms_api_visit` VALUES ('2958', '74', '20200814', '15', null, '1', '124.127.118.165', 'nc-nginx', '172.18.32.205:1081');
INSERT INTO `upms_api_visit` VALUES ('2959', '202', '20200814', '15', null, '2', '172.18.32.205', 'chat', '172.18.32.205:1081');
INSERT INTO `upms_api_visit` VALUES ('2960', '51', '20200814', '15', null, '1', '119.139.197.53', 'nc-nginx', '172.18.32.205:1081');
INSERT INTO `upms_api_visit` VALUES ('2961', '115', '20200814', '15', '30', '1', '119.139.197.53', 'nc-nginx', '172.18.32.205:1081');
INSERT INTO `upms_api_visit` VALUES ('2962', '139', '20200814', '15', null, '2', '119.139.197.53', 'nc-nginx', '172.18.32.205:1081');
INSERT INTO `upms_api_visit` VALUES ('2963', '72', '20200814', '16', null, '1', '172.18.32.205', 'chat', '172.18.32.205:1081');
INSERT INTO `upms_api_visit` VALUES ('2964', '81', '20200814', '16', '30', '4', '101.93.63.31', 'nc-nginx', '172.18.32.205:1081');
INSERT INTO `upms_api_visit` VALUES ('2965', '122', '20200814', '16', null, '1', '172.18.32.205', 'worldTree', '172.18.32.205:1081');
INSERT INTO `upms_api_visit` VALUES ('2966', '88', '20200814', '16', '30', '1', '101.93.63.31', 'nc-nginx', '172.18.32.205:1081');
INSERT INTO `upms_api_visit` VALUES ('2967', '108', '20200814', '16', '30', '1', '101.93.63.31', 'nc-nginx', '172.18.32.205:1081');
INSERT INTO `upms_api_visit` VALUES ('2968', '116', '20200814', '16', '30', '1', '101.93.63.31', 'nc-nginx', '172.18.32.205:1081');
INSERT INTO `upms_api_visit` VALUES ('2969', '107', '20200814', '16', '30', '2', '101.93.63.31', 'nc-nginx', '172.18.32.205:1081');
INSERT INTO `upms_api_visit` VALUES ('2970', '122', '20200814', '16', null, '1', '172.18.32.205', 'article', '172.18.32.205:1081');
INSERT INTO `upms_api_visit` VALUES ('2971', '122', '20200814', '16', null, '1', '172.18.32.205', 'chat', '172.18.32.205:1081');
INSERT INTO `upms_api_visit` VALUES ('2972', '74', '20200814', '16', null, '1', '101.93.63.31', 'nc-nginx', '172.18.32.205:1081');
INSERT INTO `upms_api_visit` VALUES ('2973', '72', '20200814', '16', null, '1', '101.93.63.31', 'nc-nginx', '172.18.32.205:1081');
INSERT INTO `upms_api_visit` VALUES ('2974', '122', '20200814', '16', null, '1', '172.18.32.205', 'pcgl', '172.18.32.205:1081');
INSERT INTO `upms_api_visit` VALUES ('2975', '202', '20200814', '16', null, '1', '172.18.32.205', 'chat', '172.18.32.205:1081');
INSERT INTO `upms_api_visit` VALUES ('2976', '110', '20200814', '16', '30', '1', '101.93.63.31', 'nc-nginx', '172.18.32.205:1081');
INSERT INTO `upms_api_visit` VALUES ('2977', '80', '20200814', '16', '30', '2', '101.93.63.31', 'nc-nginx', '172.18.32.205:1081');
INSERT INTO `upms_api_visit` VALUES ('2978', '107', '20200814', '17', '30', '2', '101.93.63.31', 'nc-nginx', '172.18.32.205:1081');
INSERT INTO `upms_api_visit` VALUES ('2979', '122', '20200814', '17', null, '1', '172.18.32.205', 'chat', '172.18.32.205:1081');
INSERT INTO `upms_api_visit` VALUES ('2980', '81', '20200814', '17', '30', '2', '101.93.63.31', 'nc-nginx', '172.18.32.205:1081');
INSERT INTO `upms_api_visit` VALUES ('2981', '122', '20200814', '17', null, '1', '172.18.32.205', 'worldTree', '172.18.32.205:1081');
INSERT INTO `upms_api_visit` VALUES ('2982', '88', '20200814', '17', '30', '1', '101.93.63.31', 'nc-nginx', '172.18.32.205:1081');
INSERT INTO `upms_api_visit` VALUES ('2983', '122', '20200814', '17', null, '1', '172.18.32.205', 'article', '172.18.32.205:1081');
INSERT INTO `upms_api_visit` VALUES ('2984', '80', '20200814', '17', '30', '1', '101.93.63.31', 'nc-nginx', '172.18.32.205:1081');
INSERT INTO `upms_api_visit` VALUES ('2985', '122', '20200814', '17', null, '1', '172.18.32.205', 'pcgl', '172.18.32.205:1081');
INSERT INTO `upms_api_visit` VALUES ('2986', '101', '20200814', '18', null, '6', '124.127.118.165', 'nc-nginx', '172.18.32.205:1081');
INSERT INTO `upms_api_visit` VALUES ('2987', '56', '20200814', '18', null, '1', '124.127.118.165', 'nc-nginx', '172.18.32.205:1081');
INSERT INTO `upms_api_visit` VALUES ('2988', '157', '20200814', '18', '30', '1', '113.110.226.165', 'nc-nginx', '172.18.32.205:1081');
INSERT INTO `upms_api_visit` VALUES ('2989', '122', '20200814', '18', null, '1', '172.18.32.205', 'pcgl', '172.18.32.205:1081');
INSERT INTO `upms_api_visit` VALUES ('2990', '55', '20200814', '18', null, '1', '124.127.118.165', 'nc-nginx', '172.18.32.205:1081');
INSERT INTO `upms_api_visit` VALUES ('2991', '67', '20200814', '18', null, '1', '124.127.118.165', 'nc-nginx', '172.18.32.205:1081');
INSERT INTO `upms_api_visit` VALUES ('2992', '72', '20200814', '18', null, '2', '113.110.226.165', 'nc-nginx', '172.18.32.205:1081');
INSERT INTO `upms_api_visit` VALUES ('2993', '74', '20200814', '18', null, '1', '113.110.226.165', 'nc-nginx', '172.18.32.205:1081');
INSERT INTO `upms_api_visit` VALUES ('2994', '60', '20200814', '18', null, '1', '124.127.118.165', 'nc-nginx', '172.18.32.205:1081');
INSERT INTO `upms_api_visit` VALUES ('2995', '122', '20200814', '18', null, '1', '172.18.32.205', 'chat', '172.18.32.205:1081');
INSERT INTO `upms_api_visit` VALUES ('2996', '122', '20200814', '18', null, '1', '172.18.32.205', 'worldTree', '172.18.32.205:1081');
INSERT INTO `upms_api_visit` VALUES ('2997', '122', '20200814', '18', null, '1', '172.18.32.205', 'article', '172.18.32.205:1081');
INSERT INTO `upms_api_visit` VALUES ('2998', '202', '20200814', '18', null, '1', '172.18.32.205', 'chat', '172.18.32.205:1081');
INSERT INTO `upms_api_visit` VALUES ('2999', '72', '20200814', '18', null, '1', '172.18.32.205', 'chat', '172.18.32.205:1081');
INSERT INTO `upms_api_visit` VALUES ('3000', '81', '20200814', '18', '30', '1', '113.110.226.165', 'nc-nginx', '172.18.32.205:1081');
INSERT INTO `upms_api_visit` VALUES ('3001', '122', '20200814', '19', null, '1', '172.18.32.205', 'worldTree', '172.18.32.205:1081');
INSERT INTO `upms_api_visit` VALUES ('3002', '60', '20200814', '19', null, '2', '113.110.226.165', 'nc-nginx', '172.18.32.205:1081');
INSERT INTO `upms_api_visit` VALUES ('3003', '74', '20200814', '19', null, '1', '119.139.197.53', 'nc-nginx', '172.18.32.205:1081');
INSERT INTO `upms_api_visit` VALUES ('3004', '81', '20200814', '19', '30', '1', '119.139.197.53', 'nc-nginx', '172.18.32.205:1081');
INSERT INTO `upms_api_visit` VALUES ('3005', '72', '20200814', '19', null, '1', '172.18.32.205', 'chat', '172.18.32.205:1081');
INSERT INTO `upms_api_visit` VALUES ('3006', '55', '20200814', '19', null, '1', '113.110.226.165', 'nc-nginx', '172.18.32.205:1081');
INSERT INTO `upms_api_visit` VALUES ('3007', '122', '20200814', '19', null, '1', '172.18.32.205', 'chat', '172.18.32.205:1081');
INSERT INTO `upms_api_visit` VALUES ('3008', '139', '20200814', '19', null, '1', '113.110.226.165', 'nc-nginx', '172.18.32.205:1081');
INSERT INTO `upms_api_visit` VALUES ('3009', '122', '20200814', '19', null, '1', '172.18.32.205', 'article', '172.18.32.205:1081');
INSERT INTO `upms_api_visit` VALUES ('3010', '122', '20200814', '19', null, '1', '172.18.32.205', 'pcgl', '172.18.32.205:1081');
INSERT INTO `upms_api_visit` VALUES ('3011', '202', '20200814', '19', null, '1', '172.18.32.205', 'chat', '172.18.32.205:1081');
INSERT INTO `upms_api_visit` VALUES ('3012', '67', '20200814', '19', null, '1', '113.110.226.165', 'nc-nginx', '172.18.32.205:1081');
INSERT INTO `upms_api_visit` VALUES ('3013', '56', '20200814', '19', null, '1', '113.110.226.165', 'nc-nginx', '172.18.32.205:1081');
INSERT INTO `upms_api_visit` VALUES ('3014', '72', '20200814', '19', null, '1', '119.139.197.53', 'nc-nginx', '172.18.32.205:1081');
INSERT INTO `upms_api_visit` VALUES ('3015', '122', '20200814', '20', null, '1', '172.18.32.205', 'worldTree', '172.18.32.205:1081');
INSERT INTO `upms_api_visit` VALUES ('3016', '122', '20200814', '20', null, '1', '172.18.32.205', 'pcgl', '172.18.32.205:1081');
INSERT INTO `upms_api_visit` VALUES ('3017', '122', '20200814', '20', null, '1', '172.18.32.205', 'article', '172.18.32.205:1081');
INSERT INTO `upms_api_visit` VALUES ('3018', '122', '20200814', '20', null, '1', '172.18.32.205', 'chat', '172.18.32.205:1081');
INSERT INTO `upms_api_visit` VALUES ('3019', '122', '20200814', '21', null, '1', '172.18.32.205', 'article', '172.18.32.205:1081');
INSERT INTO `upms_api_visit` VALUES ('3020', '122', '20200814', '21', null, '1', '172.18.32.205', 'chat', '172.18.32.205:1081');
INSERT INTO `upms_api_visit` VALUES ('3021', '122', '20200814', '21', null, '1', '172.18.32.205', 'worldTree', '172.18.32.205:1081');
INSERT INTO `upms_api_visit` VALUES ('3022', '122', '20200814', '21', null, '1', '172.18.32.205', 'pcgl', '172.18.32.205:1081');
INSERT INTO `upms_api_visit` VALUES ('3023', '122', '20200814', '22', null, '1', '172.18.32.205', 'article', '172.18.32.205:1081');
INSERT INTO `upms_api_visit` VALUES ('3024', '122', '20200814', '22', null, '1', '172.18.32.205', 'chat', '172.18.32.205:1081');
INSERT INTO `upms_api_visit` VALUES ('3025', '122', '20200814', '22', null, '1', '172.18.32.205', 'pcgl', '172.18.32.205:1081');
INSERT INTO `upms_api_visit` VALUES ('3026', '122', '20200814', '22', null, '1', '172.18.32.205', 'worldTree', '172.18.32.205:1081');
INSERT INTO `upms_api_visit` VALUES ('3027', '122', '20200814', '23', null, '1', '172.18.32.205', 'chat', '172.18.32.205:1081');
INSERT INTO `upms_api_visit` VALUES ('3028', '122', '20200814', '23', null, '1', '172.18.32.205', 'article', '172.18.32.205:1081');
INSERT INTO `upms_api_visit` VALUES ('3029', '155', '20200814', '23', '30', '1', '222.89.41.96', 'nc-nginx', '172.18.32.205:1081');
INSERT INTO `upms_api_visit` VALUES ('3030', '116', '20200814', '23', '30', '5', '222.89.41.96', 'nc-nginx', '172.18.32.205:1081');
INSERT INTO `upms_api_visit` VALUES ('3031', '74', '20200814', '23', null, '1', '222.89.41.96', 'nc-nginx', '172.18.32.205:1081');
INSERT INTO `upms_api_visit` VALUES ('3032', '72', '20200814', '23', null, '6', '222.89.41.96', 'nc-nginx', '172.18.32.205:1081');
INSERT INTO `upms_api_visit` VALUES ('3033', '115', '20200814', '23', '30', '1', '222.89.41.96', 'nc-nginx', '172.18.32.205:1081');
INSERT INTO `upms_api_visit` VALUES ('3034', '72', '20200814', '23', null, '1', '172.18.32.205', 'chat', '172.18.32.205:1081');
INSERT INTO `upms_api_visit` VALUES ('3035', '81', '20200814', '23', '30', '6', '222.89.41.96', 'nc-nginx', '172.18.32.205:1081');
INSERT INTO `upms_api_visit` VALUES ('3036', '107', '20200814', '23', '30', '2', '222.89.41.96', 'nc-nginx', '172.18.32.205:1081');
INSERT INTO `upms_api_visit` VALUES ('3037', '157', '20200814', '23', '30', '5', '222.89.41.96', 'nc-nginx', '172.18.32.205:1081');
INSERT INTO `upms_api_visit` VALUES ('3038', '202', '20200814', '23', null, '1', '172.18.32.205', 'chat', '172.18.32.205:1081');
INSERT INTO `upms_api_visit` VALUES ('3039', '80', '20200814', '23', '30', '3', '222.89.41.96', 'nc-nginx', '172.18.32.205:1081');
INSERT INTO `upms_api_visit` VALUES ('3040', '122', '20200814', '23', null, '1', '172.18.32.205', 'pcgl', '172.18.32.205:1081');
INSERT INTO `upms_api_visit` VALUES ('3041', '122', '20200814', '23', null, '1', '172.18.32.205', 'worldTree', '172.18.32.205:1081');
INSERT INTO `upms_api_visit` VALUES ('3042', '122', '20200815', '00', null, '1', '172.18.32.205', 'article', '172.18.32.205:1081');
INSERT INTO `upms_api_visit` VALUES ('3043', '122', '20200815', '00', null, '1', '172.18.32.205', 'chat', '172.18.32.205:1081');
INSERT INTO `upms_api_visit` VALUES ('3044', '122', '20200815', '00', null, '1', '172.18.32.205', 'worldTree', '172.18.32.205:1081');
INSERT INTO `upms_api_visit` VALUES ('3045', '122', '20200815', '00', null, '1', '172.18.32.205', 'pcgl', '172.18.32.205:1081');
INSERT INTO `upms_api_visit` VALUES ('3046', '122', '20200815', '01', null, '1', '172.18.32.205', 'chat', '172.18.32.205:1081');
INSERT INTO `upms_api_visit` VALUES ('3047', '122', '20200815', '01', null, '1', '172.18.32.205', 'article', '172.18.32.205:1081');
INSERT INTO `upms_api_visit` VALUES ('3048', '122', '20200815', '01', null, '1', '172.18.32.205', 'pcgl', '172.18.32.205:1081');
INSERT INTO `upms_api_visit` VALUES ('3049', '122', '20200815', '01', null, '1', '172.18.32.205', 'worldTree', '172.18.32.205:1081');
INSERT INTO `upms_api_visit` VALUES ('3050', '122', '20200815', '02', null, '1', '172.18.32.205', 'article', '172.18.32.205:1081');
INSERT INTO `upms_api_visit` VALUES ('3051', '122', '20200815', '02', null, '1', '172.18.32.205', 'chat', '172.18.32.205:1081');
INSERT INTO `upms_api_visit` VALUES ('3052', '122', '20200815', '02', null, '1', '172.18.32.205', 'pcgl', '172.18.32.205:1081');
INSERT INTO `upms_api_visit` VALUES ('3053', '122', '20200815', '02', null, '1', '172.18.32.205', 'worldTree', '172.18.32.205:1081');
INSERT INTO `upms_api_visit` VALUES ('3054', '122', '20200815', '03', null, '1', '172.18.32.205', 'pcgl', '172.18.32.205:1081');
INSERT INTO `upms_api_visit` VALUES ('3055', '122', '20200815', '03', null, '1', '172.18.32.205', 'worldTree', '172.18.32.205:1081');
INSERT INTO `upms_api_visit` VALUES ('3056', '122', '20200815', '03', null, '1', '172.18.32.205', 'chat', '172.18.32.205:1081');
INSERT INTO `upms_api_visit` VALUES ('3057', '122', '20200815', '03', null, '1', '172.18.32.205', 'article', '172.18.32.205:1081');
INSERT INTO `upms_api_visit` VALUES ('3058', '122', '20200815', '04', null, '1', '172.18.32.205', 'worldTree', '172.18.32.205:1081');
INSERT INTO `upms_api_visit` VALUES ('3059', '122', '20200815', '04', null, '1', '172.18.32.205', 'pcgl', '172.18.32.205:1081');
INSERT INTO `upms_api_visit` VALUES ('3060', '122', '20200815', '04', null, '1', '172.18.32.205', 'article', '172.18.32.205:1081');
INSERT INTO `upms_api_visit` VALUES ('3061', '122', '20200815', '04', null, '1', '172.18.32.205', 'chat', '172.18.32.205:1081');
INSERT INTO `upms_api_visit` VALUES ('3062', '122', '20200815', '05', null, '1', '172.18.32.205', 'article', '172.18.32.205:1081');
INSERT INTO `upms_api_visit` VALUES ('3063', '122', '20200815', '05', null, '1', '172.18.32.205', 'pcgl', '172.18.32.205:1081');
INSERT INTO `upms_api_visit` VALUES ('3064', '122', '20200815', '05', null, '1', '172.18.32.205', 'worldTree', '172.18.32.205:1081');
INSERT INTO `upms_api_visit` VALUES ('3065', '122', '20200815', '05', null, '1', '172.18.32.205', 'chat', '172.18.32.205:1081');
INSERT INTO `upms_api_visit` VALUES ('3066', '122', '20200815', '06', null, '1', '172.18.32.205', 'article', '172.18.32.205:1081');
INSERT INTO `upms_api_visit` VALUES ('3067', '122', '20200815', '06', null, '1', '172.18.32.205', 'chat', '172.18.32.205:1081');
INSERT INTO `upms_api_visit` VALUES ('3068', '122', '20200815', '06', null, '1', '172.18.32.205', 'worldTree', '172.18.32.205:1081');
INSERT INTO `upms_api_visit` VALUES ('3069', '122', '20200815', '06', null, '1', '172.18.32.205', 'pcgl', '172.18.32.205:1081');
INSERT INTO `upms_api_visit` VALUES ('3070', '122', '20200815', '07', null, '1', '172.18.32.205', 'chat', '172.18.32.205:1081');
INSERT INTO `upms_api_visit` VALUES ('3071', '122', '20200815', '07', null, '1', '172.18.32.205', 'pcgl', '172.18.32.205:1081');
INSERT INTO `upms_api_visit` VALUES ('3072', '122', '20200815', '07', null, '1', '172.18.32.205', 'worldTree', '172.18.32.205:1081');
INSERT INTO `upms_api_visit` VALUES ('3073', '122', '20200815', '07', null, '1', '172.18.32.205', 'article', '172.18.32.205:1081');
INSERT INTO `upms_api_visit` VALUES ('3074', '122', '20200815', '08', null, '1', '172.18.32.205', 'chat', '172.18.32.205:1081');
INSERT INTO `upms_api_visit` VALUES ('3075', '122', '20200815', '08', null, '1', '172.18.32.205', 'pcgl', '172.18.32.205:1081');
INSERT INTO `upms_api_visit` VALUES ('3076', '122', '20200815', '08', null, '1', '172.18.32.205', 'worldTree', '172.18.32.205:1081');
INSERT INTO `upms_api_visit` VALUES ('3077', '122', '20200815', '08', null, '1', '172.18.32.205', 'article', '172.18.32.205:1081');
INSERT INTO `upms_api_visit` VALUES ('3078', '122', '20200815', '09', null, '1', '172.18.32.205', 'worldTree', '172.18.32.205:1081');
INSERT INTO `upms_api_visit` VALUES ('3079', '122', '20200815', '09', null, '1', '172.18.32.205', 'pcgl', '172.18.32.205:1081');
INSERT INTO `upms_api_visit` VALUES ('3080', '122', '20200815', '09', null, '1', '172.18.32.205', 'chat', '172.18.32.205:1081');
INSERT INTO `upms_api_visit` VALUES ('3081', '122', '20200815', '09', null, '1', '172.18.32.205', 'article', '172.18.32.205:1081');
INSERT INTO `upms_api_visit` VALUES ('3082', '122', '20200815', '10', null, '1', '172.18.32.205', 'worldTree', '172.18.32.205:1081');
INSERT INTO `upms_api_visit` VALUES ('3083', '122', '20200815', '10', null, '1', '172.18.32.205', 'pcgl', '172.18.32.205:1081');
INSERT INTO `upms_api_visit` VALUES ('3084', '122', '20200815', '10', null, '1', '172.18.32.205', 'article', '172.18.32.205:1081');
INSERT INTO `upms_api_visit` VALUES ('3085', '122', '20200815', '10', null, '1', '172.18.32.205', 'chat', '172.18.32.205:1081');
INSERT INTO `upms_api_visit` VALUES ('3086', '122', '20200815', '11', null, '1', '172.18.32.205', 'article', '172.18.32.205:1081');
INSERT INTO `upms_api_visit` VALUES ('3087', '122', '20200815', '11', null, '1', '172.18.32.205', 'chat', '172.18.32.205:1081');
INSERT INTO `upms_api_visit` VALUES ('3088', '122', '20200815', '11', null, '1', '172.18.32.205', 'worldTree', '172.18.32.205:1081');
INSERT INTO `upms_api_visit` VALUES ('3089', '122', '20200815', '11', null, '1', '172.18.32.205', 'pcgl', '172.18.32.205:1081');
INSERT INTO `upms_api_visit` VALUES ('3090', '122', '20200815', '12', null, '1', '172.18.32.205', 'article', '172.18.32.205:1081');
INSERT INTO `upms_api_visit` VALUES ('3091', '122', '20200815', '12', null, '1', '172.18.32.205', 'chat', '172.18.32.205:1081');
INSERT INTO `upms_api_visit` VALUES ('3092', '122', '20200815', '12', null, '1', '172.18.32.205', 'worldTree', '172.18.32.205:1081');
INSERT INTO `upms_api_visit` VALUES ('3093', '122', '20200815', '12', null, '1', '172.18.32.205', 'pcgl', '172.18.32.205:1081');
INSERT INTO `upms_api_visit` VALUES ('3094', '122', '20200815', '13', null, '1', '172.18.32.205', 'chat', '172.18.32.205:1081');
INSERT INTO `upms_api_visit` VALUES ('3095', '122', '20200815', '13', null, '1', '172.18.32.205', 'article', '172.18.32.205:1081');
INSERT INTO `upms_api_visit` VALUES ('3096', '122', '20200815', '13', null, '1', '172.18.32.205', 'worldTree', '172.18.32.205:1081');
INSERT INTO `upms_api_visit` VALUES ('3097', '122', '20200815', '13', null, '1', '172.18.32.205', 'pcgl', '172.18.32.205:1081');
INSERT INTO `upms_api_visit` VALUES ('3098', '149', '20200815', '14', null, '21', '113.88.96.41', 'nc-nginx', '172.18.32.205:1081');
INSERT INTO `upms_api_visit` VALUES ('3099', '72', '20200815', '14', null, '1', '172.18.32.205', 'chat', '172.18.32.205:1081');
INSERT INTO `upms_api_visit` VALUES ('3100', '116', '20200815', '14', '30', '2', '113.88.96.41', 'nc-nginx', '172.18.32.205:1081');
INSERT INTO `upms_api_visit` VALUES ('3101', '74', '20200815', '14', null, '1', '113.88.96.41', 'nc-nginx', '172.18.32.205:1081');
INSERT INTO `upms_api_visit` VALUES ('3102', '202', '20200815', '14', null, '1', '172.18.32.205', 'chat', '172.18.32.205:1081');
INSERT INTO `upms_api_visit` VALUES ('3103', '119', '20200815', '14', '30', '1', '113.88.96.41', 'nc-nginx', '172.18.32.205:1081');
INSERT INTO `upms_api_visit` VALUES ('3104', '122', '20200815', '14', null, '1', '172.18.32.205', 'pcgl', '172.18.32.205:1081');
INSERT INTO `upms_api_visit` VALUES ('3105', '150', '20200815', '14', null, '1', '113.88.96.41', 'nc-nginx', '172.18.32.205:1081');
INSERT INTO `upms_api_visit` VALUES ('3106', '56', '20200815', '14', null, '3', '113.88.96.41', 'nc-nginx', '172.18.32.205:1081');
INSERT INTO `upms_api_visit` VALUES ('3107', '107', '20200815', '14', '30', '2', '113.88.96.41', 'nc-nginx', '172.18.32.205:1081');
INSERT INTO `upms_api_visit` VALUES ('3108', '72', '20200815', '14', null, '3', '113.88.96.41', 'nc-nginx', '172.18.32.205:1081');
INSERT INTO `upms_api_visit` VALUES ('3109', '157', '20200815', '14', '30', '2', '113.88.96.41', 'nc-nginx', '172.18.32.205:1081');
INSERT INTO `upms_api_visit` VALUES ('3110', '88', '20200815', '14', '30', '1', '113.88.96.41', 'nc-nginx', '172.18.32.205:1081');
INSERT INTO `upms_api_visit` VALUES ('3111', '142', '20200815', '14', null, '3', '113.88.96.41', 'nc-nginx', '172.18.32.205:1081');
INSERT INTO `upms_api_visit` VALUES ('3112', '80', '20200815', '14', '30', '2', '113.88.96.41', 'nc-nginx', '172.18.32.205:1081');
INSERT INTO `upms_api_visit` VALUES ('3113', '71', '20200815', '14', null, '3', '113.88.96.41', 'nc-nginx', '172.18.32.205:1081');
INSERT INTO `upms_api_visit` VALUES ('3114', '139', '20200815', '14', null, '21', '113.88.96.41', 'nc-nginx', '172.18.32.205:1081');
INSERT INTO `upms_api_visit` VALUES ('3115', '122', '20200815', '14', null, '1', '172.18.32.205', 'worldTree', '172.18.32.205:1081');
INSERT INTO `upms_api_visit` VALUES ('3116', '60', '20200815', '14', null, '5', '113.88.96.41', 'nc-nginx', '172.18.32.205:1081');
INSERT INTO `upms_api_visit` VALUES ('3117', '122', '20200815', '14', null, '1', '172.18.32.205', 'chat', '172.18.32.205:1081');
INSERT INTO `upms_api_visit` VALUES ('3118', '171', '20200815', '14', null, '3', '113.88.96.41', 'nc-nginx', '172.18.32.205:1081');
INSERT INTO `upms_api_visit` VALUES ('3119', '122', '20200815', '14', null, '1', '172.18.32.205', 'article', '172.18.32.205:1081');
INSERT INTO `upms_api_visit` VALUES ('3120', '55', '20200815', '14', null, '1', '113.88.96.41', 'nc-nginx', '172.18.32.205:1081');
INSERT INTO `upms_api_visit` VALUES ('3121', '81', '20200815', '14', '30', '5', '113.88.96.41', 'nc-nginx', '172.18.32.205:1081');
INSERT INTO `upms_api_visit` VALUES ('3122', '120', '20200815', '14', '30', '1', '113.88.96.41', 'nc-nginx', '172.18.32.205:1081');
INSERT INTO `upms_api_visit` VALUES ('3123', '186', '20200815', '14', null, '1', '113.88.96.41', 'nc-nginx', '172.18.32.205:1081');
INSERT INTO `upms_api_visit` VALUES ('3124', '67', '20200815', '14', null, '2', '113.88.96.41', 'nc-nginx', '172.18.32.205:1081');
INSERT INTO `upms_api_visit` VALUES ('3125', '56', '20200815', '15', null, '6', '113.88.96.41', 'nc-nginx', '172.18.32.205:1081');
INSERT INTO `upms_api_visit` VALUES ('3126', '153', '20200815', '15', null, '2', '113.88.96.41', 'nc-nginx', '172.18.32.205:1081');
INSERT INTO `upms_api_visit` VALUES ('3127', '150', '20200815', '15', null, '3', '113.88.96.41', 'nc-nginx', '172.18.32.205:1081');
INSERT INTO `upms_api_visit` VALUES ('3128', '72', '20200815', '15', null, '3', '172.18.32.205', 'chat', '172.18.32.205:1081');
INSERT INTO `upms_api_visit` VALUES ('3129', '171', '20200815', '15', null, '5', '113.88.96.41', 'nc-nginx', '172.18.32.205:1081');
INSERT INTO `upms_api_visit` VALUES ('3130', '146', '20200815', '15', null, '4', '113.88.96.41', 'nc-nginx', '172.18.32.205:1081');
INSERT INTO `upms_api_visit` VALUES ('3131', '105', '20200815', '15', null, '2', '113.88.96.41', 'nc-nginx', '172.18.32.205:1081');
INSERT INTO `upms_api_visit` VALUES ('3132', '186', '20200815', '15', null, '2', '113.88.96.41', 'nc-nginx', '172.18.32.205:1081');
INSERT INTO `upms_api_visit` VALUES ('3133', '145', '20200815', '15', null, '3', '113.88.96.41', 'nc-nginx', '172.18.32.205:1081');
INSERT INTO `upms_api_visit` VALUES ('3134', '71', '20200815', '15', null, '6', '113.88.96.41', 'nc-nginx', '172.18.32.205:1081');
INSERT INTO `upms_api_visit` VALUES ('3135', '147', '20200815', '15', null, '1', '113.88.96.41', 'nc-nginx', '172.18.32.205:1081');
INSERT INTO `upms_api_visit` VALUES ('3136', '139', '20200815', '15', null, '15', '113.88.96.41', 'nc-nginx', '172.18.32.205:1081');
INSERT INTO `upms_api_visit` VALUES ('3137', '51', '20200815', '15', null, '3', '113.88.96.41', 'nc-nginx', '172.18.32.205:1081');
INSERT INTO `upms_api_visit` VALUES ('3138', '74', '20200815', '15', null, '4', '113.88.96.41', 'nc-nginx', '172.18.32.205:1081');
INSERT INTO `upms_api_visit` VALUES ('3139', '144', '20200815', '15', null, '12', '113.88.96.41', 'nc-nginx', '172.18.32.205:1081');
INSERT INTO `upms_api_visit` VALUES ('3140', '167', '20200815', '15', null, '1', '113.88.96.41', 'nc-nginx', '172.18.32.205:1081');
INSERT INTO `upms_api_visit` VALUES ('3141', '122', '20200815', '15', null, '1', '172.18.32.205', 'worldTree', '172.18.32.205:1081');
INSERT INTO `upms_api_visit` VALUES ('3142', '122', '20200815', '15', null, '1', '172.18.32.205', 'chat', '172.18.32.205:1081');
INSERT INTO `upms_api_visit` VALUES ('3143', '101', '20200815', '15', null, '6', '113.88.96.41', 'nc-nginx', '172.18.32.205:1081');
INSERT INTO `upms_api_visit` VALUES ('3144', '100', '20200815', '15', null, '14', '113.88.96.41', 'nc-nginx', '172.18.32.205:1081');
INSERT INTO `upms_api_visit` VALUES ('3145', '72', '20200815', '15', null, '3', '113.88.96.41', 'nc-nginx', '172.18.32.205:1081');
INSERT INTO `upms_api_visit` VALUES ('3146', '122', '20200815', '15', null, '1', '172.18.32.205', 'article', '172.18.32.205:1081');
INSERT INTO `upms_api_visit` VALUES ('3147', '142', '20200815', '15', null, '5', '113.88.96.41', 'nc-nginx', '172.18.32.205:1081');
INSERT INTO `upms_api_visit` VALUES ('3148', '67', '20200815', '15', null, '5', '113.88.96.41', 'nc-nginx', '172.18.32.205:1081');
INSERT INTO `upms_api_visit` VALUES ('3149', '95', '20200815', '15', null, '1', '113.88.96.41', 'nc-nginx', '172.18.32.205:1081');
INSERT INTO `upms_api_visit` VALUES ('3150', '73', '20200815', '15', null, '3', '113.88.96.41', 'nc-nginx', '172.18.32.205:1081');
INSERT INTO `upms_api_visit` VALUES ('3151', '149', '20200815', '15', null, '9', '113.88.96.41', 'nc-nginx', '172.18.32.205:1081');
INSERT INTO `upms_api_visit` VALUES ('3152', '60', '20200815', '15', null, '16', '113.88.96.41', 'nc-nginx', '172.18.32.205:1081');
INSERT INTO `upms_api_visit` VALUES ('3153', '122', '20200815', '15', null, '1', '172.18.32.205', 'pcgl', '172.18.32.205:1081');
INSERT INTO `upms_api_visit` VALUES ('3154', '139', '20200815', '16', null, '38', '113.88.96.41', 'nc-nginx', '172.18.32.205:1081');
INSERT INTO `upms_api_visit` VALUES ('3155', '60', '20200815', '16', null, '13', '113.88.96.41', 'nc-nginx', '172.18.32.205:1081');
INSERT INTO `upms_api_visit` VALUES ('3156', '145', '20200815', '16', null, '3', '113.88.96.41', 'nc-nginx', '172.18.32.205:1081');
INSERT INTO `upms_api_visit` VALUES ('3157', '149', '20200815', '16', null, '1', '113.110.226.134', 'nc-nginx', '172.18.32.205:1081');
INSERT INTO `upms_api_visit` VALUES ('3158', '54', '20200815', '16', null, '1', '113.88.96.41', 'nc-nginx', '172.18.32.205:1081');
INSERT INTO `upms_api_visit` VALUES ('3159', '107', '20200815', '16', '30', '2', '119.139.197.53', 'nc-nginx', '172.18.32.205:1081');
INSERT INTO `upms_api_visit` VALUES ('3160', '141', '20200815', '16', null, '6', '113.88.96.41', 'nc-nginx', '172.18.32.205:1081');
INSERT INTO `upms_api_visit` VALUES ('3161', '74', '20200815', '16', null, '1', '119.139.197.53', 'nc-nginx', '172.18.32.205:1081');
INSERT INTO `upms_api_visit` VALUES ('3162', '122', '20200815', '16', null, '1', '172.18.32.205', 'worldTree', '172.18.32.205:1081');
INSERT INTO `upms_api_visit` VALUES ('3163', '150', '20200815', '16', null, '1', '113.110.226.134', 'nc-nginx', '172.18.32.205:1081');
INSERT INTO `upms_api_visit` VALUES ('3164', '80', '20200815', '16', '30', '1', '119.139.197.53', 'nc-nginx', '172.18.32.205:1081');
INSERT INTO `upms_api_visit` VALUES ('3165', '122', '20200815', '16', null, '1', '172.18.32.205', 'chat', '172.18.32.205:1081');
INSERT INTO `upms_api_visit` VALUES ('3166', '72', '20200815', '16', null, '1', '119.139.197.53', 'nc-nginx', '172.18.32.205:1081');
INSERT INTO `upms_api_visit` VALUES ('3167', '105', '20200815', '16', null, '1', '119.139.197.53', 'nc-nginx', '172.18.32.205:1081');
INSERT INTO `upms_api_visit` VALUES ('3168', '182', '20200815', '16', null, '1', '119.139.197.53', 'nc-nginx', '172.18.32.205:1081');
INSERT INTO `upms_api_visit` VALUES ('3169', '101', '20200815', '16', null, '6', '119.139.197.53', 'nc-nginx', '172.18.32.205:1081');
INSERT INTO `upms_api_visit` VALUES ('3170', '88', '20200815', '16', '30', '1', '119.139.197.53', 'nc-nginx', '172.18.32.205:1081');
INSERT INTO `upms_api_visit` VALUES ('3171', '95', '20200815', '16', null, '1', '113.88.96.41', 'nc-nginx', '172.18.32.205:1081');
INSERT INTO `upms_api_visit` VALUES ('3172', '71', '20200815', '16', null, '1', '113.110.226.134', 'nc-nginx', '172.18.32.205:1081');
INSERT INTO `upms_api_visit` VALUES ('3173', '178', '20200815', '16', null, '1', '113.110.226.134', 'nc-nginx', '172.18.32.205:1081');
INSERT INTO `upms_api_visit` VALUES ('3174', '122', '20200815', '16', null, '1', '172.18.32.205', 'article', '172.18.32.205:1081');
INSERT INTO `upms_api_visit` VALUES ('3175', '186', '20200815', '16', null, '2', '113.110.226.134', 'nc-nginx', '172.18.32.205:1081');
INSERT INTO `upms_api_visit` VALUES ('3176', '167', '20200815', '16', null, '1', '113.88.96.41', 'nc-nginx', '172.18.32.205:1081');
INSERT INTO `upms_api_visit` VALUES ('3177', '158', '20200815', '16', null, '1', '113.88.96.41', 'nc-nginx', '172.18.32.205:1081');
INSERT INTO `upms_api_visit` VALUES ('3178', '81', '20200815', '16', '30', '3', '119.139.197.53', 'nc-nginx', '172.18.32.205:1081');
INSERT INTO `upms_api_visit` VALUES ('3179', '143', '20200815', '16', null, '4', '113.88.96.41', 'nc-nginx', '172.18.32.205:1081');
INSERT INTO `upms_api_visit` VALUES ('3180', '197', '20200815', '16', null, '1', '113.88.96.41', 'nc-nginx', '172.18.32.205:1081');
INSERT INTO `upms_api_visit` VALUES ('3181', '72', '20200815', '16', null, '5', '113.88.96.41', 'nc-nginx', '172.18.32.205:1081');
INSERT INTO `upms_api_visit` VALUES ('3182', '60', '20200815', '16', null, '7', '119.139.197.53', 'nc-nginx', '172.18.32.205:1081');
INSERT INTO `upms_api_visit` VALUES ('3183', '56', '20200815', '16', null, '2', '113.88.96.41', 'nc-nginx', '172.18.32.205:1081');
INSERT INTO `upms_api_visit` VALUES ('3184', '153', '20200815', '16', null, '2', '113.88.96.41', 'nc-nginx', '172.18.32.205:1081');
INSERT INTO `upms_api_visit` VALUES ('3185', '150', '20200815', '16', null, '19', '113.88.96.41', 'nc-nginx', '172.18.32.205:1081');
INSERT INTO `upms_api_visit` VALUES ('3186', '56', '20200815', '16', null, '1', '113.110.226.134', 'nc-nginx', '172.18.32.205:1081');
INSERT INTO `upms_api_visit` VALUES ('3187', '149', '20200815', '16', null, '14', '113.88.96.41', 'nc-nginx', '172.18.32.205:1081');
INSERT INTO `upms_api_visit` VALUES ('3188', '167', '20200815', '16', '23', '3', '113.88.96.41', 'nc-nginx', '172.18.32.205:1081');
INSERT INTO `upms_api_visit` VALUES ('3189', '73', '20200815', '16', null, '3', '113.88.96.41', 'nc-nginx', '172.18.32.205:1081');
INSERT INTO `upms_api_visit` VALUES ('3190', '144', '20200815', '16', null, '71', '113.88.96.41', 'nc-nginx', '172.18.32.205:1081');
INSERT INTO `upms_api_visit` VALUES ('3191', '166', '20200815', '16', null, '1', '113.88.96.41', 'nc-nginx', '172.18.32.205:1081');
INSERT INTO `upms_api_visit` VALUES ('3192', '67', '20200815', '16', null, '3', '119.139.197.53', 'nc-nginx', '172.18.32.205:1081');
INSERT INTO `upms_api_visit` VALUES ('3193', '182', '20200815', '16', null, '1', '113.110.226.134', 'nc-nginx', '172.18.32.205:1081');
INSERT INTO `upms_api_visit` VALUES ('3194', '55', '20200815', '16', null, '1', '119.139.197.53', 'nc-nginx', '172.18.32.205:1081');
INSERT INTO `upms_api_visit` VALUES ('3195', '100', '20200815', '16', null, '4', '119.139.197.53', 'nc-nginx', '172.18.32.205:1081');
INSERT INTO `upms_api_visit` VALUES ('3196', '177', '20200815', '16', null, '2', '113.110.226.134', 'nc-nginx', '172.18.32.205:1081');
INSERT INTO `upms_api_visit` VALUES ('3197', '100', '20200815', '16', null, '12', '113.88.96.41', 'nc-nginx', '172.18.32.205:1081');
INSERT INTO `upms_api_visit` VALUES ('3198', '72', '20200815', '16', null, '5', '172.18.32.205', 'chat', '172.18.32.205:1081');
INSERT INTO `upms_api_visit` VALUES ('3199', '71', '20200815', '16', null, '2', '119.139.197.53', 'nc-nginx', '172.18.32.205:1081');
INSERT INTO `upms_api_visit` VALUES ('3200', '55', '20200815', '16', null, '1', '113.88.96.41', 'nc-nginx', '172.18.32.205:1081');
INSERT INTO `upms_api_visit` VALUES ('3201', '67', '20200815', '16', null, '7', '113.88.96.41', 'nc-nginx', '172.18.32.205:1081');
INSERT INTO `upms_api_visit` VALUES ('3202', '139', '20200815', '16', null, '2', '113.110.226.134', 'nc-nginx', '172.18.32.205:1081');
INSERT INTO `upms_api_visit` VALUES ('3203', '51', '20200815', '16', null, '2', '119.139.197.53', 'nc-nginx', '172.18.32.205:1081');
INSERT INTO `upms_api_visit` VALUES ('3204', '122', '20200815', '16', null, '1', '172.18.32.205', 'pcgl', '172.18.32.205:1081');
INSERT INTO `upms_api_visit` VALUES ('3205', '202', '20200815', '16', null, '1', '172.18.32.205', 'chat', '172.18.32.205:1081');
INSERT INTO `upms_api_visit` VALUES ('3206', '51', '20200815', '16', null, '2', '113.110.226.134', 'nc-nginx', '172.18.32.205:1081');
INSERT INTO `upms_api_visit` VALUES ('3207', '147', '20200815', '16', null, '4', '113.88.96.41', 'nc-nginx', '172.18.32.205:1081');
INSERT INTO `upms_api_visit` VALUES ('3208', '149', '20200815', '16', null, '4', '119.139.197.53', 'nc-nginx', '172.18.32.205:1081');
INSERT INTO `upms_api_visit` VALUES ('3209', '74', '20200815', '16', null, '4', '113.88.96.41', 'nc-nginx', '172.18.32.205:1081');
INSERT INTO `upms_api_visit` VALUES ('3210', '56', '20200815', '16', null, '2', '119.139.197.53', 'nc-nginx', '172.18.32.205:1081');
INSERT INTO `upms_api_visit` VALUES ('3211', '186', '20200815', '16', null, '1', '119.139.197.53', 'nc-nginx', '172.18.32.205:1081');
INSERT INTO `upms_api_visit` VALUES ('3212', '177', '20200815', '16', null, '2', '119.139.197.53', 'nc-nginx', '172.18.32.205:1081');
INSERT INTO `upms_api_visit` VALUES ('3213', '51', '20200815', '16', null, '1', '113.88.96.41', 'nc-nginx', '172.18.32.205:1081');
INSERT INTO `upms_api_visit` VALUES ('3214', '95', '20200815', '16', null, '1', '119.139.197.53', 'nc-nginx', '172.18.32.205:1081');
INSERT INTO `upms_api_visit` VALUES ('3215', '171', '20200815', '16', null, '2', '119.139.197.53', 'nc-nginx', '172.18.32.205:1081');
INSERT INTO `upms_api_visit` VALUES ('3216', '105', '20200815', '16', null, '2', '113.88.96.41', 'nc-nginx', '172.18.32.205:1081');
INSERT INTO `upms_api_visit` VALUES ('3217', '146', '20200815', '16', null, '56', '113.88.96.41', 'nc-nginx', '172.18.32.205:1081');
INSERT INTO `upms_api_visit` VALUES ('3218', '81', '20200815', '17', '30', '10', '113.110.226.134', 'nc-nginx', '172.18.32.205:1081');
INSERT INTO `upms_api_visit` VALUES ('3219', '77', '20200815', '17', '30', '3', '113.110.226.134', 'nc-nginx', '172.18.32.205:1081');
INSERT INTO `upms_api_visit` VALUES ('3220', '56', '20200815', '17', null, '4', '113.110.226.134', 'nc-nginx', '172.18.32.205:1081');
INSERT INTO `upms_api_visit` VALUES ('3221', '116', '20200815', '17', '30', '1', '113.110.226.134', 'nc-nginx', '172.18.32.205:1081');
INSERT INTO `upms_api_visit` VALUES ('3222', '122', '20200815', '17', null, '1', '172.18.32.205', 'pcgl', '172.18.32.205:1081');
INSERT INTO `upms_api_visit` VALUES ('3223', '60', '20200815', '17', null, '2', '119.139.197.53', 'nc-nginx', '172.18.32.205:1081');
INSERT INTO `upms_api_visit` VALUES ('3224', '107', '20200815', '17', '30', '7', '113.110.226.134', 'nc-nginx', '172.18.32.205:1081');
INSERT INTO `upms_api_visit` VALUES ('3225', '80', '20200815', '17', '30', '3', '113.88.96.41', 'nc-nginx', '172.18.32.205:1081');
INSERT INTO `upms_api_visit` VALUES ('3226', '149', '20200815', '17', null, '7', '113.110.226.134', 'nc-nginx', '172.18.32.205:1081');
INSERT INTO `upms_api_visit` VALUES ('3227', '77', '20200815', '17', '30', '2', '113.88.96.41', 'nc-nginx', '172.18.32.205:1081');
INSERT INTO `upms_api_visit` VALUES ('3228', '81', '20200815', '17', '30', '5', '113.88.96.41', 'nc-nginx', '172.18.32.205:1081');
INSERT INTO `upms_api_visit` VALUES ('3229', '80', '20200815', '17', '30', '8', '113.110.226.134', 'nc-nginx', '172.18.32.205:1081');
INSERT INTO `upms_api_visit` VALUES ('3230', '171', '20200815', '17', null, '4', '113.110.226.134', 'nc-nginx', '172.18.32.205:1081');
INSERT INTO `upms_api_visit` VALUES ('3231', '202', '20200815', '17', null, '2', '172.18.32.205', 'chat', '172.18.32.205:1081');
INSERT INTO `upms_api_visit` VALUES ('3232', '67', '20200815', '17', null, '2', '119.139.197.53', 'nc-nginx', '172.18.32.205:1081');
INSERT INTO `upms_api_visit` VALUES ('3233', '158', '20200815', '17', '30', '2', '113.88.96.41', 'nc-nginx', '172.18.32.205:1081');
INSERT INTO `upms_api_visit` VALUES ('3234', '197', '20200815', '17', '30', '1', '113.88.96.41', 'nc-nginx', '172.18.32.205:1081');
INSERT INTO `upms_api_visit` VALUES ('3235', '74', '20200815', '17', null, '3', '113.88.96.41', 'nc-nginx', '172.18.32.205:1081');
INSERT INTO `upms_api_visit` VALUES ('3236', '157', '20200815', '17', '30', '6', '113.110.226.134', 'nc-nginx', '172.18.32.205:1081');
INSERT INTO `upms_api_visit` VALUES ('3237', '107', '20200815', '17', '30', '1', '119.139.197.53', 'nc-nginx', '172.18.32.205:1081');
INSERT INTO `upms_api_visit` VALUES ('3238', '122', '20200815', '17', null, '1', '172.18.32.205', 'article', '172.18.32.205:1081');
INSERT INTO `upms_api_visit` VALUES ('3239', '122', '20200815', '17', null, '1', '172.18.32.205', 'chat', '172.18.32.205:1081');
INSERT INTO `upms_api_visit` VALUES ('3240', '186', '20200815', '17', null, '2', '113.110.226.134', 'nc-nginx', '172.18.32.205:1081');
INSERT INTO `upms_api_visit` VALUES ('3241', '67', '20200815', '17', null, '2', '113.110.226.134', 'nc-nginx', '172.18.32.205:1081');
INSERT INTO `upms_api_visit` VALUES ('3242', '81', '20200815', '17', '30', '3', '119.139.197.53', 'nc-nginx', '172.18.32.205:1081');
INSERT INTO `upms_api_visit` VALUES ('3243', '72', '20200815', '17', null, '7', '113.110.226.134', 'nc-nginx', '172.18.32.205:1081');
INSERT INTO `upms_api_visit` VALUES ('3244', '119', '20200815', '17', '30', '1', '113.110.226.134', 'nc-nginx', '172.18.32.205:1081');
INSERT INTO `upms_api_visit` VALUES ('3245', '110', '20200815', '17', '30', '1', '113.110.226.134', 'nc-nginx', '172.18.32.205:1081');
INSERT INTO `upms_api_visit` VALUES ('3246', '88', '20200815', '17', '30', '1', '119.139.197.53', 'nc-nginx', '172.18.32.205:1081');
INSERT INTO `upms_api_visit` VALUES ('3247', '71', '20200815', '17', null, '2', '113.110.226.134', 'nc-nginx', '172.18.32.205:1081');
INSERT INTO `upms_api_visit` VALUES ('3248', '73', '20200815', '17', null, '1', '113.110.226.134', 'nc-nginx', '172.18.32.205:1081');
INSERT INTO `upms_api_visit` VALUES ('3249', '72', '20200815', '17', null, '2', '113.88.96.41', 'nc-nginx', '172.18.32.205:1081');
INSERT INTO `upms_api_visit` VALUES ('3250', '122', '20200815', '17', null, '1', '172.18.32.205', 'worldTree', '172.18.32.205:1081');
INSERT INTO `upms_api_visit` VALUES ('3251', '60', '20200815', '17', null, '9', '113.110.226.134', 'nc-nginx', '172.18.32.205:1081');
INSERT INTO `upms_api_visit` VALUES ('3252', '100', '20200815', '17', null, '1', '119.139.197.53', 'nc-nginx', '172.18.32.205:1081');
INSERT INTO `upms_api_visit` VALUES ('3253', '80', '20200815', '17', '30', '1', '119.139.197.53', 'nc-nginx', '172.18.32.205:1081');
INSERT INTO `upms_api_visit` VALUES ('3254', '75', '20200815', '17', null, '2', '113.88.96.41', 'nc-nginx', '172.18.32.205:1081');
INSERT INTO `upms_api_visit` VALUES ('3255', '72', '20200815', '17', null, '3', '172.18.32.205', 'chat', '172.18.32.205:1081');
INSERT INTO `upms_api_visit` VALUES ('3256', '74', '20200815', '17', null, '1', '113.110.226.134', 'nc-nginx', '172.18.32.205:1081');
INSERT INTO `upms_api_visit` VALUES ('3257', '71', '20200815', '17', null, '1', '119.139.197.53', 'nc-nginx', '172.18.32.205:1081');
INSERT INTO `upms_api_visit` VALUES ('3258', '167', '20200815', '17', '30', '2', '113.88.96.41', 'nc-nginx', '172.18.32.205:1081');
INSERT INTO `upms_api_visit` VALUES ('3259', '108', '20200815', '17', '30', '2', '113.110.226.134', 'nc-nginx', '172.18.32.205:1081');
INSERT INTO `upms_api_visit` VALUES ('3260', '51', '20200815', '17', null, '2', '113.110.226.134', 'nc-nginx', '172.18.32.205:1081');
INSERT INTO `upms_api_visit` VALUES ('3261', '101', '20200815', '17', null, '12', '113.110.226.134', 'nc-nginx', '172.18.32.205:1081');
INSERT INTO `upms_api_visit` VALUES ('3262', '88', '20200815', '17', '30', '4', '113.110.226.134', 'nc-nginx', '172.18.32.205:1081');
INSERT INTO `upms_api_visit` VALUES ('3263', '122', '20200815', '18', null, '1', '172.18.32.205', 'article', '172.18.32.205:1081');
INSERT INTO `upms_api_visit` VALUES ('3264', '122', '20200815', '18', null, '1', '172.18.32.205', 'chat', '172.18.32.205:1081');
INSERT INTO `upms_api_visit` VALUES ('3265', '122', '20200815', '18', null, '1', '172.18.32.205', 'worldTree', '172.18.32.205:1081');
INSERT INTO `upms_api_visit` VALUES ('3266', '122', '20200815', '18', null, '1', '172.18.32.205', 'pcgl', '172.18.32.205:1081');
INSERT INTO `upms_api_visit` VALUES ('3267', '115', '20200815', '18', '30', '1', '119.139.197.53', 'nc-nginx', '172.18.32.205:1081');
INSERT INTO `upms_api_visit` VALUES ('3268', '155', '20200815', '18', '30', '2', '113.110.226.134', 'nc-nginx', '172.18.32.205:1081');
INSERT INTO `upms_api_visit` VALUES ('3269', '115', '20200815', '18', '30', '2', '113.110.226.134', 'nc-nginx', '172.18.32.205:1081');
INSERT INTO `upms_api_visit` VALUES ('3270', '81', '20200815', '18', '30', '3', '113.110.226.134', 'nc-nginx', '172.18.32.205:1081');
INSERT INTO `upms_api_visit` VALUES ('3271', '119', '20200815', '18', '30', '1', '113.110.226.134', 'nc-nginx', '172.18.32.205:1081');
INSERT INTO `upms_api_visit` VALUES ('3272', '155', '20200815', '18', '30', '1', '119.139.197.53', 'nc-nginx', '172.18.32.205:1081');
INSERT INTO `upms_api_visit` VALUES ('3273', '202', '20200815', '18', null, '1', '172.18.32.205', 'chat', '172.18.32.205:1081');
INSERT INTO `upms_api_visit` VALUES ('3274', '107', '20200815', '18', '30', '1', '113.110.226.134', 'nc-nginx', '172.18.32.205:1081');
INSERT INTO `upms_api_visit` VALUES ('3275', '197', '20200815', '18', '30', '1', '113.110.226.134', 'nc-nginx', '172.18.32.205:1081');
INSERT INTO `upms_api_visit` VALUES ('3276', '88', '20200815', '18', '30', '1', '113.110.226.134', 'nc-nginx', '172.18.32.205:1081');
INSERT INTO `upms_api_visit` VALUES ('3277', '167', '20200815', '18', '30', '4', '113.110.226.134', 'nc-nginx', '172.18.32.205:1081');
INSERT INTO `upms_api_visit` VALUES ('3278', '158', '20200815', '18', '30', '2', '113.110.226.134', 'nc-nginx', '172.18.32.205:1081');
INSERT INTO `upms_api_visit` VALUES ('3279', '72', '20200815', '18', null, '1', '172.18.32.205', 'chat', '172.18.32.205:1081');
INSERT INTO `upms_api_visit` VALUES ('3280', '107', '20200815', '18', '30', '1', '119.139.197.53', 'nc-nginx', '172.18.32.205:1081');
INSERT INTO `upms_api_visit` VALUES ('3281', '122', '20200815', '19', null, '1', '172.18.32.205', 'worldTree', '172.18.32.205:1081');
INSERT INTO `upms_api_visit` VALUES ('3282', '122', '20200815', '19', null, '1', '172.18.32.205', 'chat', '172.18.32.205:1081');
INSERT INTO `upms_api_visit` VALUES ('3283', '122', '20200815', '19', null, '1', '172.18.32.205', 'article', '172.18.32.205:1081');
INSERT INTO `upms_api_visit` VALUES ('3284', '122', '20200815', '19', null, '1', '172.18.32.205', 'pcgl', '172.18.32.205:1081');
INSERT INTO `upms_api_visit` VALUES ('3285', '122', '20200815', '20', null, '1', '172.18.32.205', 'chat', '172.18.32.205:1081');
INSERT INTO `upms_api_visit` VALUES ('3286', '122', '20200815', '20', null, '1', '172.18.32.205', 'worldTree', '172.18.32.205:1081');
INSERT INTO `upms_api_visit` VALUES ('3287', '122', '20200815', '20', null, '1', '172.18.32.205', 'pcgl', '172.18.32.205:1081');
INSERT INTO `upms_api_visit` VALUES ('3288', '122', '20200815', '20', null, '1', '172.18.32.205', 'article', '172.18.32.205:1081');
INSERT INTO `upms_api_visit` VALUES ('3289', '122', '20200815', '21', null, '1', '172.18.32.205', 'worldTree', '172.18.32.205:1081');
INSERT INTO `upms_api_visit` VALUES ('3290', '122', '20200815', '21', null, '1', '172.18.32.205', 'pcgl', '172.18.32.205:1081');
INSERT INTO `upms_api_visit` VALUES ('3291', '122', '20200815', '21', null, '1', '172.18.32.205', 'chat', '172.18.32.205:1081');
INSERT INTO `upms_api_visit` VALUES ('3292', '122', '20200815', '21', null, '1', '172.18.32.205', 'article', '172.18.32.205:1081');
INSERT INTO `upms_api_visit` VALUES ('3293', '122', '20200815', '22', null, '1', '172.18.32.205', 'pcgl', '172.18.32.205:1081');
INSERT INTO `upms_api_visit` VALUES ('3294', '122', '20200815', '22', null, '1', '172.18.32.205', 'worldTree', '172.18.32.205:1081');
INSERT INTO `upms_api_visit` VALUES ('3295', '122', '20200815', '22', null, '1', '172.18.32.205', 'article', '172.18.32.205:1081');
INSERT INTO `upms_api_visit` VALUES ('3296', '122', '20200815', '22', null, '1', '172.18.32.205', 'chat', '172.18.32.205:1081');
INSERT INTO `upms_api_visit` VALUES ('3297', '122', '20200815', '23', null, '1', '172.18.32.205', 'pcgl', '172.18.32.205:1081');
INSERT INTO `upms_api_visit` VALUES ('3298', '122', '20200815', '23', null, '1', '172.18.32.205', 'worldTree', '172.18.32.205:1081');
INSERT INTO `upms_api_visit` VALUES ('3299', '122', '20200815', '23', null, '1', '172.18.32.205', 'chat', '172.18.32.205:1081');
INSERT INTO `upms_api_visit` VALUES ('3300', '122', '20200815', '23', null, '1', '172.18.32.205', 'article', '172.18.32.205:1081');
INSERT INTO `upms_api_visit` VALUES ('3301', '122', '20200816', '00', null, '1', '172.18.32.205', 'worldTree', '172.18.32.205:1081');
INSERT INTO `upms_api_visit` VALUES ('3302', '122', '20200816', '00', null, '1', '172.18.32.205', 'pcgl', '172.18.32.205:1081');
INSERT INTO `upms_api_visit` VALUES ('3303', '122', '20200816', '00', null, '1', '172.18.32.205', 'article', '172.18.32.205:1081');
INSERT INTO `upms_api_visit` VALUES ('3304', '122', '20200816', '00', null, '1', '172.18.32.205', 'chat', '172.18.32.205:1081');
INSERT INTO `upms_api_visit` VALUES ('3305', '122', '20200816', '01', null, '1', '172.18.32.205', 'article', '172.18.32.205:1081');
INSERT INTO `upms_api_visit` VALUES ('3306', '122', '20200816', '01', null, '1', '172.18.32.205', 'chat', '172.18.32.205:1081');
INSERT INTO `upms_api_visit` VALUES ('3307', '122', '20200816', '01', null, '1', '172.18.32.205', 'pcgl', '172.18.32.205:1081');
INSERT INTO `upms_api_visit` VALUES ('3308', '122', '20200816', '01', null, '1', '172.18.32.205', 'worldTree', '172.18.32.205:1081');
INSERT INTO `upms_api_visit` VALUES ('3309', '122', '20200816', '02', null, '1', '172.18.32.205', 'article', '172.18.32.205:1081');
INSERT INTO `upms_api_visit` VALUES ('3310', '122', '20200816', '02', null, '1', '172.18.32.205', 'chat', '172.18.32.205:1081');
INSERT INTO `upms_api_visit` VALUES ('3311', '122', '20200816', '02', null, '1', '172.18.32.205', 'pcgl', '172.18.32.205:1081');
INSERT INTO `upms_api_visit` VALUES ('3312', '122', '20200816', '02', null, '1', '172.18.32.205', 'worldTree', '172.18.32.205:1081');
INSERT INTO `upms_api_visit` VALUES ('3313', '72', '20200816', '03', null, '1', '218.18.153.226', 'nc-nginx', '172.18.32.205:1081');
INSERT INTO `upms_api_visit` VALUES ('3314', '122', '20200816', '03', null, '1', '172.18.32.205', 'chat', '172.18.32.205:1081');
INSERT INTO `upms_api_visit` VALUES ('3315', '55', '20200816', '03', null, '1', '218.18.153.226', 'nc-nginx', '172.18.32.205:1081');
INSERT INTO `upms_api_visit` VALUES ('3316', '122', '20200816', '03', null, '1', '172.18.32.205', 'article', '172.18.32.205:1081');
INSERT INTO `upms_api_visit` VALUES ('3317', '81', '20200816', '03', '30', '5', '218.18.153.226', 'nc-nginx', '172.18.32.205:1081');
INSERT INTO `upms_api_visit` VALUES ('3318', '74', '20200816', '03', null, '1', '218.18.153.226', 'nc-nginx', '172.18.32.205:1081');
INSERT INTO `upms_api_visit` VALUES ('3319', '60', '20200816', '03', null, '1', '218.18.153.226', 'nc-nginx', '172.18.32.205:1081');
INSERT INTO `upms_api_visit` VALUES ('3320', '110', '20200816', '03', '30', '1', '218.18.153.226', 'nc-nginx', '172.18.32.205:1081');
INSERT INTO `upms_api_visit` VALUES ('3321', '72', '20200816', '03', null, '1', '172.18.32.205', 'chat', '172.18.32.205:1081');
INSERT INTO `upms_api_visit` VALUES ('3322', '202', '20200816', '03', null, '1', '172.18.32.205', 'chat', '172.18.32.205:1081');
INSERT INTO `upms_api_visit` VALUES ('3323', '67', '20200816', '03', null, '1', '218.18.153.226', 'nc-nginx', '172.18.32.205:1081');
INSERT INTO `upms_api_visit` VALUES ('3324', '122', '20200816', '03', null, '1', '172.18.32.205', 'pcgl', '172.18.32.205:1081');
INSERT INTO `upms_api_visit` VALUES ('3325', '122', '20200816', '03', null, '1', '172.18.32.205', 'worldTree', '172.18.32.205:1081');
INSERT INTO `upms_api_visit` VALUES ('3326', '80', '20200816', '03', '30', '2', '218.18.153.226', 'nc-nginx', '172.18.32.205:1081');
INSERT INTO `upms_api_visit` VALUES ('3327', '122', '20200816', '04', null, '1', '172.18.32.205', 'worldTree', '172.18.32.205:1081');
INSERT INTO `upms_api_visit` VALUES ('3328', '122', '20200816', '04', null, '1', '172.18.32.205', 'pcgl', '172.18.32.205:1081');
INSERT INTO `upms_api_visit` VALUES ('3329', '122', '20200816', '04', null, '1', '172.18.32.205', 'chat', '172.18.32.205:1081');
INSERT INTO `upms_api_visit` VALUES ('3330', '122', '20200816', '04', null, '1', '172.18.32.205', 'article', '172.18.32.205:1081');
INSERT INTO `upms_api_visit` VALUES ('3331', '122', '20200816', '05', null, '1', '172.18.32.205', 'worldTree', '172.18.32.205:1081');
INSERT INTO `upms_api_visit` VALUES ('3332', '81', '20200816', '05', '30', '2', '218.18.153.226', 'nc-nginx', '172.18.32.205:1081');
INSERT INTO `upms_api_visit` VALUES ('3333', '122', '20200816', '05', null, '1', '172.18.32.205', 'chat', '172.18.32.205:1081');
INSERT INTO `upms_api_visit` VALUES ('3334', '107', '20200816', '05', '30', '2', '218.18.153.226', 'nc-nginx', '172.18.32.205:1081');
INSERT INTO `upms_api_visit` VALUES ('3335', '122', '20200816', '05', null, '1', '172.18.32.205', 'article', '172.18.32.205:1081');
INSERT INTO `upms_api_visit` VALUES ('3336', '80', '20200816', '05', '30', '1', '218.18.153.226', 'nc-nginx', '172.18.32.205:1081');
INSERT INTO `upms_api_visit` VALUES ('3337', '88', '20200816', '05', '30', '1', '218.18.153.226', 'nc-nginx', '172.18.32.205:1081');
INSERT INTO `upms_api_visit` VALUES ('3338', '122', '20200816', '05', null, '1', '172.18.32.205', 'pcgl', '172.18.32.205:1081');
INSERT INTO `upms_api_visit` VALUES ('3339', '122', '20200816', '06', null, '1', '172.18.32.205', 'pcgl', '172.18.32.205:1081');
INSERT INTO `upms_api_visit` VALUES ('3340', '122', '20200816', '06', null, '1', '172.18.32.205', 'article', '172.18.32.205:1081');
INSERT INTO `upms_api_visit` VALUES ('3341', '122', '20200816', '06', null, '1', '172.18.32.205', 'worldTree', '172.18.32.205:1081');
INSERT INTO `upms_api_visit` VALUES ('3342', '122', '20200816', '06', null, '1', '172.18.32.205', 'chat', '172.18.32.205:1081');
INSERT INTO `upms_api_visit` VALUES ('3343', '122', '20200816', '07', null, '1', '172.18.32.205', 'article', '172.18.32.205:1081');
INSERT INTO `upms_api_visit` VALUES ('3344', '122', '20200816', '07', null, '1', '172.18.32.205', 'chat', '172.18.32.205:1081');
INSERT INTO `upms_api_visit` VALUES ('3345', '122', '20200816', '07', null, '1', '172.18.32.205', 'worldTree', '172.18.32.205:1081');
INSERT INTO `upms_api_visit` VALUES ('3346', '122', '20200816', '07', null, '1', '172.18.32.205', 'pcgl', '172.18.32.205:1081');
INSERT INTO `upms_api_visit` VALUES ('3347', '122', '20200816', '08', null, '1', '172.18.32.205', 'article', '172.18.32.205:1081');
INSERT INTO `upms_api_visit` VALUES ('3348', '122', '20200816', '08', null, '1', '172.18.32.205', 'chat', '172.18.32.205:1081');
INSERT INTO `upms_api_visit` VALUES ('3349', '122', '20200816', '08', null, '1', '172.18.32.205', 'worldTree', '172.18.32.205:1081');
INSERT INTO `upms_api_visit` VALUES ('3350', '122', '20200816', '08', null, '1', '172.18.32.205', 'pcgl', '172.18.32.205:1081');
INSERT INTO `upms_api_visit` VALUES ('3351', '122', '20200816', '09', null, '1', '172.18.32.205', 'chat', '172.18.32.205:1081');
INSERT INTO `upms_api_visit` VALUES ('3352', '122', '20200816', '09', null, '1', '172.18.32.205', 'article', '172.18.32.205:1081');
INSERT INTO `upms_api_visit` VALUES ('3353', '122', '20200816', '09', null, '1', '172.18.32.205', 'worldTree', '172.18.32.205:1081');
INSERT INTO `upms_api_visit` VALUES ('3354', '122', '20200816', '09', null, '1', '172.18.32.205', 'pcgl', '172.18.32.205:1081');
INSERT INTO `upms_api_visit` VALUES ('3355', '122', '20200816', '10', null, '1', '172.18.32.205', 'chat', '172.18.32.205:1081');
INSERT INTO `upms_api_visit` VALUES ('3356', '122', '20200816', '10', null, '1', '172.18.32.205', 'worldTree', '172.18.32.205:1081');
INSERT INTO `upms_api_visit` VALUES ('3357', '122', '20200816', '10', null, '1', '172.18.32.205', 'pcgl', '172.18.32.205:1081');
INSERT INTO `upms_api_visit` VALUES ('3358', '122', '20200816', '10', null, '1', '172.18.32.205', 'article', '172.18.32.205:1081');
INSERT INTO `upms_api_visit` VALUES ('3359', '55', '20200816', '11', null, '3', '61.48.213.156', 'nc-nginx', '172.18.32.205:1081');
INSERT INTO `upms_api_visit` VALUES ('3360', '122', '20200816', '11', null, '1', '172.18.32.205', 'pcgl', '172.18.32.205:1081');
INSERT INTO `upms_api_visit` VALUES ('3361', '122', '20200816', '11', null, '1', '172.18.32.205', 'worldTree', '172.18.32.205:1081');
INSERT INTO `upms_api_visit` VALUES ('3362', '122', '20200816', '11', null, '1', '172.18.32.205', 'chat', '172.18.32.205:1081');
INSERT INTO `upms_api_visit` VALUES ('3363', '122', '20200816', '11', null, '1', '172.18.32.205', 'article', '172.18.32.205:1081');
INSERT INTO `upms_api_visit` VALUES ('3364', '122', '20200816', '12', null, '1', '172.18.32.205', 'pcgl', '172.18.32.205:1081');
INSERT INTO `upms_api_visit` VALUES ('3365', '71', '20200816', '12', null, '1', '61.48.213.156', 'nc-nginx', '172.18.32.205:1081');
INSERT INTO `upms_api_visit` VALUES ('3366', '149', '20200816', '12', null, '1', '61.48.213.156', 'nc-nginx', '172.18.32.205:1081');
INSERT INTO `upms_api_visit` VALUES ('3367', '67', '20200816', '12', null, '1', '61.48.213.156', 'nc-nginx', '172.18.32.205:1081');
INSERT INTO `upms_api_visit` VALUES ('3368', '186', '20200816', '12', null, '1', '61.48.213.156', 'nc-nginx', '172.18.32.205:1081');
INSERT INTO `upms_api_visit` VALUES ('3369', '202', '20200816', '12', null, '1', '172.18.32.205', 'chat', '172.18.32.205:1081');
INSERT INTO `upms_api_visit` VALUES ('3370', '88', '20200816', '12', '30', '1', '61.48.213.156', 'nc-nginx', '172.18.32.205:1081');
INSERT INTO `upms_api_visit` VALUES ('3371', '60', '20200816', '12', null, '3', '61.48.213.156', 'nc-nginx', '172.18.32.205:1081');
INSERT INTO `upms_api_visit` VALUES ('3372', '81', '20200816', '12', '30', '3', '61.48.213.156', 'nc-nginx', '172.18.32.205:1081');
INSERT INTO `upms_api_visit` VALUES ('3373', '55', '20200816', '12', null, '1', '61.48.213.156', 'nc-nginx', '172.18.32.205:1081');
INSERT INTO `upms_api_visit` VALUES ('3374', '107', '20200816', '12', '30', '2', '61.48.213.156', 'nc-nginx', '172.18.32.205:1081');
INSERT INTO `upms_api_visit` VALUES ('3375', '122', '20200816', '12', null, '1', '172.18.32.205', 'article', '172.18.32.205:1081');
INSERT INTO `upms_api_visit` VALUES ('3376', '122', '20200816', '12', null, '1', '172.18.32.205', 'chat', '172.18.32.205:1081');
INSERT INTO `upms_api_visit` VALUES ('3377', '56', '20200816', '12', null, '2', '61.48.213.156', 'nc-nginx', '172.18.32.205:1081');
INSERT INTO `upms_api_visit` VALUES ('3378', '72', '20200816', '12', null, '1', '172.18.32.205', 'chat', '172.18.32.205:1081');
INSERT INTO `upms_api_visit` VALUES ('3379', '122', '20200816', '12', null, '1', '172.18.32.205', 'worldTree', '172.18.32.205:1081');
INSERT INTO `upms_api_visit` VALUES ('3380', '72', '20200816', '12', null, '1', '61.48.213.156', 'nc-nginx', '172.18.32.205:1081');
INSERT INTO `upms_api_visit` VALUES ('3381', '80', '20200816', '12', '30', '1', '61.48.213.156', 'nc-nginx', '172.18.32.205:1081');
INSERT INTO `upms_api_visit` VALUES ('3382', '171', '20200816', '12', null, '1', '61.48.213.156', 'nc-nginx', '172.18.32.205:1081');
INSERT INTO `upms_api_visit` VALUES ('3383', '74', '20200816', '12', null, '1', '61.48.213.156', 'nc-nginx', '172.18.32.205:1081');
INSERT INTO `upms_api_visit` VALUES ('3384', '51', '20200816', '12', null, '1', '61.48.213.156', 'nc-nginx', '172.18.32.205:1081');
INSERT INTO `upms_api_visit` VALUES ('3385', '101', '20200816', '12', null, '6', '61.48.213.156', 'nc-nginx', '172.18.32.205:1081');
INSERT INTO `upms_api_visit` VALUES ('3386', '122', '20200816', '13', null, '1', '172.18.32.205', 'worldTree', '172.18.32.205:1081');
INSERT INTO `upms_api_visit` VALUES ('3387', '122', '20200816', '13', null, '1', '172.18.32.205', 'pcgl', '172.18.32.205:1081');
INSERT INTO `upms_api_visit` VALUES ('3388', '122', '20200816', '13', null, '1', '172.18.32.205', 'chat', '172.18.32.205:1081');
INSERT INTO `upms_api_visit` VALUES ('3389', '122', '20200816', '13', null, '1', '172.18.32.205', 'article', '172.18.32.205:1081');
INSERT INTO `upms_api_visit` VALUES ('3390', '122', '20200816', '14', null, '1', '172.18.32.205', 'article', '172.18.32.205:1081');
INSERT INTO `upms_api_visit` VALUES ('3391', '122', '20200816', '14', null, '1', '172.18.32.205', 'pcgl', '172.18.32.205:1081');
INSERT INTO `upms_api_visit` VALUES ('3392', '122', '20200816', '14', null, '1', '172.18.32.205', 'worldTree', '172.18.32.205:1081');
INSERT INTO `upms_api_visit` VALUES ('3393', '122', '20200816', '14', null, '1', '172.18.32.205', 'chat', '172.18.32.205:1081');
INSERT INTO `upms_api_visit` VALUES ('3394', '122', '20200816', '15', null, '1', '172.18.32.205', 'chat', '172.18.32.205:1081');
INSERT INTO `upms_api_visit` VALUES ('3395', '122', '20200816', '15', null, '1', '172.18.32.205', 'article', '172.18.32.205:1081');
INSERT INTO `upms_api_visit` VALUES ('3396', '122', '20200816', '15', null, '1', '172.18.32.205', 'pcgl', '172.18.32.205:1081');
INSERT INTO `upms_api_visit` VALUES ('3397', '122', '20200816', '15', null, '1', '172.18.32.205', 'worldTree', '172.18.32.205:1081');
INSERT INTO `upms_api_visit` VALUES ('3398', '60', '20200816', '16', null, '9', '127.0.0.1', 'nc-nginx', '192.168.31.19:1081');
INSERT INTO `upms_api_visit` VALUES ('3399', '56', '20200816', '16', null, '3', '127.0.0.1', 'nc-nginx', '192.168.31.19:1081');
INSERT INTO `upms_api_visit` VALUES ('3400', '67', '20200816', '16', null, '11', '127.0.0.1', 'nc-nginx', '192.168.31.19:1081');
INSERT INTO `upms_api_visit` VALUES ('3401', '101', '20200816', '16', null, '18', '127.0.0.1', 'nc-nginx', '192.168.31.19:1081');
INSERT INTO `upms_api_visit` VALUES ('3402', '55', '20200816', '16', null, '9', '127.0.0.1', 'nc-nginx', '192.168.31.19:1081');
INSERT INTO `upms_api_visit` VALUES ('3403', '122', '20200816', '16', null, '1', '172.18.32.205', 'chat', '172.18.32.205:1081');
INSERT INTO `upms_api_visit` VALUES ('3404', '122', '20200816', '16', null, '1', '172.18.32.205', 'article', '172.18.32.205:1081');
INSERT INTO `upms_api_visit` VALUES ('3405', '122', '20200816', '16', null, '1', '172.18.32.205', 'worldTree', '172.18.32.205:1081');
INSERT INTO `upms_api_visit` VALUES ('3406', '122', '20200816', '16', null, '1', '172.18.32.205', 'pcgl', '172.18.32.205:1081');
INSERT INTO `upms_api_visit` VALUES ('3407', '122', '20200816', '17', null, '1', '172.18.32.205', 'chat', '172.18.32.205:1081');
INSERT INTO `upms_api_visit` VALUES ('3408', '122', '20200816', '17', null, '1', '172.18.32.205', 'article', '172.18.32.205:1081');
INSERT INTO `upms_api_visit` VALUES ('3409', '122', '20200816', '17', null, '1', '172.18.32.205', 'pcgl', '172.18.32.205:1081');
INSERT INTO `upms_api_visit` VALUES ('3410', '122', '20200816', '17', null, '1', '172.18.32.205', 'worldTree', '172.18.32.205:1081');
INSERT INTO `upms_api_visit` VALUES ('3411', '122', '20200816', '18', null, '1', '172.18.32.205', 'article', '172.18.32.205:1081');
INSERT INTO `upms_api_visit` VALUES ('3412', '122', '20200816', '18', null, '1', '172.18.32.205', 'chat', '172.18.32.205:1081');
INSERT INTO `upms_api_visit` VALUES ('3413', '122', '20200816', '18', null, '1', '172.18.32.205', 'worldTree', '172.18.32.205:1081');
INSERT INTO `upms_api_visit` VALUES ('3414', '122', '20200816', '18', null, '1', '172.18.32.205', 'pcgl', '172.18.32.205:1081');
INSERT INTO `upms_api_visit` VALUES ('3415', '56', '20200816', '19', null, '3', '127.0.0.1', 'nc-nginx', '192.168.31.19:1081');
INSERT INTO `upms_api_visit` VALUES ('3416', '54', '20200816', '19', null, '1', '127.0.0.1', 'nc-nginx', '192.168.31.19:1081');
INSERT INTO `upms_api_visit` VALUES ('3417', '55', '20200816', '19', null, '1', '127.0.0.1', 'nc-nginx', '192.168.31.19:1081');
INSERT INTO `upms_api_visit` VALUES ('3418', '67', '20200816', '19', null, '1', '127.0.0.1', 'nc-nginx', '192.168.31.19:1081');
INSERT INTO `upms_api_visit` VALUES ('3419', '60', '20200816', '19', null, '1', '127.0.0.1', 'nc-nginx', '192.168.31.19:1081');
INSERT INTO `upms_api_visit` VALUES ('3420', '122', '20200816', '19', null, '1', '172.18.32.205', 'article', '172.18.32.205:1081');
INSERT INTO `upms_api_visit` VALUES ('3421', '122', '20200816', '19', null, '1', '172.18.32.205', 'chat', '172.18.32.205:1081');
INSERT INTO `upms_api_visit` VALUES ('3422', '122', '20200816', '19', null, '1', '172.18.32.205', 'pcgl', '172.18.32.205:1081');
INSERT INTO `upms_api_visit` VALUES ('3423', '122', '20200816', '19', null, '1', '172.18.32.205', 'worldTree', '172.18.32.205:1081');
INSERT INTO `upms_api_visit` VALUES ('3424', '122', '20200816', '20', null, '1', '172.18.32.205', 'article', '172.18.32.205:1081');
INSERT INTO `upms_api_visit` VALUES ('3425', '122', '20200816', '20', null, '1', '172.18.32.205', 'pcgl', '172.18.32.205:1081');
INSERT INTO `upms_api_visit` VALUES ('3426', '122', '20200816', '20', null, '1', '172.18.32.205', 'worldTree', '172.18.32.205:1081');
INSERT INTO `upms_api_visit` VALUES ('3427', '122', '20200816', '20', null, '1', '172.18.32.205', 'chat', '172.18.32.205:1081');
INSERT INTO `upms_api_visit` VALUES ('3428', '122', '20200816', '21', null, '1', '172.18.32.205', 'article', '172.18.32.205:1081');
INSERT INTO `upms_api_visit` VALUES ('3429', '122', '20200816', '21', null, '1', '172.18.32.205', 'chat', '172.18.32.205:1081');
INSERT INTO `upms_api_visit` VALUES ('3430', '122', '20200816', '21', null, '1', '172.18.32.205', 'worldTree', '172.18.32.205:1081');
INSERT INTO `upms_api_visit` VALUES ('3431', '122', '20200816', '21', null, '1', '172.18.32.205', 'pcgl', '172.18.32.205:1081');
INSERT INTO `upms_api_visit` VALUES ('3432', '122', '20200816', '22', null, '1', '172.18.32.205', 'chat', '172.18.32.205:1081');
INSERT INTO `upms_api_visit` VALUES ('3433', '122', '20200816', '22', null, '1', '172.18.32.205', 'worldTree', '172.18.32.205:1081');
INSERT INTO `upms_api_visit` VALUES ('3434', '122', '20200816', '22', null, '1', '172.18.32.205', 'pcgl', '172.18.32.205:1081');
INSERT INTO `upms_api_visit` VALUES ('3435', '122', '20200816', '22', null, '1', '172.18.32.205', 'article', '172.18.32.205:1081');
INSERT INTO `upms_api_visit` VALUES ('3436', '101', '20200816', '23', null, '24', '123.113.248.162', 'nc-nginx', '172.18.32.205:1081');
INSERT INTO `upms_api_visit` VALUES ('3437', '60', '20200816', '23', null, '1', '123.113.248.162', 'nc-nginx', '172.18.32.205:1081');
INSERT INTO `upms_api_visit` VALUES ('3438', '122', '20200816', '23', null, '1', '172.18.32.205', 'chat', '172.18.32.205:1081');
INSERT INTO `upms_api_visit` VALUES ('3439', '56', '20200816', '23', null, '1', '123.113.248.162', 'nc-nginx', '172.18.32.205:1081');
INSERT INTO `upms_api_visit` VALUES ('3440', '122', '20200816', '23', null, '1', '172.18.32.205', 'worldTree', '172.18.32.205:1081');
INSERT INTO `upms_api_visit` VALUES ('3441', '122', '20200816', '23', null, '1', '172.18.32.205', 'pcgl', '172.18.32.205:1081');
INSERT INTO `upms_api_visit` VALUES ('3442', '122', '20200816', '23', null, '1', '172.18.32.205', 'article', '172.18.32.205:1081');
INSERT INTO `upms_api_visit` VALUES ('3443', '55', '20200816', '23', null, '1', '123.113.248.162', 'nc-nginx', '172.18.32.205:1081');
INSERT INTO `upms_api_visit` VALUES ('3444', '67', '20200816', '23', null, '1', '123.113.248.162', 'nc-nginx', '172.18.32.205:1081');
INSERT INTO `upms_api_visit` VALUES ('3445', '122', '20200817', '00', null, '1', '172.18.32.205', 'pcgl', '172.18.32.205:1081');
INSERT INTO `upms_api_visit` VALUES ('3446', '122', '20200817', '00', null, '1', '172.18.32.205', 'article', '172.18.32.205:1081');
INSERT INTO `upms_api_visit` VALUES ('3447', '122', '20200817', '00', null, '1', '172.18.32.205', 'chat', '172.18.32.205:1081');
INSERT INTO `upms_api_visit` VALUES ('3448', '122', '20200817', '00', null, '1', '172.18.32.205', 'worldTree', '172.18.32.205:1081');
INSERT INTO `upms_api_visit` VALUES ('3449', '122', '20200817', '01', null, '1', '172.18.32.205', 'worldTree', '172.18.32.205:1081');
INSERT INTO `upms_api_visit` VALUES ('3450', '122', '20200817', '01', null, '1', '172.18.32.205', 'pcgl', '172.18.32.205:1081');
INSERT INTO `upms_api_visit` VALUES ('3451', '122', '20200817', '01', null, '1', '172.18.32.205', 'chat', '172.18.32.205:1081');
INSERT INTO `upms_api_visit` VALUES ('3452', '122', '20200817', '01', null, '1', '172.18.32.205', 'article', '172.18.32.205:1081');
INSERT INTO `upms_api_visit` VALUES ('3453', '122', '20200817', '02', null, '1', '172.18.32.205', 'pcgl', '172.18.32.205:1081');
INSERT INTO `upms_api_visit` VALUES ('3454', '122', '20200817', '02', null, '1', '172.18.32.205', 'worldTree', '172.18.32.205:1081');
INSERT INTO `upms_api_visit` VALUES ('3455', '122', '20200817', '02', null, '1', '172.18.32.205', 'article', '172.18.32.205:1081');
INSERT INTO `upms_api_visit` VALUES ('3456', '122', '20200817', '02', null, '1', '172.18.32.205', 'chat', '172.18.32.205:1081');
INSERT INTO `upms_api_visit` VALUES ('3457', '122', '20200817', '03', null, '1', '172.18.32.205', 'pcgl', '172.18.32.205:1081');
INSERT INTO `upms_api_visit` VALUES ('3458', '122', '20200817', '03', null, '1', '172.18.32.205', 'worldTree', '172.18.32.205:1081');
INSERT INTO `upms_api_visit` VALUES ('3459', '122', '20200817', '03', null, '1', '172.18.32.205', 'chat', '172.18.32.205:1081');
INSERT INTO `upms_api_visit` VALUES ('3460', '122', '20200817', '03', null, '1', '172.18.32.205', 'article', '172.18.32.205:1081');
INSERT INTO `upms_api_visit` VALUES ('3461', '122', '20200817', '04', null, '1', '172.18.32.205', 'article', '172.18.32.205:1081');
INSERT INTO `upms_api_visit` VALUES ('3462', '122', '20200817', '04', null, '1', '172.18.32.205', 'worldTree', '172.18.32.205:1081');
INSERT INTO `upms_api_visit` VALUES ('3463', '122', '20200817', '04', null, '1', '172.18.32.205', 'pcgl', '172.18.32.205:1081');
INSERT INTO `upms_api_visit` VALUES ('3464', '122', '20200817', '04', null, '1', '172.18.32.205', 'chat', '172.18.32.205:1081');
INSERT INTO `upms_api_visit` VALUES ('3465', '122', '20200817', '05', null, '1', '172.18.32.205', 'chat', '172.18.32.205:1081');
INSERT INTO `upms_api_visit` VALUES ('3466', '122', '20200817', '05', null, '1', '172.18.32.205', 'article', '172.18.32.205:1081');
INSERT INTO `upms_api_visit` VALUES ('3467', '122', '20200817', '05', null, '1', '172.18.32.205', 'worldTree', '172.18.32.205:1081');
INSERT INTO `upms_api_visit` VALUES ('3468', '122', '20200817', '05', null, '1', '172.18.32.205', 'pcgl', '172.18.32.205:1081');
INSERT INTO `upms_api_visit` VALUES ('3469', '122', '20200817', '06', null, '1', '172.18.32.205', 'chat', '172.18.32.205:1081');
INSERT INTO `upms_api_visit` VALUES ('3470', '122', '20200817', '06', null, '1', '172.18.32.205', 'article', '172.18.32.205:1081');
INSERT INTO `upms_api_visit` VALUES ('3471', '122', '20200817', '06', null, '1', '172.18.32.205', 'worldTree', '172.18.32.205:1081');
INSERT INTO `upms_api_visit` VALUES ('3472', '122', '20200817', '06', null, '1', '172.18.32.205', 'pcgl', '172.18.32.205:1081');
INSERT INTO `upms_api_visit` VALUES ('3473', '122', '20200817', '07', null, '1', '172.18.32.205', 'chat', '172.18.32.205:1081');
INSERT INTO `upms_api_visit` VALUES ('3474', '122', '20200817', '07', null, '1', '172.18.32.205', 'article', '172.18.32.205:1081');
INSERT INTO `upms_api_visit` VALUES ('3475', '122', '20200817', '07', null, '1', '172.18.32.205', 'pcgl', '172.18.32.205:1081');
INSERT INTO `upms_api_visit` VALUES ('3476', '122', '20200817', '07', null, '1', '172.18.32.205', 'worldTree', '172.18.32.205:1081');
INSERT INTO `upms_api_visit` VALUES ('3477', '122', '20200817', '08', null, '1', '172.18.32.205', 'article', '172.18.32.205:1081');
INSERT INTO `upms_api_visit` VALUES ('3478', '122', '20200817', '08', null, '1', '172.18.32.205', 'chat', '172.18.32.205:1081');
INSERT INTO `upms_api_visit` VALUES ('3479', '122', '20200817', '08', null, '1', '172.18.32.205', 'worldTree', '172.18.32.205:1081');
INSERT INTO `upms_api_visit` VALUES ('3480', '122', '20200817', '08', null, '1', '172.18.32.205', 'pcgl', '172.18.32.205:1081');
INSERT INTO `upms_api_visit` VALUES ('3481', '122', '20200817', '09', null, '1', '172.18.32.205', 'article', '172.18.32.205:1081');
INSERT INTO `upms_api_visit` VALUES ('3482', '122', '20200817', '09', null, '1', '172.18.32.205', 'chat', '172.18.32.205:1081');
INSERT INTO `upms_api_visit` VALUES ('3483', '122', '20200817', '09', null, '1', '172.18.32.205', 'pcgl', '172.18.32.205:1081');
INSERT INTO `upms_api_visit` VALUES ('3484', '122', '20200817', '09', null, '1', '172.18.32.205', 'worldTree', '172.18.32.205:1081');
INSERT INTO `upms_api_visit` VALUES ('3485', '67', '20200817', '10', null, '1', '127.0.0.1', 'nc-nginx', '192.168.143.95:1081');
INSERT INTO `upms_api_visit` VALUES ('3486', '56', '20200817', '10', null, '5', '127.0.0.1', 'nc-nginx', '192.168.143.95:1081');
INSERT INTO `upms_api_visit` VALUES ('3487', '60', '20200817', '10', null, '1', '127.0.0.1', 'nc-nginx', '192.168.143.95:1081');
INSERT INTO `upms_api_visit` VALUES ('3488', '55', '20200817', '10', null, '1', '127.0.0.1', 'nc-nginx', '192.168.143.95:1081');
INSERT INTO `upms_api_visit` VALUES ('3489', '101', '20200817', '10', null, '6', '127.0.0.1', 'nc-nginx', '192.168.143.95:1081');
INSERT INTO `upms_api_visit` VALUES ('3490', '122', '20200817', '10', null, '1', '172.18.32.205', 'article', '172.18.32.205:1081');
INSERT INTO `upms_api_visit` VALUES ('3491', '122', '20200817', '10', null, '1', '172.18.32.205', 'pcgl', '172.18.32.205:1081');
INSERT INTO `upms_api_visit` VALUES ('3492', '122', '20200817', '10', null, '1', '172.18.32.205', 'worldTree', '172.18.32.205:1081');
INSERT INTO `upms_api_visit` VALUES ('3493', '67', '20200817', '10', null, '1', '219.142.250.12', 'nc-nginx', '172.18.32.205:1081');
INSERT INTO `upms_api_visit` VALUES ('3494', '60', '20200817', '10', null, '1', '219.142.250.12', 'nc-nginx', '172.18.32.205:1081');
INSERT INTO `upms_api_visit` VALUES ('3495', '122', '20200817', '10', null, '1', '172.18.32.205', 'chat', '172.18.32.205:1081');
INSERT INTO `upms_api_visit` VALUES ('3496', '56', '20200817', '10', null, '1', '219.142.250.12', 'nc-nginx', '172.18.32.205:1081');
INSERT INTO `upms_api_visit` VALUES ('3497', '101', '20200817', '10', null, '6', '219.142.250.12', 'nc-nginx', '172.18.32.205:1081');
INSERT INTO `upms_api_visit` VALUES ('3498', '55', '20200817', '10', null, '1', '219.142.250.12', 'nc-nginx', '172.18.32.205:1081');
INSERT INTO `upms_api_visit` VALUES ('3499', '56', '20200817', '11', null, '20', '127.0.0.1', 'nc-nginx', '192.168.143.95:1081');
INSERT INTO `upms_api_visit` VALUES ('3500', '115', '20200817', '11', '30', '1', '222.178.90.21', 'nc-nginx', '172.18.32.205:1081');
INSERT INTO `upms_api_visit` VALUES ('3501', '122', '20200817', '11', null, '1', '172.18.32.205', 'worldTree', '172.18.32.205:1081');
INSERT INTO `upms_api_visit` VALUES ('3502', '122', '20200817', '11', null, '1', '172.18.32.205', 'pcgl', '172.18.32.205:1081');
INSERT INTO `upms_api_visit` VALUES ('3503', '155', '20200817', '11', '30', '1', '222.178.90.21', 'nc-nginx', '172.18.32.205:1081');
INSERT INTO `upms_api_visit` VALUES ('3504', '81', '20200817', '11', '30', '1', '222.178.90.21', 'nc-nginx', '172.18.32.205:1081');
INSERT INTO `upms_api_visit` VALUES ('3505', '116', '20200817', '11', '30', '1', '222.178.90.21', 'nc-nginx', '172.18.32.205:1081');
INSERT INTO `upms_api_visit` VALUES ('3506', '122', '20200817', '11', null, '1', '172.18.32.205', 'article', '172.18.32.205:1081');
INSERT INTO `upms_api_visit` VALUES ('3507', '122', '20200817', '11', null, '1', '172.18.32.205', 'chat', '172.18.32.205:1081');
INSERT INTO `upms_api_visit` VALUES ('3508', '74', '20200817', '11', null, '1', '222.178.90.21', 'nc-nginx', '172.18.32.205:1081');
INSERT INTO `upms_api_visit` VALUES ('3509', '72', '20200817', '11', null, '1', '222.178.90.21', 'nc-nginx', '172.18.32.205:1081');
INSERT INTO `upms_api_visit` VALUES ('3510', '122', '20200817', '12', null, '1', '172.18.32.205', 'chat', '172.18.32.205:1081');
INSERT INTO `upms_api_visit` VALUES ('3511', '122', '20200817', '12', null, '1', '172.18.32.205', 'worldTree', '172.18.32.205:1081');
INSERT INTO `upms_api_visit` VALUES ('3512', '122', '20200817', '12', null, '1', '172.18.32.205', 'pcgl', '172.18.32.205:1081');
INSERT INTO `upms_api_visit` VALUES ('3513', '122', '20200817', '12', null, '1', '172.18.32.205', 'article', '172.18.32.205:1081');
INSERT INTO `upms_api_visit` VALUES ('3514', '56', '20200817', '13', null, '2', '127.0.0.1', 'nc-nginx', '192.168.142.228:1081');
INSERT INTO `upms_api_visit` VALUES ('3515', '101', '20200817', '13', null, '6', '127.0.0.1', 'nc-nginx', '192.168.142.228:1081');
INSERT INTO `upms_api_visit` VALUES ('3516', '55', '20200817', '13', null, '1', '127.0.0.1', 'nc-nginx', '192.168.142.228:1081');
INSERT INTO `upms_api_visit` VALUES ('3517', '54', '20200817', '13', null, '1', '127.0.0.1', 'nc-nginx', '192.168.142.228:1081');
INSERT INTO `upms_api_visit` VALUES ('3518', '60', '20200817', '13', null, '1', '127.0.0.1', 'nc-nginx', '192.168.142.228:1081');
INSERT INTO `upms_api_visit` VALUES ('3519', '67', '20200817', '13', null, '1', '127.0.0.1', 'nc-nginx', '192.168.142.228:1081');
INSERT INTO `upms_api_visit` VALUES ('3520', '54', '20200817', '13', null, '1', '202.106.149.212', 'nc-nginx', '172.18.32.205:1081');
INSERT INTO `upms_api_visit` VALUES ('3521', '55', '20200817', '13', null, '1', '202.106.149.212', 'nc-nginx', '172.18.32.205:1081');
INSERT INTO `upms_api_visit` VALUES ('3522', '67', '20200817', '13', null, '1', '202.106.149.212', 'nc-nginx', '172.18.32.205:1081');
INSERT INTO `upms_api_visit` VALUES ('3523', '122', '20200817', '13', null, '1', '172.18.32.205', 'chat', '172.18.32.205:1081');
INSERT INTO `upms_api_visit` VALUES ('3524', '122', '20200817', '13', null, '1', '172.18.32.205', 'worldTree', '172.18.32.205:1081');
INSERT INTO `upms_api_visit` VALUES ('3525', '122', '20200817', '13', null, '1', '172.18.32.205', 'pcgl', '172.18.32.205:1081');
INSERT INTO `upms_api_visit` VALUES ('3526', '122', '20200817', '13', null, '1', '172.18.32.205', 'article', '172.18.32.205:1081');
INSERT INTO `upms_api_visit` VALUES ('3527', '56', '20200817', '13', null, '1', '202.106.149.212', 'nc-nginx', '172.18.32.205:1081');
INSERT INTO `upms_api_visit` VALUES ('3528', '139', '20200817', '13', null, '1', '202.106.149.212', 'nc-nginx', '172.18.32.205:1081');
INSERT INTO `upms_api_visit` VALUES ('3529', '60', '20200817', '13', null, '2', '202.106.149.212', 'nc-nginx', '172.18.32.205:1081');
INSERT INTO `upms_api_visit` VALUES ('3530', '56', '20200817', '14', null, '18', '127.0.0.1', 'nc-nginx', '192.168.142.228:1081');
INSERT INTO `upms_api_visit` VALUES ('3531', '122', '20200817', '14', null, '1', '172.18.32.205', 'worldTree', '172.18.32.205:1081');
INSERT INTO `upms_api_visit` VALUES ('3532', '122', '20200817', '14', null, '1', '172.18.32.205', 'pcgl', '172.18.32.205:1081');
INSERT INTO `upms_api_visit` VALUES ('3533', '122', '20200817', '14', null, '1', '172.18.32.205', 'chat', '172.18.32.205:1081');
INSERT INTO `upms_api_visit` VALUES ('3534', '122', '20200817', '14', null, '1', '172.18.32.205', 'article', '172.18.32.205:1081');
INSERT INTO `upms_api_visit` VALUES ('3535', '55', '20200817', '15', null, '4', '127.0.0.1', 'nc-nginx', '192.168.142.228:1081');
INSERT INTO `upms_api_visit` VALUES ('3536', '56', '20200817', '15', null, '22', '127.0.0.1', 'nc-nginx', '192.168.142.228:1081');
INSERT INTO `upms_api_visit` VALUES ('3537', '54', '20200817', '15', null, '1', '127.0.0.1', 'nc-nginx', '192.168.142.228:1081');
INSERT INTO `upms_api_visit` VALUES ('3538', '51', '20200817', '15', null, '1', '127.0.0.1', 'nc-nginx', '192.168.142.228:1081');
INSERT INTO `upms_api_visit` VALUES ('3539', '67', '20200817', '15', null, '6', '127.0.0.1', 'nc-nginx', '192.168.142.228:1081');
INSERT INTO `upms_api_visit` VALUES ('3540', '60', '20200817', '15', null, '7', '127.0.0.1', 'nc-nginx', '192.168.142.228:1081');
INSERT INTO `upms_api_visit` VALUES ('3541', '100', '20200817', '15', null, '1', '112.95.161.213', 'nc-nginx', '172.18.32.205:1081');
INSERT INTO `upms_api_visit` VALUES ('3542', '72', '20200817', '15', null, '1', '112.95.161.213', 'nc-nginx', '172.18.32.205:1081');
INSERT INTO `upms_api_visit` VALUES ('3543', '122', '20200817', '15', null, '1', '172.18.32.205', 'pcgl', '172.18.32.205:1081');
INSERT INTO `upms_api_visit` VALUES ('3544', '122', '20200817', '15', null, '1', '172.18.32.205', 'chat', '172.18.32.205:1081');
INSERT INTO `upms_api_visit` VALUES ('3545', '55', '20200817', '15', null, '1', '112.95.161.213', 'nc-nginx', '172.18.32.205:1081');
INSERT INTO `upms_api_visit` VALUES ('3546', '177', '20200817', '15', null, '2', '112.95.161.213', 'nc-nginx', '172.18.32.205:1081');
INSERT INTO `upms_api_visit` VALUES ('3547', '107', '20200817', '15', '30', '2', '112.95.161.213', 'nc-nginx', '172.18.32.205:1081');
INSERT INTO `upms_api_visit` VALUES ('3548', '67', '20200817', '15', null, '6', '112.95.161.213', 'nc-nginx', '172.18.32.205:1081');
INSERT INTO `upms_api_visit` VALUES ('3549', '73', '20200817', '15', null, '1', '112.95.161.213', 'nc-nginx', '172.18.32.205:1081');
INSERT INTO `upms_api_visit` VALUES ('3550', '122', '20200817', '15', null, '1', '172.18.32.205', 'article', '172.18.32.205:1081');
INSERT INTO `upms_api_visit` VALUES ('3551', '60', '20200817', '15', null, '9', '112.95.161.213', 'nc-nginx', '172.18.32.205:1081');
INSERT INTO `upms_api_visit` VALUES ('3552', '178', '20200817', '15', null, '1', '112.95.161.213', 'nc-nginx', '172.18.32.205:1081');
INSERT INTO `upms_api_visit` VALUES ('3553', '108', '20200817', '15', '30', '1', '112.95.161.213', 'nc-nginx', '172.18.32.205:1081');
INSERT INTO `upms_api_visit` VALUES ('3554', '54', '20200817', '15', null, '1', '112.95.161.213', 'nc-nginx', '172.18.32.205:1081');
INSERT INTO `upms_api_visit` VALUES ('3555', '182', '20200817', '15', null, '1', '112.95.161.213', 'nc-nginx', '172.18.32.205:1081');
INSERT INTO `upms_api_visit` VALUES ('3556', '56', '20200817', '15', null, '2', '112.95.161.213', 'nc-nginx', '172.18.32.205:1081');
INSERT INTO `upms_api_visit` VALUES ('3557', '81', '20200817', '15', '30', '4', '112.95.161.213', 'nc-nginx', '172.18.32.205:1081');
INSERT INTO `upms_api_visit` VALUES ('3558', '80', '20200817', '15', '30', '1', '112.95.161.213', 'nc-nginx', '172.18.32.205:1081');
INSERT INTO `upms_api_visit` VALUES ('3559', '186', '20200817', '15', null, '1', '112.95.161.213', 'nc-nginx', '172.18.32.205:1081');
INSERT INTO `upms_api_visit` VALUES ('3560', '109', '20200817', '15', '30', '1', '112.95.161.213', 'nc-nginx', '172.18.32.205:1081');
INSERT INTO `upms_api_visit` VALUES ('3561', '88', '20200817', '15', '30', '1', '112.95.161.213', 'nc-nginx', '172.18.32.205:1081');
INSERT INTO `upms_api_visit` VALUES ('3562', '116', '20200817', '15', '30', '1', '112.95.161.213', 'nc-nginx', '172.18.32.205:1081');
INSERT INTO `upms_api_visit` VALUES ('3563', '71', '20200817', '15', null, '1', '112.95.161.213', 'nc-nginx', '172.18.32.205:1081');
INSERT INTO `upms_api_visit` VALUES ('3564', '139', '20200817', '15', null, '4', '112.95.161.213', 'nc-nginx', '172.18.32.205:1081');
INSERT INTO `upms_api_visit` VALUES ('3565', '122', '20200817', '15', null, '1', '172.18.32.205', 'worldTree', '172.18.32.205:1081');
INSERT INTO `upms_api_visit` VALUES ('3566', '51', '20200817', '15', null, '4', '112.95.161.213', 'nc-nginx', '172.18.32.205:1081');
INSERT INTO `upms_api_visit` VALUES ('3567', '144', '20200817', '15', null, '3', '112.95.161.213', 'nc-nginx', '172.18.32.205:1081');
INSERT INTO `upms_api_visit` VALUES ('3568', '74', '20200817', '15', null, '1', '112.95.161.213', 'nc-nginx', '172.18.32.205:1081');
INSERT INTO `upms_api_visit` VALUES ('3569', '56', '20200817', '16', null, '2', '127.0.0.1', 'nc-nginx', '192.168.142.228:1081');
INSERT INTO `upms_api_visit` VALUES ('3570', '122', '20200817', '16', null, '1', '172.18.32.205', 'pcgl', '172.18.32.205:1081');
INSERT INTO `upms_api_visit` VALUES ('3571', '72', '20200817', '16', null, '1', '112.95.161.213', 'nc-nginx', '172.18.32.205:1081');
INSERT INTO `upms_api_visit` VALUES ('3572', '119', '20200817', '16', '30', '3', '112.95.161.213', 'nc-nginx', '172.18.32.205:1081');
INSERT INTO `upms_api_visit` VALUES ('3573', '74', '20200817', '16', null, '1', '112.95.161.213', 'nc-nginx', '172.18.32.205:1081');
INSERT INTO `upms_api_visit` VALUES ('3574', '107', '20200817', '16', '30', '2', '112.95.161.213', 'nc-nginx', '172.18.32.205:1081');
INSERT INTO `upms_api_visit` VALUES ('3575', '88', '20200817', '16', '30', '1', '112.95.161.213', 'nc-nginx', '172.18.32.205:1081');
INSERT INTO `upms_api_visit` VALUES ('3576', '122', '20200817', '16', null, '1', '172.18.32.205', 'worldTree', '172.18.32.205:1081');
INSERT INTO `upms_api_visit` VALUES ('3577', '122', '20200817', '16', null, '1', '172.18.32.205', 'chat', '172.18.32.205:1081');
INSERT INTO `upms_api_visit` VALUES ('3578', '80', '20200817', '16', '30', '2', '112.95.161.213', 'nc-nginx', '172.18.32.205:1081');
INSERT INTO `upms_api_visit` VALUES ('3579', '122', '20200817', '16', null, '1', '172.18.32.205', 'article', '172.18.32.205:1081');
INSERT INTO `upms_api_visit` VALUES ('3580', '81', '20200817', '16', '30', '4', '112.95.161.213', 'nc-nginx', '172.18.32.205:1081');
INSERT INTO `upms_api_visit` VALUES ('3581', '108', '20200817', '17', '30', '2', '112.95.161.213', 'nc-nginx', '172.18.32.205:1081');
INSERT INTO `upms_api_visit` VALUES ('3582', '202', '20200817', '17', null, '2', '172.18.32.205', 'chat', '172.18.32.205:1081');
INSERT INTO `upms_api_visit` VALUES ('3583', '115', '20200817', '17', '30', '1', '112.95.161.213', 'nc-nginx', '172.18.32.205:1081');
INSERT INTO `upms_api_visit` VALUES ('3584', '110', '20200817', '17', '30', '5', '112.95.161.213', 'nc-nginx', '172.18.32.205:1081');
INSERT INTO `upms_api_visit` VALUES ('3585', '155', '20200817', '17', '30', '1', '112.95.161.213', 'nc-nginx', '172.18.32.205:1081');
INSERT INTO `upms_api_visit` VALUES ('3586', '122', '20200817', '17', null, '1', '172.18.32.205', 'article', '172.18.32.205:1081');
INSERT INTO `upms_api_visit` VALUES ('3587', '122', '20200817', '17', null, '1', '172.18.32.205', 'chat', '172.18.32.205:1081');
INSERT INTO `upms_api_visit` VALUES ('3588', '116', '20200817', '17', '30', '15', '112.95.161.213', 'nc-nginx', '172.18.32.205:1081');
INSERT INTO `upms_api_visit` VALUES ('3589', '72', '20200817', '17', null, '2', '172.18.32.205', 'chat', '172.18.32.205:1081');
INSERT INTO `upms_api_visit` VALUES ('3590', '74', '20200817', '17', null, '2', '112.95.161.213', 'nc-nginx', '172.18.32.205:1081');
INSERT INTO `upms_api_visit` VALUES ('3591', '81', '20200817', '17', '30', '3', '112.95.161.213', 'nc-nginx', '172.18.32.205:1081');
INSERT INTO `upms_api_visit` VALUES ('3592', '80', '20200817', '17', '30', '1', '112.95.161.213', 'nc-nginx', '172.18.32.205:1081');
INSERT INTO `upms_api_visit` VALUES ('3593', '72', '20200817', '17', null, '2', '112.95.161.213', 'nc-nginx', '172.18.32.205:1081');
INSERT INTO `upms_api_visit` VALUES ('3594', '122', '20200817', '17', null, '1', '172.18.32.205', 'worldTree', '172.18.32.205:1081');
INSERT INTO `upms_api_visit` VALUES ('3595', '122', '20200817', '17', null, '1', '172.18.32.205', 'pcgl', '172.18.32.205:1081');
INSERT INTO `upms_api_visit` VALUES ('3596', '122', '20200817', '18', null, '1', '172.18.32.205', 'pcgl', '172.18.32.205:1081');
INSERT INTO `upms_api_visit` VALUES ('3597', '122', '20200817', '18', null, '1', '172.18.32.205', 'worldTree', '172.18.32.205:1081');
INSERT INTO `upms_api_visit` VALUES ('3598', '122', '20200817', '18', null, '1', '172.18.32.205', 'chat', '172.18.32.205:1081');
INSERT INTO `upms_api_visit` VALUES ('3599', '108', '20200817', '18', '30', '1', '112.95.161.213', 'nc-nginx', '172.18.32.205:1081');
INSERT INTO `upms_api_visit` VALUES ('3600', '122', '20200817', '18', null, '1', '172.18.32.205', 'article', '172.18.32.205:1081');
INSERT INTO `upms_api_visit` VALUES ('3601', '122', '20200817', '19', null, '1', '172.18.32.205', 'worldTree', '172.18.32.205:1081');
INSERT INTO `upms_api_visit` VALUES ('3602', '122', '20200817', '19', null, '1', '172.18.32.205', 'pcgl', '172.18.32.205:1081');
INSERT INTO `upms_api_visit` VALUES ('3603', '122', '20200817', '19', null, '1', '172.18.32.205', 'article', '172.18.32.205:1081');
INSERT INTO `upms_api_visit` VALUES ('3604', '122', '20200817', '19', null, '1', '172.18.32.205', 'chat', '172.18.32.205:1081');
INSERT INTO `upms_api_visit` VALUES ('3605', '122', '20200817', '20', null, '1', '172.18.32.205', 'worldTree', '172.18.32.205:1081');
INSERT INTO `upms_api_visit` VALUES ('3606', '122', '20200817', '20', null, '1', '172.18.32.205', 'chat', '172.18.32.205:1081');
INSERT INTO `upms_api_visit` VALUES ('3607', '122', '20200817', '20', null, '1', '172.18.32.205', 'article', '172.18.32.205:1081');
INSERT INTO `upms_api_visit` VALUES ('3608', '122', '20200817', '20', null, '1', '172.18.32.205', 'pcgl', '172.18.32.205:1081');
INSERT INTO `upms_api_visit` VALUES ('3609', '122', '20200817', '21', null, '1', '172.18.32.205', 'pcgl', '172.18.32.205:1081');
INSERT INTO `upms_api_visit` VALUES ('3610', '122', '20200817', '21', null, '1', '172.18.32.205', 'worldTree', '172.18.32.205:1081');
INSERT INTO `upms_api_visit` VALUES ('3611', '122', '20200817', '21', null, '1', '172.18.32.205', 'chat', '172.18.32.205:1081');
INSERT INTO `upms_api_visit` VALUES ('3612', '122', '20200817', '21', null, '1', '172.18.32.205', 'article', '172.18.32.205:1081');
INSERT INTO `upms_api_visit` VALUES ('3613', '122', '20200817', '22', null, '1', '172.18.32.205', 'article', '172.18.32.205:1081');
INSERT INTO `upms_api_visit` VALUES ('3614', '122', '20200817', '22', null, '1', '172.18.32.205', 'chat', '172.18.32.205:1081');
INSERT INTO `upms_api_visit` VALUES ('3615', '122', '20200817', '22', null, '1', '172.18.32.205', 'worldTree', '172.18.32.205:1081');
INSERT INTO `upms_api_visit` VALUES ('3616', '122', '20200817', '22', null, '1', '172.18.32.205', 'pcgl', '172.18.32.205:1081');
INSERT INTO `upms_api_visit` VALUES ('3617', '122', '20200817', '23', null, '1', '172.18.32.205', 'article', '172.18.32.205:1081');
INSERT INTO `upms_api_visit` VALUES ('3618', '122', '20200817', '23', null, '1', '172.18.32.205', 'chat', '172.18.32.205:1081');
INSERT INTO `upms_api_visit` VALUES ('3619', '122', '20200817', '23', null, '1', '172.18.32.205', 'pcgl', '172.18.32.205:1081');
INSERT INTO `upms_api_visit` VALUES ('3620', '122', '20200817', '23', null, '1', '172.18.32.205', 'worldTree', '172.18.32.205:1081');
INSERT INTO `upms_api_visit` VALUES ('3621', '122', '20200818', '00', null, '1', '172.18.32.205', 'article', '172.18.32.205:1081');
INSERT INTO `upms_api_visit` VALUES ('3622', '122', '20200818', '00', null, '1', '172.18.32.205', 'pcgl', '172.18.32.205:1081');
INSERT INTO `upms_api_visit` VALUES ('3623', '122', '20200818', '00', null, '1', '172.18.32.205', 'worldTree', '172.18.32.205:1081');
INSERT INTO `upms_api_visit` VALUES ('3624', '122', '20200818', '00', null, '1', '172.18.32.205', 'chat', '172.18.32.205:1081');
INSERT INTO `upms_api_visit` VALUES ('3625', '122', '20200818', '01', null, '1', '172.18.32.205', 'article', '172.18.32.205:1081');
INSERT INTO `upms_api_visit` VALUES ('3626', '122', '20200818', '01', null, '1', '172.18.32.205', 'chat', '172.18.32.205:1081');
INSERT INTO `upms_api_visit` VALUES ('3627', '122', '20200818', '01', null, '1', '172.18.32.205', 'worldTree', '172.18.32.205:1081');
INSERT INTO `upms_api_visit` VALUES ('3628', '122', '20200818', '01', null, '1', '172.18.32.205', 'pcgl', '172.18.32.205:1081');
INSERT INTO `upms_api_visit` VALUES ('3629', '122', '20200818', '02', null, '1', '172.18.32.205', 'chat', '172.18.32.205:1081');
INSERT INTO `upms_api_visit` VALUES ('3630', '122', '20200818', '02', null, '1', '172.18.32.205', 'pcgl', '172.18.32.205:1081');
INSERT INTO `upms_api_visit` VALUES ('3631', '122', '20200818', '02', null, '1', '172.18.32.205', 'worldTree', '172.18.32.205:1081');
INSERT INTO `upms_api_visit` VALUES ('3632', '122', '20200818', '02', null, '1', '172.18.32.205', 'article', '172.18.32.205:1081');
INSERT INTO `upms_api_visit` VALUES ('3633', '122', '20200818', '03', null, '1', '172.18.32.205', 'chat', '172.18.32.205:1081');
INSERT INTO `upms_api_visit` VALUES ('3634', '122', '20200818', '03', null, '1', '172.18.32.205', 'worldTree', '172.18.32.205:1081');
INSERT INTO `upms_api_visit` VALUES ('3635', '122', '20200818', '03', null, '1', '172.18.32.205', 'pcgl', '172.18.32.205:1081');
INSERT INTO `upms_api_visit` VALUES ('3636', '122', '20200818', '03', null, '1', '172.18.32.205', 'article', '172.18.32.205:1081');
INSERT INTO `upms_api_visit` VALUES ('3637', '122', '20200818', '04', null, '1', '172.18.32.205', 'worldTree', '172.18.32.205:1081');
INSERT INTO `upms_api_visit` VALUES ('3638', '122', '20200818', '04', null, '1', '172.18.32.205', 'pcgl', '172.18.32.205:1081');
INSERT INTO `upms_api_visit` VALUES ('3639', '122', '20200818', '04', null, '1', '172.18.32.205', 'chat', '172.18.32.205:1081');
INSERT INTO `upms_api_visit` VALUES ('3640', '122', '20200818', '04', null, '1', '172.18.32.205', 'article', '172.18.32.205:1081');
INSERT INTO `upms_api_visit` VALUES ('3641', '122', '20200818', '05', null, '1', '172.18.32.205', 'pcgl', '172.18.32.205:1081');
INSERT INTO `upms_api_visit` VALUES ('3642', '122', '20200818', '05', null, '1', '172.18.32.205', 'worldTree', '172.18.32.205:1081');
INSERT INTO `upms_api_visit` VALUES ('3643', '122', '20200818', '05', null, '1', '172.18.32.205', 'chat', '172.18.32.205:1081');
INSERT INTO `upms_api_visit` VALUES ('3644', '122', '20200818', '05', null, '1', '172.18.32.205', 'article', '172.18.32.205:1081');
INSERT INTO `upms_api_visit` VALUES ('3645', '122', '20200818', '06', null, '1', '172.18.32.205', 'article', '172.18.32.205:1081');
INSERT INTO `upms_api_visit` VALUES ('3646', '122', '20200818', '06', null, '1', '172.18.32.205', 'worldTree', '172.18.32.205:1081');
INSERT INTO `upms_api_visit` VALUES ('3647', '122', '20200818', '06', null, '1', '172.18.32.205', 'pcgl', '172.18.32.205:1081');
INSERT INTO `upms_api_visit` VALUES ('3648', '122', '20200818', '06', null, '1', '172.18.32.205', 'chat', '172.18.32.205:1081');
INSERT INTO `upms_api_visit` VALUES ('3649', '122', '20200818', '07', null, '1', '172.18.32.205', 'pcgl', '172.18.32.205:1081');
INSERT INTO `upms_api_visit` VALUES ('3650', '122', '20200818', '07', null, '1', '172.18.32.205', 'worldTree', '172.18.32.205:1081');
INSERT INTO `upms_api_visit` VALUES ('3651', '122', '20200818', '07', null, '1', '172.18.32.205', 'article', '172.18.32.205:1081');
INSERT INTO `upms_api_visit` VALUES ('3652', '122', '20200818', '07', null, '1', '172.18.32.205', 'chat', '172.18.32.205:1081');
INSERT INTO `upms_api_visit` VALUES ('3653', '122', '20200818', '08', null, '1', '172.18.32.205', 'chat', '172.18.32.205:1081');
INSERT INTO `upms_api_visit` VALUES ('3654', '122', '20200818', '08', null, '1', '172.18.32.205', 'pcgl', '172.18.32.205:1081');
INSERT INTO `upms_api_visit` VALUES ('3655', '122', '20200818', '08', null, '1', '172.18.32.205', 'worldTree', '172.18.32.205:1081');
INSERT INTO `upms_api_visit` VALUES ('3656', '122', '20200818', '08', null, '1', '172.18.32.205', 'article', '172.18.32.205:1081');
INSERT INTO `upms_api_visit` VALUES ('3657', '190', '20200818', '09', null, '2', '172.18.32.205', 'article', '172.18.32.205:1081');
INSERT INTO `upms_api_visit` VALUES ('3658', '74', '20200818', '09', null, '1', '124.127.118.165', 'nc-nginx', '172.18.32.205:1081');
INSERT INTO `upms_api_visit` VALUES ('3659', '122', '20200818', '09', null, '1', '172.18.32.205', 'worldTree', '172.18.32.205:1081');
INSERT INTO `upms_api_visit` VALUES ('3660', '60', '20200818', '09', null, '1', '124.127.118.165', 'nc-nginx', '172.18.32.205:1081');
INSERT INTO `upms_api_visit` VALUES ('3661', '122', '20200818', '09', null, '1', '172.18.32.205', 'article', '172.18.32.205:1081');
INSERT INTO `upms_api_visit` VALUES ('3662', '72', '20200818', '09', null, '4', '172.18.32.205', 'chat', '172.18.32.205:1081');
INSERT INTO `upms_api_visit` VALUES ('3663', '72', '20200818', '09', null, '1', '124.127.118.165', 'nc-nginx', '172.18.32.205:1081');
INSERT INTO `upms_api_visit` VALUES ('3664', '158', '20200818', '09', '30', '1', '124.127.118.165', 'nc-nginx', '172.18.32.205:1081');
INSERT INTO `upms_api_visit` VALUES ('3665', '80', '20200818', '09', '30', '2', '124.127.118.165', 'nc-nginx', '172.18.32.205:1081');
INSERT INTO `upms_api_visit` VALUES ('3666', '54', '20200818', '09', null, '1', '124.127.118.165', 'nc-nginx', '172.18.32.205:1081');
INSERT INTO `upms_api_visit` VALUES ('3667', '72', '20200818', '09', null, '1', '172.18.32.205', 'article', '172.18.32.205:1081');
INSERT INTO `upms_api_visit` VALUES ('3668', '122', '20200818', '09', null, '1', '172.18.32.205', 'chat', '172.18.32.205:1081');
INSERT INTO `upms_api_visit` VALUES ('3669', '101', '20200818', '09', null, '6', '124.127.118.165', 'nc-nginx', '172.18.32.205:1081');
INSERT INTO `upms_api_visit` VALUES ('3670', '122', '20200818', '09', null, '1', '172.18.32.205', 'pcgl', '172.18.32.205:1081');
INSERT INTO `upms_api_visit` VALUES ('3671', '67', '20200818', '09', null, '1', '124.127.118.165', 'nc-nginx', '172.18.32.205:1081');
INSERT INTO `upms_api_visit` VALUES ('3672', '167', '20200818', '09', '30', '3', '124.127.118.165', 'nc-nginx', '172.18.32.205:1081');
INSERT INTO `upms_api_visit` VALUES ('3673', '202', '20200818', '09', null, '4', '172.18.32.205', 'chat', '172.18.32.205:1081');
INSERT INTO `upms_api_visit` VALUES ('3674', '88', '20200818', '09', '30', '2', '124.127.118.165', 'nc-nginx', '172.18.32.205:1081');
INSERT INTO `upms_api_visit` VALUES ('3675', '55', '20200818', '09', null, '2', '124.127.118.165', 'nc-nginx', '172.18.32.205:1081');
INSERT INTO `upms_api_visit` VALUES ('3676', '72', '20200818', '09', null, '2', '172.18.32.205', 'worldTree', '172.18.32.205:1081');
INSERT INTO `upms_api_visit` VALUES ('3677', '81', '20200818', '09', '30', '7', '124.127.118.165', 'nc-nginx', '172.18.32.205:1081');
INSERT INTO `upms_api_visit` VALUES ('3678', '107', '20200818', '09', '30', '3', '124.127.118.165', 'nc-nginx', '172.18.32.205:1081');
INSERT INTO `upms_api_visit` VALUES ('3679', '56', '20200818', '09', null, '1', '124.127.118.165', 'nc-nginx', '172.18.32.205:1081');
INSERT INTO `upms_api_visit` VALUES ('3680', '73', '20200818', '10', null, '1', '124.127.118.165', 'nc-nginx', '172.18.32.205:1081');
INSERT INTO `upms_api_visit` VALUES ('3681', '169', '20200818', '10', null, '2', '111.47.65.236', 'nc-nginx', '172.18.32.205:1081');
INSERT INTO `upms_api_visit` VALUES ('3682', '56', '20200818', '10', null, '2', '124.89.2.42', 'nc-nginx', '172.18.32.205:1081');
INSERT INTO `upms_api_visit` VALUES ('3683', '150', '20200818', '10', null, '1', '124.89.2.42', 'nc-nginx', '172.18.32.205:1081');
INSERT INTO `upms_api_visit` VALUES ('3684', '107', '20200818', '10', '30', '3', '111.47.65.236', 'nc-nginx', '172.18.32.205:1081');
INSERT INTO `upms_api_visit` VALUES ('3685', '74', '20200818', '10', null, '1', '183.20.144.80', 'nc-nginx', '172.18.32.205:1081');
INSERT INTO `upms_api_visit` VALUES ('3686', '72', '20200818', '10', null, '1', '183.20.144.80', 'nc-nginx', '172.18.32.205:1081');
INSERT INTO `upms_api_visit` VALUES ('3687', '74', '20200818', '10', null, '2', '111.47.65.236', 'nc-nginx', '172.18.32.205:1081');
INSERT INTO `upms_api_visit` VALUES ('3688', '80', '20200818', '10', '30', '3', '111.47.65.236', 'nc-nginx', '172.18.32.205:1081');
INSERT INTO `upms_api_visit` VALUES ('3689', '107', '20200818', '10', '30', '3', '183.20.144.80', 'nc-nginx', '172.18.32.205:1081');
INSERT INTO `upms_api_visit` VALUES ('3690', '67', '20200818', '10', null, '2', '124.89.2.42', 'nc-nginx', '172.18.32.205:1081');
INSERT INTO `upms_api_visit` VALUES ('3691', '101', '20200818', '10', null, '6', '111.47.65.236', 'nc-nginx', '172.18.32.205:1081');
INSERT INTO `upms_api_visit` VALUES ('3692', '88', '20200818', '10', '30', '2', '183.20.144.80', 'nc-nginx', '172.18.32.205:1081');
INSERT INTO `upms_api_visit` VALUES ('3693', '72', '20200818', '10', null, '2', '111.47.65.236', 'nc-nginx', '172.18.32.205:1081');
INSERT INTO `upms_api_visit` VALUES ('3694', '186', '20200818', '10', null, '1', '124.89.2.42', 'nc-nginx', '172.18.32.205:1081');
INSERT INTO `upms_api_visit` VALUES ('3695', '122', '20200818', '10', null, '1', '172.18.32.205', 'worldTree', '172.18.32.205:1081');
INSERT INTO `upms_api_visit` VALUES ('3696', '109', '20200818', '10', '30', '1', '111.47.65.236', 'nc-nginx', '172.18.32.205:1081');
INSERT INTO `upms_api_visit` VALUES ('3697', '122', '20200818', '10', null, '1', '172.18.32.205', 'chat', '172.18.32.205:1081');
INSERT INTO `upms_api_visit` VALUES ('3698', '100', '20200818', '10', null, '1', '124.89.2.42', 'nc-nginx', '172.18.32.205:1081');
INSERT INTO `upms_api_visit` VALUES ('3699', '158', '20200818', '10', '30', '1', '111.47.65.236', 'nc-nginx', '172.18.32.205:1081');
INSERT INTO `upms_api_visit` VALUES ('3700', '110', '20200818', '10', '30', '1', '111.47.65.236', 'nc-nginx', '172.18.32.205:1081');
INSERT INTO `upms_api_visit` VALUES ('3701', '167', '20200818', '10', '30', '1', '111.47.65.236', 'nc-nginx', '172.18.32.205:1081');
INSERT INTO `upms_api_visit` VALUES ('3702', '56', '20200818', '10', null, '4', '111.47.65.236', 'nc-nginx', '172.18.32.205:1081');
INSERT INTO `upms_api_visit` VALUES ('3703', '197', '20200818', '10', '30', '1', '111.47.65.236', 'nc-nginx', '172.18.32.205:1081');
INSERT INTO `upms_api_visit` VALUES ('3704', '202', '20200818', '10', null, '5', '172.18.32.205', 'chat', '172.18.32.205:1081');
INSERT INTO `upms_api_visit` VALUES ('3705', '149', '20200818', '10', null, '7', '111.47.65.236', 'nc-nginx', '172.18.32.205:1081');
INSERT INTO `upms_api_visit` VALUES ('3706', '122', '20200818', '10', null, '1', '172.18.32.205', 'pcgl', '172.18.32.205:1081');
INSERT INTO `upms_api_visit` VALUES ('3707', '54', '20200818', '10', null, '1', '111.47.65.236', 'nc-nginx', '172.18.32.205:1081');
INSERT INTO `upms_api_visit` VALUES ('3708', '171', '20200818', '10', null, '3', '111.47.65.236', 'nc-nginx', '172.18.32.205:1081');
INSERT INTO `upms_api_visit` VALUES ('3709', '149', '20200818', '10', null, '2', '124.89.2.42', 'nc-nginx', '172.18.32.205:1081');
INSERT INTO `upms_api_visit` VALUES ('3710', '158', '20200818', '10', '30', '1', '124.127.118.165', 'nc-nginx', '172.18.32.205:1081');
INSERT INTO `upms_api_visit` VALUES ('3711', '67', '20200818', '10', null, '6', '111.47.65.236', 'nc-nginx', '172.18.32.205:1081');
INSERT INTO `upms_api_visit` VALUES ('3712', '186', '20200818', '10', null, '2', '111.47.65.236', 'nc-nginx', '172.18.32.205:1081');
INSERT INTO `upms_api_visit` VALUES ('3713', '81', '20200818', '10', '30', '7', '111.47.65.236', 'nc-nginx', '172.18.32.205:1081');
INSERT INTO `upms_api_visit` VALUES ('3714', '55', '20200818', '10', null, '10', '111.47.65.236', 'nc-nginx', '172.18.32.205:1081');
INSERT INTO `upms_api_visit` VALUES ('3715', '100', '20200818', '10', null, '1', '111.47.65.236', 'nc-nginx', '172.18.32.205:1081');
INSERT INTO `upms_api_visit` VALUES ('3716', '139', '20200818', '10', null, '1', '124.89.2.42', 'nc-nginx', '172.18.32.205:1081');
INSERT INTO `upms_api_visit` VALUES ('3717', '55', '20200818', '10', null, '2', '124.89.2.42', 'nc-nginx', '172.18.32.205:1081');
INSERT INTO `upms_api_visit` VALUES ('3718', '108', '20200818', '10', '30', '1', '183.20.144.80', 'nc-nginx', '172.18.32.205:1081');
INSERT INTO `upms_api_visit` VALUES ('3719', '80', '20200818', '10', '30', '2', '183.20.144.80', 'nc-nginx', '172.18.32.205:1081');
INSERT INTO `upms_api_visit` VALUES ('3720', '71', '20200818', '10', null, '3', '111.47.65.236', 'nc-nginx', '172.18.32.205:1081');
INSERT INTO `upms_api_visit` VALUES ('3721', '51', '20200818', '10', null, '3', '111.47.65.236', 'nc-nginx', '172.18.32.205:1081');
INSERT INTO `upms_api_visit` VALUES ('3722', '171', '20200818', '10', null, '1', '124.89.2.42', 'nc-nginx', '172.18.32.205:1081');
INSERT INTO `upms_api_visit` VALUES ('3723', '101', '20200818', '10', null, '6', '124.89.2.42', 'nc-nginx', '172.18.32.205:1081');
INSERT INTO `upms_api_visit` VALUES ('3724', '108', '20200818', '10', '30', '1', '111.47.65.236', 'nc-nginx', '172.18.32.205:1081');
INSERT INTO `upms_api_visit` VALUES ('3725', '157', '20200818', '10', '30', '1', '111.47.65.236', 'nc-nginx', '172.18.32.205:1081');
INSERT INTO `upms_api_visit` VALUES ('3726', '190', '20200818', '10', null, '2', '172.18.32.205', 'chat', '172.18.32.205:1081');
INSERT INTO `upms_api_visit` VALUES ('3727', '88', '20200818', '10', '30', '1', '111.47.65.236', 'nc-nginx', '172.18.32.205:1081');
INSERT INTO `upms_api_visit` VALUES ('3728', '51', '20200818', '10', null, '2', '124.89.2.42', 'nc-nginx', '172.18.32.205:1081');
INSERT INTO `upms_api_visit` VALUES ('3729', '60', '20200818', '10', null, '5', '124.89.2.42', 'nc-nginx', '172.18.32.205:1081');
INSERT INTO `upms_api_visit` VALUES ('3730', '60', '20200818', '10', null, '11', '111.47.65.236', 'nc-nginx', '172.18.32.205:1081');
INSERT INTO `upms_api_visit` VALUES ('3731', '122', '20200818', '10', null, '1', '172.18.32.205', 'article', '172.18.32.205:1081');
INSERT INTO `upms_api_visit` VALUES ('3732', '72', '20200818', '10', null, '3', '172.18.32.205', 'chat', '172.18.32.205:1081');
INSERT INTO `upms_api_visit` VALUES ('3733', '81', '20200818', '10', '30', '6', '183.20.144.80', 'nc-nginx', '172.18.32.205:1081');
INSERT INTO `upms_api_visit` VALUES ('3734', '55', '20200818', '11', null, '3', '59.108.166.54', 'nc-nginx', '172.18.32.205:1081');
INSERT INTO `upms_api_visit` VALUES ('3735', '100', '20200818', '11', null, '3', '59.108.166.54', 'nc-nginx', '172.18.32.205:1081');
INSERT INTO `upms_api_visit` VALUES ('3736', '122', '20200818', '11', null, '1', '172.18.32.205', 'worldTree', '172.18.32.205:1081');
INSERT INTO `upms_api_visit` VALUES ('3737', '167', '20200818', '11', '30', '1', '59.108.166.54', 'nc-nginx', '172.18.32.205:1081');
INSERT INTO `upms_api_visit` VALUES ('3738', '54', '20200818', '11', null, '2', '59.108.166.54', 'nc-nginx', '172.18.32.205:1081');
INSERT INTO `upms_api_visit` VALUES ('3739', '122', '20200818', '11', null, '1', '172.18.32.205', 'pcgl', '172.18.32.205:1081');
INSERT INTO `upms_api_visit` VALUES ('3740', '202', '20200818', '11', null, '2', '172.18.32.205', 'chat', '172.18.32.205:1081');
INSERT INTO `upms_api_visit` VALUES ('3741', '60', '20200818', '11', null, '12', '59.108.166.54', 'nc-nginx', '172.18.32.205:1081');
INSERT INTO `upms_api_visit` VALUES ('3742', '105', '20200818', '11', null, '1', '59.108.166.54', 'nc-nginx', '172.18.32.205:1081');
INSERT INTO `upms_api_visit` VALUES ('3743', '171', '20200818', '11', null, '3', '59.108.166.54', 'nc-nginx', '172.18.32.205:1081');
INSERT INTO `upms_api_visit` VALUES ('3744', '67', '20200818', '11', null, '7', '59.108.166.54', 'nc-nginx', '172.18.32.205:1081');
INSERT INTO `upms_api_visit` VALUES ('3745', '186', '20200818', '11', null, '4', '59.108.166.54', 'nc-nginx', '172.18.32.205:1081');
INSERT INTO `upms_api_visit` VALUES ('3746', '51', '20200818', '11', null, '3', '59.108.166.54', 'nc-nginx', '172.18.32.205:1081');
INSERT INTO `upms_api_visit` VALUES ('3747', '122', '20200818', '11', null, '1', '172.18.32.205', 'chat', '172.18.32.205:1081');
INSERT INTO `upms_api_visit` VALUES ('3748', '101', '20200818', '11', null, '12', '59.108.166.54', 'nc-nginx', '172.18.32.205:1081');
INSERT INTO `upms_api_visit` VALUES ('3749', '74', '20200818', '11', null, '1', '59.108.166.54', 'nc-nginx', '172.18.32.205:1081');
INSERT INTO `upms_api_visit` VALUES ('3750', '95', '20200818', '11', null, '1', '59.108.166.54', 'nc-nginx', '172.18.32.205:1081');
INSERT INTO `upms_api_visit` VALUES ('3751', '149', '20200818', '11', null, '3', '59.108.166.54', 'nc-nginx', '172.18.32.205:1081');
INSERT INTO `upms_api_visit` VALUES ('3752', '107', '20200818', '11', '30', '2', '59.108.166.54', 'nc-nginx', '172.18.32.205:1081');
INSERT INTO `upms_api_visit` VALUES ('3753', '56', '20200818', '11', null, '6', '59.108.166.54', 'nc-nginx', '172.18.32.205:1081');
INSERT INTO `upms_api_visit` VALUES ('3754', '81', '20200818', '11', '30', '3', '59.108.166.54', 'nc-nginx', '172.18.32.205:1081');
INSERT INTO `upms_api_visit` VALUES ('3755', '122', '20200818', '11', null, '1', '172.18.32.205', 'article', '172.18.32.205:1081');
INSERT INTO `upms_api_visit` VALUES ('3756', '80', '20200818', '11', '30', '1', '59.108.166.54', 'nc-nginx', '172.18.32.205:1081');
INSERT INTO `upms_api_visit` VALUES ('3757', '72', '20200818', '11', null, '1', '172.18.32.205', 'chat', '172.18.32.205:1081');
INSERT INTO `upms_api_visit` VALUES ('3758', '71', '20200818', '11', null, '3', '59.108.166.54', 'nc-nginx', '172.18.32.205:1081');
INSERT INTO `upms_api_visit` VALUES ('3759', '72', '20200818', '11', null, '1', '59.108.166.54', 'nc-nginx', '172.18.32.205:1081');
INSERT INTO `upms_api_visit` VALUES ('3760', '74', '20200818', '12', null, '3', '61.140.27.27', 'nc-nginx', '172.18.32.205:1081');
INSERT INTO `upms_api_visit` VALUES ('3761', '73', '20200818', '12', null, '1', '61.140.27.27', 'nc-nginx', '172.18.32.205:1081');
INSERT INTO `upms_api_visit` VALUES ('3762', '122', '20200818', '12', null, '1', '172.18.32.205', 'worldTree', '172.18.32.205:1081');
INSERT INTO `upms_api_visit` VALUES ('3763', '202', '20200818', '12', null, '1', '172.18.32.205', 'chat', '172.18.32.205:1081');
INSERT INTO `upms_api_visit` VALUES ('3764', '122', '20200818', '12', null, '1', '172.18.32.205', 'article', '172.18.32.205:1081');
INSERT INTO `upms_api_visit` VALUES ('3765', '122', '20200818', '12', null, '1', '172.18.32.205', 'chat', '172.18.32.205:1081');
INSERT INTO `upms_api_visit` VALUES ('3766', '72', '20200818', '12', null, '1', '172.18.32.205', 'chat', '172.18.32.205:1081');
INSERT INTO `upms_api_visit` VALUES ('3767', '122', '20200818', '12', null, '1', '172.18.32.205', 'pcgl', '172.18.32.205:1081');
INSERT INTO `upms_api_visit` VALUES ('3768', '81', '20200818', '12', '30', '1', '61.140.27.27', 'nc-nginx', '172.18.32.205:1081');
INSERT INTO `upms_api_visit` VALUES ('3769', '157', '20200818', '12', '30', '9', '61.140.27.27', 'nc-nginx', '172.18.32.205:1081');
INSERT INTO `upms_api_visit` VALUES ('3770', '72', '20200818', '12', null, '12', '61.140.27.27', 'nc-nginx', '172.18.32.205:1081');
INSERT INTO `upms_api_visit` VALUES ('3771', '122', '20200818', '13', null, '1', '172.18.32.205', 'article', '172.18.32.205:1081');
INSERT INTO `upms_api_visit` VALUES ('3772', '122', '20200818', '13', null, '1', '172.18.32.205', 'chat', '172.18.32.205:1081');
INSERT INTO `upms_api_visit` VALUES ('3773', '122', '20200818', '13', null, '1', '172.18.32.205', 'pcgl', '172.18.32.205:1081');
INSERT INTO `upms_api_visit` VALUES ('3774', '122', '20200818', '13', null, '1', '172.18.32.205', 'worldTree', '172.18.32.205:1081');
INSERT INTO `upms_api_visit` VALUES ('3775', '51', '20200818', '14', null, '1', '114.242.9.171', 'nc-nginx', '172.18.32.205:1081');
INSERT INTO `upms_api_visit` VALUES ('3776', '149', '20200818', '14', null, '1', '218.17.157.169', 'nc-nginx', '172.18.32.205:1081');
INSERT INTO `upms_api_visit` VALUES ('3777', '72', '20200818', '14', null, '2', '172.18.32.205', 'chat', '172.18.32.205:1081');
INSERT INTO `upms_api_visit` VALUES ('3778', '67', '20200818', '14', null, '3', '114.242.9.171', 'nc-nginx', '172.18.32.205:1081');
INSERT INTO `upms_api_visit` VALUES ('3779', '88', '20200818', '14', '30', '1', '218.17.157.169', 'nc-nginx', '172.18.32.205:1081');
INSERT INTO `upms_api_visit` VALUES ('3780', '122', '20200818', '14', null, '1', '172.18.32.205', 'pcgl', '172.18.32.205:1081');
INSERT INTO `upms_api_visit` VALUES ('3781', '107', '20200818', '14', '30', '2', '114.242.9.171', 'nc-nginx', '172.18.32.205:1081');
INSERT INTO `upms_api_visit` VALUES ('3782', '157', '20200818', '14', '30', '1', '218.17.157.169', 'nc-nginx', '172.18.32.205:1081');
INSERT INTO `upms_api_visit` VALUES ('3783', '55', '20200818', '14', null, '1', '114.242.9.171', 'nc-nginx', '172.18.32.205:1081');
INSERT INTO `upms_api_visit` VALUES ('3784', '139', '20200818', '14', null, '3', '114.242.9.171', 'nc-nginx', '172.18.32.205:1081');
INSERT INTO `upms_api_visit` VALUES ('3785', '100', '20200818', '14', null, '1', '114.242.9.171', 'nc-nginx', '172.18.32.205:1081');
INSERT INTO `upms_api_visit` VALUES ('3786', '202', '20200818', '14', null, '2', '172.18.32.205', 'chat', '172.18.32.205:1081');
INSERT INTO `upms_api_visit` VALUES ('3787', '81', '20200818', '14', '30', '2', '218.17.157.169', 'nc-nginx', '172.18.32.205:1081');
INSERT INTO `upms_api_visit` VALUES ('3788', '81', '20200818', '14', '30', '4', '114.242.9.171', 'nc-nginx', '172.18.32.205:1081');
INSERT INTO `upms_api_visit` VALUES ('3789', '55', '20200818', '14', null, '1', '218.17.157.169', 'nc-nginx', '172.18.32.205:1081');
INSERT INTO `upms_api_visit` VALUES ('3790', '171', '20200818', '14', null, '1', '218.17.157.169', 'nc-nginx', '172.18.32.205:1081');
INSERT INTO `upms_api_visit` VALUES ('3791', '60', '20200818', '14', null, '4', '114.242.9.171', 'nc-nginx', '172.18.32.205:1081');
INSERT INTO `upms_api_visit` VALUES ('3792', '186', '20200818', '14', null, '1', '218.17.157.169', 'nc-nginx', '172.18.32.205:1081');
INSERT INTO `upms_api_visit` VALUES ('3793', '74', '20200818', '14', null, '1', '218.17.157.169', 'nc-nginx', '172.18.32.205:1081');
INSERT INTO `upms_api_visit` VALUES ('3794', '186', '20200818', '14', null, '1', '114.242.9.171', 'nc-nginx', '172.18.32.205:1081');
INSERT INTO `upms_api_visit` VALUES ('3795', '171', '20200818', '14', null, '1', '114.242.9.171', 'nc-nginx', '172.18.32.205:1081');
INSERT INTO `upms_api_visit` VALUES ('3796', '51', '20200818', '14', null, '1', '218.17.157.169', 'nc-nginx', '172.18.32.205:1081');
INSERT INTO `upms_api_visit` VALUES ('3797', '88', '20200818', '14', '30', '1', '114.242.9.171', 'nc-nginx', '172.18.32.205:1081');
INSERT INTO `upms_api_visit` VALUES ('3798', '67', '20200818', '14', null, '2', '218.17.157.169', 'nc-nginx', '172.18.32.205:1081');
INSERT INTO `upms_api_visit` VALUES ('3799', '157', '20200818', '14', '30', '1', '114.242.9.171', 'nc-nginx', '172.18.32.205:1081');
INSERT INTO `upms_api_visit` VALUES ('3800', '167', '20200818', '14', '30', '1', '114.242.9.171', 'nc-nginx', '172.18.32.205:1081');
INSERT INTO `upms_api_visit` VALUES ('3801', '110', '20200818', '14', '30', '1', '114.242.9.171', 'nc-nginx', '172.18.32.205:1081');
INSERT INTO `upms_api_visit` VALUES ('3802', '122', '20200818', '14', null, '1', '172.18.32.205', 'worldTree', '172.18.32.205:1081');
INSERT INTO `upms_api_visit` VALUES ('3803', '71', '20200818', '14', null, '1', '218.17.157.169', 'nc-nginx', '172.18.32.205:1081');
INSERT INTO `upms_api_visit` VALUES ('3804', '72', '20200818', '14', null, '2', '218.17.157.169', 'nc-nginx', '172.18.32.205:1081');
INSERT INTO `upms_api_visit` VALUES ('3805', '116', '20200818', '14', '30', '2', '114.242.9.171', 'nc-nginx', '172.18.32.205:1081');
INSERT INTO `upms_api_visit` VALUES ('3806', '149', '20200818', '14', null, '2', '114.242.9.171', 'nc-nginx', '172.18.32.205:1081');
INSERT INTO `upms_api_visit` VALUES ('3807', '56', '20200818', '14', null, '3', '114.242.9.171', 'nc-nginx', '172.18.32.205:1081');
INSERT INTO `upms_api_visit` VALUES ('3808', '108', '20200818', '14', '30', '1', '114.242.9.171', 'nc-nginx', '172.18.32.205:1081');
INSERT INTO `upms_api_visit` VALUES ('3809', '74', '20200818', '14', null, '1', '114.242.9.171', 'nc-nginx', '172.18.32.205:1081');
INSERT INTO `upms_api_visit` VALUES ('3810', '122', '20200818', '14', null, '1', '172.18.32.205', 'chat', '172.18.32.205:1081');
INSERT INTO `upms_api_visit` VALUES ('3811', '107', '20200818', '14', '30', '2', '218.17.157.169', 'nc-nginx', '172.18.32.205:1081');
INSERT INTO `upms_api_visit` VALUES ('3812', '60', '20200818', '14', null, '4', '218.17.157.169', 'nc-nginx', '172.18.32.205:1081');
INSERT INTO `upms_api_visit` VALUES ('3813', '122', '20200818', '14', null, '1', '172.18.32.205', 'article', '172.18.32.205:1081');
INSERT INTO `upms_api_visit` VALUES ('3814', '80', '20200818', '14', '30', '1', '114.242.9.171', 'nc-nginx', '172.18.32.205:1081');
INSERT INTO `upms_api_visit` VALUES ('3815', '144', '20200818', '14', null, '1', '114.242.9.171', 'nc-nginx', '172.18.32.205:1081');
INSERT INTO `upms_api_visit` VALUES ('3816', '119', '20200818', '14', '30', '3', '114.242.9.171', 'nc-nginx', '172.18.32.205:1081');
INSERT INTO `upms_api_visit` VALUES ('3817', '71', '20200818', '14', null, '1', '114.242.9.171', 'nc-nginx', '172.18.32.205:1081');
INSERT INTO `upms_api_visit` VALUES ('3818', '72', '20200818', '14', null, '2', '114.242.9.171', 'nc-nginx', '172.18.32.205:1081');
INSERT INTO `upms_api_visit` VALUES ('3819', '101', '20200818', '14', null, '6', '114.242.9.171', 'nc-nginx', '172.18.32.205:1081');
INSERT INTO `upms_api_visit` VALUES ('3820', '56', '20200818', '14', null, '1', '218.17.157.169', 'nc-nginx', '172.18.32.205:1081');
INSERT INTO `upms_api_visit` VALUES ('3821', '55', '20200818', '15', null, '1', '114.242.9.171', 'nc-nginx', '172.18.32.205:1081');
INSERT INTO `upms_api_visit` VALUES ('3822', '81', '20200818', '15', '30', '3', '114.242.9.171', 'nc-nginx', '172.18.32.205:1081');
INSERT INTO `upms_api_visit` VALUES ('3823', '80', '20200818', '15', '30', '1', '114.242.9.171', 'nc-nginx', '172.18.32.205:1081');
INSERT INTO `upms_api_visit` VALUES ('3824', '150', '20200818', '15', null, '1', '114.242.9.171', 'nc-nginx', '172.18.32.205:1081');
INSERT INTO `upms_api_visit` VALUES ('3825', '100', '20200818', '15', null, '2', '114.242.9.171', 'nc-nginx', '172.18.32.205:1081');
INSERT INTO `upms_api_visit` VALUES ('3826', '72', '20200818', '15', null, '1', '172.18.32.205', 'chat', '172.18.32.205:1081');
INSERT INTO `upms_api_visit` VALUES ('3827', '122', '20200818', '15', null, '1', '172.18.32.205', 'article', '172.18.32.205:1081');
INSERT INTO `upms_api_visit` VALUES ('3828', '107', '20200818', '15', '30', '2', '114.242.9.171', 'nc-nginx', '172.18.32.205:1081');
INSERT INTO `upms_api_visit` VALUES ('3829', '74', '20200818', '15', null, '1', '114.242.9.171', 'nc-nginx', '172.18.32.205:1081');
INSERT INTO `upms_api_visit` VALUES ('3830', '72', '20200818', '15', null, '1', '114.242.9.171', 'nc-nginx', '172.18.32.205:1081');
INSERT INTO `upms_api_visit` VALUES ('3831', '149', '20200818', '15', null, '2', '114.242.9.171', 'nc-nginx', '172.18.32.205:1081');
INSERT INTO `upms_api_visit` VALUES ('3832', '88', '20200818', '15', '30', '1', '114.242.9.171', 'nc-nginx', '172.18.32.205:1081');
INSERT INTO `upms_api_visit` VALUES ('3833', '60', '20200818', '15', null, '6', '114.242.9.171', 'nc-nginx', '172.18.32.205:1081');
INSERT INTO `upms_api_visit` VALUES ('3834', '56', '20200818', '15', null, '1', '114.242.9.171', 'nc-nginx', '172.18.32.205:1081');
INSERT INTO `upms_api_visit` VALUES ('3835', '122', '20200818', '15', null, '1', '172.18.32.205', 'chat', '172.18.32.205:1081');
INSERT INTO `upms_api_visit` VALUES ('3836', '122', '20200818', '15', null, '1', '172.18.32.205', 'worldTree', '172.18.32.205:1081');
INSERT INTO `upms_api_visit` VALUES ('3837', '186', '20200818', '15', null, '1', '114.242.9.171', 'nc-nginx', '172.18.32.205:1081');
INSERT INTO `upms_api_visit` VALUES ('3838', '67', '20200818', '15', null, '3', '114.242.9.171', 'nc-nginx', '172.18.32.205:1081');
INSERT INTO `upms_api_visit` VALUES ('3839', '51', '20200818', '15', null, '3', '114.242.9.171', 'nc-nginx', '172.18.32.205:1081');
INSERT INTO `upms_api_visit` VALUES ('3840', '122', '20200818', '15', null, '1', '172.18.32.205', 'pcgl', '172.18.32.205:1081');
INSERT INTO `upms_api_visit` VALUES ('3841', '139', '20200818', '15', null, '3', '114.242.9.171', 'nc-nginx', '172.18.32.205:1081');
INSERT INTO `upms_api_visit` VALUES ('3842', '202', '20200818', '15', null, '1', '172.18.32.205', 'chat', '172.18.32.205:1081');
INSERT INTO `upms_api_visit` VALUES ('3843', '149', '20200818', '16', null, '1', '58.35.247.63', 'nc-nginx', '172.18.32.205:1081');
INSERT INTO `upms_api_visit` VALUES ('3844', '122', '20200818', '16', null, '1', '172.18.32.205', 'worldTree', '172.18.32.205:1081');
INSERT INTO `upms_api_visit` VALUES ('3845', '56', '20200818', '16', null, '2', '202.104.194.162', 'nc-nginx', '172.18.32.205:1081');
INSERT INTO `upms_api_visit` VALUES ('3846', '60', '20200818', '16', null, '4', '58.35.247.63', 'nc-nginx', '172.18.32.205:1081');
INSERT INTO `upms_api_visit` VALUES ('3847', '149', '20200818', '16', null, '1', '202.104.194.162', 'nc-nginx', '172.18.32.205:1081');
INSERT INTO `upms_api_visit` VALUES ('3848', '56', '20200818', '16', null, '3', '58.35.247.63', 'nc-nginx', '172.18.32.205:1081');
INSERT INTO `upms_api_visit` VALUES ('3849', '122', '20200818', '16', null, '1', '172.18.32.205', 'pcgl', '172.18.32.205:1081');
INSERT INTO `upms_api_visit` VALUES ('3850', '71', '20200818', '16', null, '2', '58.35.247.63', 'nc-nginx', '172.18.32.205:1081');
INSERT INTO `upms_api_visit` VALUES ('3851', '67', '20200818', '16', null, '5', '202.104.194.162', 'nc-nginx', '172.18.32.205:1081');
INSERT INTO `upms_api_visit` VALUES ('3852', '186', '20200818', '16', null, '2', '58.35.247.63', 'nc-nginx', '172.18.32.205:1081');
INSERT INTO `upms_api_visit` VALUES ('3853', '144', '20200818', '16', null, '5', '202.104.194.162', 'nc-nginx', '172.18.32.205:1081');
INSERT INTO `upms_api_visit` VALUES ('3854', '122', '20200818', '16', null, '1', '172.18.32.205', 'article', '172.18.32.205:1081');
INSERT INTO `upms_api_visit` VALUES ('3855', '60', '20200818', '16', null, '9', '202.104.194.162', 'nc-nginx', '172.18.32.205:1081');
INSERT INTO `upms_api_visit` VALUES ('3856', '122', '20200818', '16', null, '1', '172.18.32.205', 'chat', '172.18.32.205:1081');
INSERT INTO `upms_api_visit` VALUES ('3857', '67', '20200818', '16', null, '2', '58.35.247.63', 'nc-nginx', '172.18.32.205:1081');
INSERT INTO `upms_api_visit` VALUES ('3858', '51', '20200818', '16', null, '1', '58.35.247.63', 'nc-nginx', '172.18.32.205:1081');
INSERT INTO `upms_api_visit` VALUES ('3859', '101', '20200818', '16', null, '6', '58.35.247.63', 'nc-nginx', '172.18.32.205:1081');
INSERT INTO `upms_api_visit` VALUES ('3860', '55', '20200818', '16', null, '5', '202.104.194.162', 'nc-nginx', '172.18.32.205:1081');
INSERT INTO `upms_api_visit` VALUES ('3861', '100', '20200818', '16', null, '1', '58.35.247.63', 'nc-nginx', '172.18.32.205:1081');
INSERT INTO `upms_api_visit` VALUES ('3862', '171', '20200818', '16', null, '1', '58.35.247.63', 'nc-nginx', '172.18.32.205:1081');
INSERT INTO `upms_api_visit` VALUES ('3863', '139', '20200818', '16', null, '7', '202.104.194.162', 'nc-nginx', '172.18.32.205:1081');
INSERT INTO `upms_api_visit` VALUES ('3864', '55', '20200818', '16', null, '1', '58.35.247.63', 'nc-nginx', '172.18.32.205:1081');
INSERT INTO `upms_api_visit` VALUES ('3865', '100', '20200818', '16', null, '3', '202.104.194.162', 'nc-nginx', '172.18.32.205:1081');
INSERT INTO `upms_api_visit` VALUES ('3866', '72', '20200818', '17', null, '1', '42.228.4.36', 'nc-nginx', '172.18.32.205:1081');
INSERT INTO `upms_api_visit` VALUES ('3867', '107', '20200818', '17', '30', '2', '42.228.4.36', 'nc-nginx', '172.18.32.205:1081');
INSERT INTO `upms_api_visit` VALUES ('3868', '122', '20200818', '17', null, '1', '172.18.32.205', 'worldTree', '172.18.32.205:1081');
INSERT INTO `upms_api_visit` VALUES ('3869', '74', '20200818', '17', null, '1', '42.228.4.36', 'nc-nginx', '172.18.32.205:1081');
INSERT INTO `upms_api_visit` VALUES ('3870', '80', '20200818', '17', '30', '3', '180.158.44.148', 'nc-nginx', '172.18.32.205:1081');
INSERT INTO `upms_api_visit` VALUES ('3871', '122', '20200818', '17', null, '1', '172.18.32.205', 'pcgl', '172.18.32.205:1081');
INSERT INTO `upms_api_visit` VALUES ('3872', '122', '20200818', '17', null, '1', '172.18.32.205', 'chat', '172.18.32.205:1081');
INSERT INTO `upms_api_visit` VALUES ('3873', '88', '20200818', '17', '30', '1', '42.228.4.36', 'nc-nginx', '172.18.32.205:1081');
INSERT INTO `upms_api_visit` VALUES ('3874', '108', '20200818', '17', '30', '1', '180.158.44.148', 'nc-nginx', '172.18.32.205:1081');
INSERT INTO `upms_api_visit` VALUES ('3875', '107', '20200818', '17', '30', '7', '180.158.44.148', 'nc-nginx', '172.18.32.205:1081');
INSERT INTO `upms_api_visit` VALUES ('3876', '122', '20200818', '17', null, '1', '172.18.32.205', 'article', '172.18.32.205:1081');
INSERT INTO `upms_api_visit` VALUES ('3877', '80', '20200818', '17', '30', '1', '42.228.4.36', 'nc-nginx', '172.18.32.205:1081');
INSERT INTO `upms_api_visit` VALUES ('3878', '110', '20200818', '17', '30', '1', '180.158.44.148', 'nc-nginx', '172.18.32.205:1081');
INSERT INTO `upms_api_visit` VALUES ('3879', '116', '20200818', '17', '30', '2', '180.158.44.148', 'nc-nginx', '172.18.32.205:1081');
INSERT INTO `upms_api_visit` VALUES ('3880', '155', '20200818', '17', '30', '1', '180.158.44.148', 'nc-nginx', '172.18.32.205:1081');
INSERT INTO `upms_api_visit` VALUES ('3881', '81', '20200818', '17', '30', '3', '42.228.4.36', 'nc-nginx', '172.18.32.205:1081');
INSERT INTO `upms_api_visit` VALUES ('3882', '74', '20200818', '17', null, '1', '180.158.44.148', 'nc-nginx', '172.18.32.205:1081');
INSERT INTO `upms_api_visit` VALUES ('3883', '88', '20200818', '17', '30', '4', '180.158.44.148', 'nc-nginx', '172.18.32.205:1081');
INSERT INTO `upms_api_visit` VALUES ('3884', '72', '20200818', '17', null, '1', '180.158.44.148', 'nc-nginx', '172.18.32.205:1081');
INSERT INTO `upms_api_visit` VALUES ('3885', '115', '20200818', '17', '30', '1', '180.158.44.148', 'nc-nginx', '172.18.32.205:1081');
INSERT INTO `upms_api_visit` VALUES ('3886', '81', '20200818', '17', '30', '9', '180.158.44.148', 'nc-nginx', '172.18.32.205:1081');
INSERT INTO `upms_api_visit` VALUES ('3887', '119', '20200818', '17', '30', '1', '180.158.44.148', 'nc-nginx', '172.18.32.205:1081');
INSERT INTO `upms_api_visit` VALUES ('3888', '122', '20200818', '18', null, '1', '172.18.32.205', 'article', '172.18.32.205:1081');
INSERT INTO `upms_api_visit` VALUES ('3889', '67', '20200818', '18', null, '1', '124.127.118.165', 'nc-nginx', '172.18.32.205:1081');
INSERT INTO `upms_api_visit` VALUES ('3890', '122', '20200818', '18', null, '1', '172.18.32.205', 'pcgl', '172.18.32.205:1081');
INSERT INTO `upms_api_visit` VALUES ('3891', '60', '20200818', '18', null, '1', '124.127.118.165', 'nc-nginx', '172.18.32.205:1081');
INSERT INTO `upms_api_visit` VALUES ('3892', '101', '20200818', '18', null, '6', '124.127.118.165', 'nc-nginx', '172.18.32.205:1081');
INSERT INTO `upms_api_visit` VALUES ('3893', '122', '20200818', '18', null, '1', '172.18.32.205', 'chat', '172.18.32.205:1081');
INSERT INTO `upms_api_visit` VALUES ('3894', '56', '20200818', '18', null, '1', '124.127.118.165', 'nc-nginx', '172.18.32.205:1081');
INSERT INTO `upms_api_visit` VALUES ('3895', '122', '20200818', '18', null, '1', '172.18.32.205', 'worldTree', '172.18.32.205:1081');
INSERT INTO `upms_api_visit` VALUES ('3896', '55', '20200818', '18', null, '1', '124.127.118.165', 'nc-nginx', '172.18.32.205:1081');
INSERT INTO `upms_api_visit` VALUES ('3897', '72', '20200818', '19', null, '1', '172.18.32.205', 'chat', '172.18.32.205:1081');
INSERT INTO `upms_api_visit` VALUES ('3898', '88', '20200818', '19', '30', '1', '58.213.156.173', 'nc-nginx', '172.18.32.205:1081');
INSERT INTO `upms_api_visit` VALUES ('3899', '122', '20200818', '19', null, '1', '172.18.32.205', 'pcgl', '172.18.32.205:1081');
INSERT INTO `upms_api_visit` VALUES ('3900', '122', '20200818', '19', null, '1', '172.18.32.205', 'worldTree', '172.18.32.205:1081');
INSERT INTO `upms_api_visit` VALUES ('3901', '81', '20200818', '19', '30', '2', '58.213.156.173', 'nc-nginx', '172.18.32.205:1081');
INSERT INTO `upms_api_visit` VALUES ('3902', '107', '20200818', '19', '30', '1', '58.213.156.173', 'nc-nginx', '172.18.32.205:1081');
INSERT INTO `upms_api_visit` VALUES ('3903', '72', '20200818', '19', null, '1', '58.213.156.173', 'nc-nginx', '172.18.32.205:1081');
INSERT INTO `upms_api_visit` VALUES ('3904', '74', '20200818', '19', null, '1', '58.213.156.173', 'nc-nginx', '172.18.32.205:1081');
INSERT INTO `upms_api_visit` VALUES ('3905', '202', '20200818', '19', null, '1', '172.18.32.205', 'chat', '172.18.32.205:1081');
INSERT INTO `upms_api_visit` VALUES ('3906', '122', '20200818', '19', null, '1', '172.18.32.205', 'chat', '172.18.32.205:1081');
INSERT INTO `upms_api_visit` VALUES ('3907', '122', '20200818', '19', null, '1', '172.18.32.205', 'article', '172.18.32.205:1081');
INSERT INTO `upms_api_visit` VALUES ('3908', '122', '20200818', '20', null, '1', '172.18.32.205', 'chat', '172.18.32.205:1081');
INSERT INTO `upms_api_visit` VALUES ('3909', '122', '20200818', '20', null, '1', '172.18.32.205', 'article', '172.18.32.205:1081');
INSERT INTO `upms_api_visit` VALUES ('3910', '122', '20200818', '20', null, '1', '172.18.32.205', 'pcgl', '172.18.32.205:1081');
INSERT INTO `upms_api_visit` VALUES ('3911', '122', '20200818', '20', null, '1', '172.18.32.205', 'worldTree', '172.18.32.205:1081');
INSERT INTO `upms_api_visit` VALUES ('3912', '122', '20200818', '21', null, '1', '172.18.32.205', 'chat', '172.18.32.205:1081');
INSERT INTO `upms_api_visit` VALUES ('3913', '122', '20200818', '21', null, '1', '172.18.32.205', 'article', '172.18.32.205:1081');
INSERT INTO `upms_api_visit` VALUES ('3914', '122', '20200818', '21', null, '1', '172.18.32.205', 'worldTree', '172.18.32.205:1081');
INSERT INTO `upms_api_visit` VALUES ('3915', '122', '20200818', '21', null, '1', '172.18.32.205', 'pcgl', '172.18.32.205:1081');
INSERT INTO `upms_api_visit` VALUES ('3916', '122', '20200818', '22', null, '1', '172.18.32.205', 'chat', '172.18.32.205:1081');
INSERT INTO `upms_api_visit` VALUES ('3917', '122', '20200818', '22', null, '1', '172.18.32.205', 'article', '172.18.32.205:1081');
INSERT INTO `upms_api_visit` VALUES ('3918', '122', '20200818', '22', null, '1', '172.18.32.205', 'pcgl', '172.18.32.205:1081');
INSERT INTO `upms_api_visit` VALUES ('3919', '122', '20200818', '22', null, '1', '172.18.32.205', 'worldTree', '172.18.32.205:1081');
INSERT INTO `upms_api_visit` VALUES ('3920', '122', '20200818', '23', null, '1', '172.18.32.205', 'article', '172.18.32.205:1081');
INSERT INTO `upms_api_visit` VALUES ('3921', '122', '20200818', '23', null, '1', '172.18.32.205', 'chat', '172.18.32.205:1081');
INSERT INTO `upms_api_visit` VALUES ('3922', '122', '20200818', '23', null, '1', '172.18.32.205', 'worldTree', '172.18.32.205:1081');
INSERT INTO `upms_api_visit` VALUES ('3923', '122', '20200818', '23', null, '1', '172.18.32.205', 'pcgl', '172.18.32.205:1081');
INSERT INTO `upms_api_visit` VALUES ('3924', '122', '20200819', '00', null, '1', '172.18.32.205', 'worldTree', '172.18.32.205:1081');
INSERT INTO `upms_api_visit` VALUES ('3925', '122', '20200819', '00', null, '1', '172.18.32.205', 'chat', '172.18.32.205:1081');
INSERT INTO `upms_api_visit` VALUES ('3926', '122', '20200819', '00', null, '1', '172.18.32.205', 'article', '172.18.32.205:1081');
INSERT INTO `upms_api_visit` VALUES ('3927', '122', '20200819', '00', null, '1', '172.18.32.205', 'pcgl', '172.18.32.205:1081');
INSERT INTO `upms_api_visit` VALUES ('3928', '122', '20200819', '01', null, '1', '172.18.32.205', 'pcgl', '172.18.32.205:1081');
INSERT INTO `upms_api_visit` VALUES ('3929', '122', '20200819', '01', null, '1', '172.18.32.205', 'worldTree', '172.18.32.205:1081');
INSERT INTO `upms_api_visit` VALUES ('3930', '122', '20200819', '01', null, '1', '172.18.32.205', 'chat', '172.18.32.205:1081');
INSERT INTO `upms_api_visit` VALUES ('3931', '122', '20200819', '01', null, '1', '172.18.32.205', 'article', '172.18.32.205:1081');
INSERT INTO `upms_api_visit` VALUES ('3932', '122', '20200819', '02', null, '1', '172.18.32.205', 'article', '172.18.32.205:1081');
INSERT INTO `upms_api_visit` VALUES ('3933', '122', '20200819', '02', null, '1', '172.18.32.205', 'chat', '172.18.32.205:1081');
INSERT INTO `upms_api_visit` VALUES ('3934', '122', '20200819', '02', null, '1', '172.18.32.205', 'worldTree', '172.18.32.205:1081');
INSERT INTO `upms_api_visit` VALUES ('3935', '122', '20200819', '02', null, '1', '172.18.32.205', 'pcgl', '172.18.32.205:1081');
INSERT INTO `upms_api_visit` VALUES ('3936', '122', '20200819', '03', null, '1', '172.18.32.205', 'article', '172.18.32.205:1081');
INSERT INTO `upms_api_visit` VALUES ('3937', '122', '20200819', '03', null, '1', '172.18.32.205', 'chat', '172.18.32.205:1081');
INSERT INTO `upms_api_visit` VALUES ('3938', '122', '20200819', '03', null, '1', '172.18.32.205', 'worldTree', '172.18.32.205:1081');
INSERT INTO `upms_api_visit` VALUES ('3939', '122', '20200819', '03', null, '1', '172.18.32.205', 'pcgl', '172.18.32.205:1081');
INSERT INTO `upms_api_visit` VALUES ('3940', '122', '20200819', '04', null, '1', '172.18.32.205', 'chat', '172.18.32.205:1081');
INSERT INTO `upms_api_visit` VALUES ('3941', '122', '20200819', '04', null, '1', '172.18.32.205', 'article', '172.18.32.205:1081');
INSERT INTO `upms_api_visit` VALUES ('3942', '122', '20200819', '04', null, '1', '172.18.32.205', 'worldTree', '172.18.32.205:1081');
INSERT INTO `upms_api_visit` VALUES ('3943', '122', '20200819', '04', null, '1', '172.18.32.205', 'pcgl', '172.18.32.205:1081');
INSERT INTO `upms_api_visit` VALUES ('3944', '122', '20200819', '05', null, '1', '172.18.32.205', 'chat', '172.18.32.205:1081');
INSERT INTO `upms_api_visit` VALUES ('3945', '122', '20200819', '05', null, '1', '172.18.32.205', 'worldTree', '172.18.32.205:1081');
INSERT INTO `upms_api_visit` VALUES ('3946', '122', '20200819', '05', null, '1', '172.18.32.205', 'pcgl', '172.18.32.205:1081');
INSERT INTO `upms_api_visit` VALUES ('3947', '122', '20200819', '05', null, '1', '172.18.32.205', 'article', '172.18.32.205:1081');
INSERT INTO `upms_api_visit` VALUES ('3948', '122', '20200819', '06', null, '1', '172.18.32.205', 'worldTree', '172.18.32.205:1081');
INSERT INTO `upms_api_visit` VALUES ('3949', '122', '20200819', '06', null, '1', '172.18.32.205', 'pcgl', '172.18.32.205:1081');
INSERT INTO `upms_api_visit` VALUES ('3950', '122', '20200819', '06', null, '1', '172.18.32.205', 'article', '172.18.32.205:1081');
INSERT INTO `upms_api_visit` VALUES ('3951', '122', '20200819', '06', null, '1', '172.18.32.205', 'chat', '172.18.32.205:1081');
INSERT INTO `upms_api_visit` VALUES ('3952', '122', '20200819', '07', null, '1', '172.18.32.205', 'pcgl', '172.18.32.205:1081');
INSERT INTO `upms_api_visit` VALUES ('3953', '122', '20200819', '07', null, '1', '172.18.32.205', 'worldTree', '172.18.32.205:1081');
INSERT INTO `upms_api_visit` VALUES ('3954', '122', '20200819', '07', null, '1', '172.18.32.205', 'chat', '172.18.32.205:1081');
INSERT INTO `upms_api_visit` VALUES ('3955', '122', '20200819', '07', null, '1', '172.18.32.205', 'article', '172.18.32.205:1081');
INSERT INTO `upms_api_visit` VALUES ('3956', '122', '20200819', '08', null, '1', '172.18.32.205', 'article', '172.18.32.205:1081');
INSERT INTO `upms_api_visit` VALUES ('3957', '122', '20200819', '08', null, '1', '172.18.32.205', 'worldTree', '172.18.32.205:1081');
INSERT INTO `upms_api_visit` VALUES ('3958', '122', '20200819', '08', null, '1', '172.18.32.205', 'pcgl', '172.18.32.205:1081');
INSERT INTO `upms_api_visit` VALUES ('3959', '122', '20200819', '08', null, '1', '172.18.32.205', 'chat', '172.18.32.205:1081');
INSERT INTO `upms_api_visit` VALUES ('3960', '72', '20200819', '09', null, '1', '172.18.32.205', 'chat', '172.18.32.205:1081');
INSERT INTO `upms_api_visit` VALUES ('3961', '122', '20200819', '09', null, '1', '172.18.32.205', 'pcgl', '172.18.32.205:1081');
INSERT INTO `upms_api_visit` VALUES ('3962', '80', '20200819', '09', '30', '1', '113.140.81.66', 'nc-nginx', '172.18.32.205:1081');
INSERT INTO `upms_api_visit` VALUES ('3963', '122', '20200819', '09', null, '1', '172.18.32.205', 'worldTree', '172.18.32.205:1081');
INSERT INTO `upms_api_visit` VALUES ('3964', '107', '20200819', '09', '30', '2', '113.140.81.66', 'nc-nginx', '172.18.32.205:1081');
INSERT INTO `upms_api_visit` VALUES ('3965', '88', '20200819', '09', '30', '1', '113.140.81.66', 'nc-nginx', '172.18.32.205:1081');
INSERT INTO `upms_api_visit` VALUES ('3966', '81', '20200819', '09', '30', '3', '113.140.81.66', 'nc-nginx', '172.18.32.205:1081');
INSERT INTO `upms_api_visit` VALUES ('3967', '202', '20200819', '09', null, '1', '172.18.32.205', 'chat', '172.18.32.205:1081');
INSERT INTO `upms_api_visit` VALUES ('3968', '72', '20200819', '09', null, '1', '113.140.81.66', 'nc-nginx', '172.18.32.205:1081');
INSERT INTO `upms_api_visit` VALUES ('3969', '74', '20200819', '09', null, '1', '113.140.81.66', 'nc-nginx', '172.18.32.205:1081');
INSERT INTO `upms_api_visit` VALUES ('3970', '122', '20200819', '09', null, '1', '172.18.32.205', 'chat', '172.18.32.205:1081');
INSERT INTO `upms_api_visit` VALUES ('3971', '122', '20200819', '09', null, '1', '172.18.32.205', 'article', '172.18.32.205:1081');
INSERT INTO `upms_api_visit` VALUES ('3972', '71', '20200819', '10', null, '4', '113.78.167.45', 'nc-nginx', '172.18.32.205:1081');
INSERT INTO `upms_api_visit` VALUES ('3973', '56', '20200819', '10', null, '1', '114.242.9.171', 'nc-nginx', '172.18.32.205:1081');
INSERT INTO `upms_api_visit` VALUES ('3974', '186', '20200819', '10', null, '3', '113.78.167.45', 'nc-nginx', '172.18.32.205:1081');
INSERT INTO `upms_api_visit` VALUES ('3975', '60', '20200819', '10', null, '13', '113.78.167.45', 'nc-nginx', '172.18.32.205:1081');
INSERT INTO `upms_api_visit` VALUES ('3976', '67', '20200819', '10', null, '6', '113.78.167.45', 'nc-nginx', '172.18.32.205:1081');
INSERT INTO `upms_api_visit` VALUES ('3977', '67', '20200819', '10', null, '3', '113.140.81.66', 'nc-nginx', '172.18.32.205:1081');
INSERT INTO `upms_api_visit` VALUES ('3978', '101', '20200819', '10', null, '6', '113.78.167.45', 'nc-nginx', '172.18.32.205:1081');
INSERT INTO `upms_api_visit` VALUES ('3979', '71', '20200819', '10', null, '3', '113.140.81.66', 'nc-nginx', '172.18.32.205:1081');
INSERT INTO `upms_api_visit` VALUES ('3980', '122', '20200819', '10', null, '1', '172.18.32.205', 'chat', '172.18.32.205:1081');
INSERT INTO `upms_api_visit` VALUES ('3981', '51', '20200819', '10', null, '2', '113.140.81.66', 'nc-nginx', '172.18.32.205:1081');
INSERT INTO `upms_api_visit` VALUES ('3982', '51', '20200819', '10', null, '4', '113.78.167.45', 'nc-nginx', '172.18.32.205:1081');
INSERT INTO `upms_api_visit` VALUES ('3983', '60', '20200819', '10', null, '3', '114.242.9.171', 'nc-nginx', '172.18.32.205:1081');
INSERT INTO `upms_api_visit` VALUES ('3984', '186', '20200819', '10', null, '3', '113.140.81.66', 'nc-nginx', '172.18.32.205:1081');
INSERT INTO `upms_api_visit` VALUES ('3985', '149', '20200819', '10', null, '2', '114.242.9.171', 'nc-nginx', '172.18.32.205:1081');
INSERT INTO `upms_api_visit` VALUES ('3986', '122', '20200819', '10', null, '1', '172.18.32.205', 'worldTree', '172.18.32.205:1081');
INSERT INTO `upms_api_visit` VALUES ('3987', '55', '20200819', '10', null, '2', '113.140.81.66', 'nc-nginx', '172.18.32.205:1081');
INSERT INTO `upms_api_visit` VALUES ('3988', '56', '20200819', '10', null, '2', '113.78.167.45', 'nc-nginx', '172.18.32.205:1081');
INSERT INTO `upms_api_visit` VALUES ('3989', '81', '20200819', '10', '30', '17', '113.140.81.66', 'nc-nginx', '172.18.32.205:1081');
INSERT INTO `upms_api_visit` VALUES ('3990', '149', '20200819', '10', null, '2', '113.78.167.45', 'nc-nginx', '172.18.32.205:1081');
INSERT INTO `upms_api_visit` VALUES ('3991', '115', '20200819', '10', '30', '1', '113.140.81.66', 'nc-nginx', '172.18.32.205:1081');
INSERT INTO `upms_api_visit` VALUES ('3992', '88', '20200819', '10', '30', '7', '113.140.81.66', 'nc-nginx', '172.18.32.205:1081');
INSERT INTO `upms_api_visit` VALUES ('3993', '51', '20200819', '10', null, '1', '114.242.9.171', 'nc-nginx', '172.18.32.205:1081');
INSERT INTO `upms_api_visit` VALUES ('3994', '171', '20200819', '10', null, '2', '113.140.81.66', 'nc-nginx', '172.18.32.205:1081');
INSERT INTO `upms_api_visit` VALUES ('3995', '80', '20200819', '10', '30', '6', '113.140.81.66', 'nc-nginx', '172.18.32.205:1081');
INSERT INTO `upms_api_visit` VALUES ('3996', '171', '20200819', '10', null, '2', '113.78.167.45', 'nc-nginx', '172.18.32.205:1081');
INSERT INTO `upms_api_visit` VALUES ('3997', '60', '20200819', '10', null, '8', '113.140.81.66', 'nc-nginx', '172.18.32.205:1081');
INSERT INTO `upms_api_visit` VALUES ('3998', '122', '20200819', '10', null, '1', '172.18.32.205', 'article', '172.18.32.205:1081');
INSERT INTO `upms_api_visit` VALUES ('3999', '139', '20200819', '10', null, '1', '114.242.9.171', 'nc-nginx', '172.18.32.205:1081');
INSERT INTO `upms_api_visit` VALUES ('4000', '55', '20200819', '10', null, '1', '114.242.9.171', 'nc-nginx', '172.18.32.205:1081');
INSERT INTO `upms_api_visit` VALUES ('4001', '122', '20200819', '10', null, '1', '172.18.32.205', 'pcgl', '172.18.32.205:1081');
INSERT INTO `upms_api_visit` VALUES ('4002', '107', '20200819', '10', '30', '12', '113.140.81.66', 'nc-nginx', '172.18.32.205:1081');
INSERT INTO `upms_api_visit` VALUES ('4003', '149', '20200819', '10', null, '2', '113.140.81.66', 'nc-nginx', '172.18.32.205:1081');
INSERT INTO `upms_api_visit` VALUES ('4004', '155', '20200819', '10', '30', '1', '113.140.81.66', 'nc-nginx', '172.18.32.205:1081');
INSERT INTO `upms_api_visit` VALUES ('4005', '67', '20200819', '10', null, '1', '114.242.9.171', 'nc-nginx', '172.18.32.205:1081');
INSERT INTO `upms_api_visit` VALUES ('4006', '55', '20200819', '10', null, '1', '113.78.167.45', 'nc-nginx', '172.18.32.205:1081');
INSERT INTO `upms_api_visit` VALUES ('4007', '186', '20200819', '10', null, '1', '114.242.9.171', 'nc-nginx', '172.18.32.205:1081');
INSERT INTO `upms_api_visit` VALUES ('4008', '122', '20200819', '11', null, '1', '172.18.32.205', 'chat', '172.18.32.205:1081');
INSERT INTO `upms_api_visit` VALUES ('4009', '60', '20200819', '11', null, '4', '127.0.0.1', 'nc-nginx', '192.168.143.95:1081');
INSERT INTO `upms_api_visit` VALUES ('4010', '122', '20200819', '11', null, '1', '172.18.32.205', 'worldTree', '172.18.32.205:1081');
INSERT INTO `upms_api_visit` VALUES ('4011', '107', '20200819', '11', '30', '4', '113.140.81.66', 'nc-nginx', '172.18.32.205:1081');
INSERT INTO `upms_api_visit` VALUES ('4012', '122', '20200819', '11', null, '1', '172.18.32.205', 'pcgl', '172.18.32.205:1081');
INSERT INTO `upms_api_visit` VALUES ('4013', '122', '20200819', '11', null, '1', '172.18.32.205', 'article', '172.18.32.205:1081');
INSERT INTO `upms_api_visit` VALUES ('4014', '81', '20200819', '11', '30', '5', '113.140.81.66', 'nc-nginx', '172.18.32.205:1081');
INSERT INTO `upms_api_visit` VALUES ('4015', '51', '20200819', '11', null, '1', '127.0.0.1', 'nc-nginx', '192.168.143.95:1081');
INSERT INTO `upms_api_visit` VALUES ('4016', '72', '20200819', '11', null, '3', '113.140.81.66', 'nc-nginx', '172.18.32.205:1081');
INSERT INTO `upms_api_visit` VALUES ('4017', '80', '20200819', '11', '30', '2', '113.140.81.66', 'nc-nginx', '172.18.32.205:1081');
INSERT INTO `upms_api_visit` VALUES ('4018', '157', '20200819', '11', '30', '3', '113.140.81.66', 'nc-nginx', '172.18.32.205:1081');
INSERT INTO `upms_api_visit` VALUES ('4019', '88', '20200819', '11', '30', '1', '113.140.81.66', 'nc-nginx', '172.18.32.205:1081');
INSERT INTO `upms_api_visit` VALUES ('4020', '67', '20200819', '11', null, '2', '127.0.0.1', 'nc-nginx', '192.168.143.95:1081');
INSERT INTO `upms_api_visit` VALUES ('4021', '186', '20200819', '11', null, '1', '127.0.0.1', 'nc-nginx', '192.168.143.95:1081');
INSERT INTO `upms_api_visit` VALUES ('4022', '171', '20200819', '11', null, '1', '127.0.0.1', 'nc-nginx', '192.168.143.95:1081');
INSERT INTO `upms_api_visit` VALUES ('4023', '149', '20200819', '11', null, '1', '127.0.0.1', 'nc-nginx', '192.168.143.95:1081');
INSERT INTO `upms_api_visit` VALUES ('4024', '71', '20200819', '11', null, '1', '127.0.0.1', 'nc-nginx', '192.168.143.95:1081');
INSERT INTO `upms_api_visit` VALUES ('4025', '55', '20200819', '11', null, '1', '127.0.0.1', 'nc-nginx', '192.168.143.95:1081');
INSERT INTO `upms_api_visit` VALUES ('4026', '56', '20200819', '11', null, '5', '127.0.0.1', 'nc-nginx', '192.168.143.95:1081');
INSERT INTO `upms_api_visit` VALUES ('4027', '101', '20200819', '11', null, '12', '127.0.0.1', 'nc-nginx', '192.168.143.95:1081');
INSERT INTO `upms_api_visit` VALUES ('4028', '122', '20200819', '12', null, '1', '172.18.32.205', 'article', '172.18.32.205:1081');
INSERT INTO `upms_api_visit` VALUES ('4029', '122', '20200819', '12', null, '1', '172.18.32.205', 'chat', '172.18.32.205:1081');
INSERT INTO `upms_api_visit` VALUES ('4030', '122', '20200819', '12', null, '1', '172.18.32.205', 'pcgl', '172.18.32.205:1081');
INSERT INTO `upms_api_visit` VALUES ('4031', '122', '20200819', '12', null, '1', '172.18.32.205', 'worldTree', '172.18.32.205:1081');
INSERT INTO `upms_api_visit` VALUES ('4032', '88', '20200819', '13', '30', '2', '117.132.4.162', 'nc-nginx', '172.18.32.205:1081');
INSERT INTO `upms_api_visit` VALUES ('4033', '107', '20200819', '13', '30', '3', '117.132.4.162', 'nc-nginx', '172.18.32.205:1081');
INSERT INTO `upms_api_visit` VALUES ('4034', '55', '20200819', '13', null, '2', '117.132.4.162', 'nc-nginx', '172.18.32.205:1081');
INSERT INTO `upms_api_visit` VALUES ('4035', '81', '20200819', '13', '30', '6', '117.132.4.162', 'nc-nginx', '172.18.32.205:1081');
INSERT INTO `upms_api_visit` VALUES ('4036', '122', '20200819', '13', null, '1', '172.18.32.205', 'worldTree', '172.18.32.205:1081');
INSERT INTO `upms_api_visit` VALUES ('4037', '122', '20200819', '13', null, '1', '172.18.32.205', 'pcgl', '172.18.32.205:1081');
INSERT INTO `upms_api_visit` VALUES ('4038', '202', '20200819', '13', null, '1', '172.18.32.205', 'chat', '172.18.32.205:1081');
INSERT INTO `upms_api_visit` VALUES ('4039', '122', '20200819', '13', null, '1', '172.18.32.205', 'article', '172.18.32.205:1081');
INSERT INTO `upms_api_visit` VALUES ('4040', '74', '20200819', '13', null, '1', '117.132.4.162', 'nc-nginx', '172.18.32.205:1081');
INSERT INTO `upms_api_visit` VALUES ('4041', '80', '20200819', '13', '30', '2', '117.132.4.162', 'nc-nginx', '172.18.32.205:1081');
INSERT INTO `upms_api_visit` VALUES ('4042', '122', '20200819', '13', null, '1', '172.18.32.205', 'chat', '172.18.32.205:1081');
INSERT INTO `upms_api_visit` VALUES ('4043', '72', '20200819', '13', null, '1', '172.18.32.205', 'chat', '172.18.32.205:1081');
INSERT INTO `upms_api_visit` VALUES ('4044', '72', '20200819', '13', null, '1', '117.132.4.162', 'nc-nginx', '172.18.32.205:1081');
INSERT INTO `upms_api_visit` VALUES ('4045', '149', '20200819', '14', null, '1', '202.104.194.162', 'nc-nginx', '172.18.32.205:1081');
INSERT INTO `upms_api_visit` VALUES ('4046', '73', '20200819', '14', null, '2', '202.104.194.162', 'nc-nginx', '172.18.32.205:1081');
INSERT INTO `upms_api_visit` VALUES ('4047', '75', '20200819', '14', null, '2', '202.104.194.162', 'nc-nginx', '172.18.32.205:1081');
INSERT INTO `upms_api_visit` VALUES ('4048', '80', '20200819', '14', '30', '1', '117.132.4.162', 'nc-nginx', '172.18.32.205:1081');
INSERT INTO `upms_api_visit` VALUES ('4049', '88', '20200819', '14', '30', '1', '202.104.194.162', 'nc-nginx', '172.18.32.205:1081');
INSERT INTO `upms_api_visit` VALUES ('4050', '177', '20200819', '14', null, '2', '202.104.194.162', 'nc-nginx', '172.18.32.205:1081');
INSERT INTO `upms_api_visit` VALUES ('4051', '182', '20200819', '14', null, '1', '202.104.194.162', 'nc-nginx', '172.18.32.205:1081');
INSERT INTO `upms_api_visit` VALUES ('4052', '56', '20200819', '14', null, '2', '202.104.194.162', 'nc-nginx', '172.18.32.205:1081');
INSERT INTO `upms_api_visit` VALUES ('4053', '107', '20200819', '14', '30', '2', '202.104.194.162', 'nc-nginx', '172.18.32.205:1081');
INSERT INTO `upms_api_visit` VALUES ('4054', '122', '20200819', '14', null, '1', '172.18.32.205', 'worldTree', '172.18.32.205:1081');
INSERT INTO `upms_api_visit` VALUES ('4055', '81', '20200819', '14', '30', '3', '117.132.4.162', 'nc-nginx', '172.18.32.205:1081');
INSERT INTO `upms_api_visit` VALUES ('4056', '60', '20200819', '14', null, '5', '202.104.194.162', 'nc-nginx', '172.18.32.205:1081');
INSERT INTO `upms_api_visit` VALUES ('4057', '71', '20200819', '14', null, '7', '202.104.194.162', 'nc-nginx', '172.18.32.205:1081');
INSERT INTO `upms_api_visit` VALUES ('4058', '202', '20200819', '14', null, '1', '172.18.32.205', 'chat', '172.18.32.205:1081');
INSERT INTO `upms_api_visit` VALUES ('4059', '68', '20200819', '14', null, '1', '202.104.194.162', 'nc-nginx', '172.18.32.205:1081');
INSERT INTO `upms_api_visit` VALUES ('4060', '122', '20200819', '14', null, '1', '172.18.32.205', 'article', '172.18.32.205:1081');
INSERT INTO `upms_api_visit` VALUES ('4061', '51', '20200819', '14', null, '1', '202.104.194.162', 'nc-nginx', '172.18.32.205:1081');
INSERT INTO `upms_api_visit` VALUES ('4062', '122', '20200819', '14', null, '1', '172.18.32.205', 'chat', '172.18.32.205:1081');
INSERT INTO `upms_api_visit` VALUES ('4063', '101', '20200819', '14', null, '6', '202.104.194.162', 'nc-nginx', '172.18.32.205:1081');
INSERT INTO `upms_api_visit` VALUES ('4064', '186', '20200819', '14', null, '2', '202.104.194.162', 'nc-nginx', '172.18.32.205:1081');
INSERT INTO `upms_api_visit` VALUES ('4065', '67', '20200819', '14', null, '4', '202.104.194.162', 'nc-nginx', '172.18.32.205:1081');
INSERT INTO `upms_api_visit` VALUES ('4066', '80', '20200819', '14', '30', '1', '202.104.194.162', 'nc-nginx', '172.18.32.205:1081');
INSERT INTO `upms_api_visit` VALUES ('4067', '72', '20200819', '14', null, '2', '202.104.194.162', 'nc-nginx', '172.18.32.205:1081');
INSERT INTO `upms_api_visit` VALUES ('4068', '171', '20200819', '14', null, '1', '202.104.194.162', 'nc-nginx', '172.18.32.205:1081');
INSERT INTO `upms_api_visit` VALUES ('4069', '55', '20200819', '14', null, '2', '202.104.194.162', 'nc-nginx', '172.18.32.205:1081');
INSERT INTO `upms_api_visit` VALUES ('4070', '72', '20200819', '14', null, '2', '172.18.32.205', 'chat', '172.18.32.205:1081');
INSERT INTO `upms_api_visit` VALUES ('4071', '81', '20200819', '14', '30', '3', '202.104.194.162', 'nc-nginx', '172.18.32.205:1081');
INSERT INTO `upms_api_visit` VALUES ('4072', '100', '20200819', '14', null, '2', '202.104.194.162', 'nc-nginx', '172.18.32.205:1081');
INSERT INTO `upms_api_visit` VALUES ('4073', '88', '20200819', '14', '30', '1', '117.132.4.162', 'nc-nginx', '172.18.32.205:1081');
INSERT INTO `upms_api_visit` VALUES ('4074', '74', '20200819', '14', null, '2', '202.104.194.162', 'nc-nginx', '172.18.32.205:1081');
INSERT INTO `upms_api_visit` VALUES ('4075', '167', '20200819', '14', null, '2', '202.104.194.162', 'nc-nginx', '172.18.32.205:1081');
INSERT INTO `upms_api_visit` VALUES ('4076', '159', '20200819', '14', null, '4', '202.104.194.162', 'nc-nginx', '172.18.32.205:1081');
INSERT INTO `upms_api_visit` VALUES ('4077', '122', '20200819', '14', null, '1', '172.18.32.205', 'pcgl', '172.18.32.205:1081');
INSERT INTO `upms_api_visit` VALUES ('4078', '107', '20200819', '14', '30', '2', '117.132.4.162', 'nc-nginx', '172.18.32.205:1081');
INSERT INTO `upms_api_visit` VALUES ('4079', '158', '20200819', '14', null, '1', '202.104.194.162', 'nc-nginx', '172.18.32.205:1081');
INSERT INTO `upms_api_visit` VALUES ('4080', '155', '20200819', '15', '30', '2', '117.132.4.162', 'nc-nginx', '172.18.32.205:1081');
INSERT INTO `upms_api_visit` VALUES ('4081', '110', '20200819', '15', '30', '1', '117.132.4.162', 'nc-nginx', '172.18.32.205:1081');
INSERT INTO `upms_api_visit` VALUES ('4082', '122', '20200819', '15', null, '1', '172.18.32.205', 'pcgl', '172.18.32.205:1081');
INSERT INTO `upms_api_visit` VALUES ('4083', '119', '20200819', '15', '30', '1', '117.132.4.162', 'nc-nginx', '172.18.32.205:1081');
INSERT INTO `upms_api_visit` VALUES ('4084', '107', '20200819', '15', '30', '1', '117.132.4.162', 'nc-nginx', '172.18.32.205:1081');
INSERT INTO `upms_api_visit` VALUES ('4085', '80', '20200819', '15', '30', '1', '117.132.4.162', 'nc-nginx', '172.18.32.205:1081');
INSERT INTO `upms_api_visit` VALUES ('4086', '122', '20200819', '15', null, '1', '172.18.32.205', 'worldTree', '172.18.32.205:1081');
INSERT INTO `upms_api_visit` VALUES ('4087', '81', '20200819', '15', '30', '2', '117.132.4.162', 'nc-nginx', '172.18.32.205:1081');
INSERT INTO `upms_api_visit` VALUES ('4088', '122', '20200819', '15', null, '1', '172.18.32.205', 'chat', '172.18.32.205:1081');
INSERT INTO `upms_api_visit` VALUES ('4089', '122', '20200819', '15', null, '1', '172.18.32.205', 'article', '172.18.32.205:1081');
INSERT INTO `upms_api_visit` VALUES ('4090', '115', '20200819', '15', '30', '2', '117.132.4.162', 'nc-nginx', '172.18.32.205:1081');
INSERT INTO `upms_api_visit` VALUES ('4091', '108', '20200819', '15', '30', '1', '117.132.4.162', 'nc-nginx', '172.18.32.205:1081');
INSERT INTO `upms_api_visit` VALUES ('4092', '88', '20200819', '15', '30', '1', '117.132.4.162', 'nc-nginx', '172.18.32.205:1081');
INSERT INTO `upms_api_visit` VALUES ('4093', '116', '20200819', '15', '30', '1', '117.132.4.162', 'nc-nginx', '172.18.32.205:1081');
INSERT INTO `upms_api_visit` VALUES ('4094', '197', '20200819', '16', '30', '2', '223.75.61.10', 'nc-nginx', '172.18.32.205:1081');
INSERT INTO `upms_api_visit` VALUES ('4095', '74', '20200819', '16', null, '1', '112.66.107.149', 'nc-nginx', '172.18.32.205:1081');
INSERT INTO `upms_api_visit` VALUES ('4096', '116', '20200819', '16', '30', '1', '223.75.61.10', 'nc-nginx', '172.18.32.205:1081');
INSERT INTO `upms_api_visit` VALUES ('4097', '122', '20200819', '16', null, '1', '172.18.32.205', 'article', '172.18.32.205:1081');
INSERT INTO `upms_api_visit` VALUES ('4098', '122', '20200819', '16', null, '1', '172.18.32.205', 'chat', '172.18.32.205:1081');
INSERT INTO `upms_api_visit` VALUES ('4099', '119', '20200819', '16', '30', '3', '223.75.61.10', 'nc-nginx', '172.18.32.205:1081');
INSERT INTO `upms_api_visit` VALUES ('4100', '190', '20200819', '16', null, '2', '172.18.32.205', 'chat', '172.18.32.205:1081');
INSERT INTO `upms_api_visit` VALUES ('4101', '74', '20200819', '16', null, '1', '223.75.61.10', 'nc-nginx', '172.18.32.205:1081');
INSERT INTO `upms_api_visit` VALUES ('4102', '72', '20200819', '16', null, '1', '112.66.107.149', 'nc-nginx', '172.18.32.205:1081');
INSERT INTO `upms_api_visit` VALUES ('4103', '72', '20200819', '16', null, '4', '223.75.61.10', 'nc-nginx', '172.18.32.205:1081');
INSERT INTO `upms_api_visit` VALUES ('4104', '167', '20200819', '16', '30', '1', '223.75.61.10', 'nc-nginx', '172.18.32.205:1081');
INSERT INTO `upms_api_visit` VALUES ('4105', '107', '20200819', '16', '30', '1', '223.75.61.10', 'nc-nginx', '172.18.32.205:1081');
INSERT INTO `upms_api_visit` VALUES ('4106', '72', '20200819', '16', null, '3', '172.18.32.205', 'chat', '172.18.32.205:1081');
INSERT INTO `upms_api_visit` VALUES ('4107', '202', '20200819', '16', null, '7', '172.18.32.205', 'chat', '172.18.32.205:1081');
INSERT INTO `upms_api_visit` VALUES ('4108', '81', '20200819', '16', '30', '4', '223.75.61.10', 'nc-nginx', '172.18.32.205:1081');
INSERT INTO `upms_api_visit` VALUES ('4109', '122', '20200819', '16', null, '1', '172.18.32.205', 'pcgl', '172.18.32.205:1081');
INSERT INTO `upms_api_visit` VALUES ('4110', '122', '20200819', '16', null, '1', '172.18.32.205', 'worldTree', '172.18.32.205:1081');
INSERT INTO `upms_api_visit` VALUES ('4111', '157', '20200819', '16', '30', '3', '223.75.61.10', 'nc-nginx', '172.18.32.205:1081');
INSERT INTO `upms_api_visit` VALUES ('4112', '191', '20200819', '16', null, '1', '172.18.32.205', 'chat', '172.18.32.205:1081');
INSERT INTO `upms_api_visit` VALUES ('4113', '80', '20200819', '16', '30', '1', '223.75.61.10', 'nc-nginx', '172.18.32.205:1081');
INSERT INTO `upms_api_visit` VALUES ('4114', '88', '20200819', '16', '30', '1', '223.75.61.10', 'nc-nginx', '172.18.32.205:1081');
INSERT INTO `upms_api_visit` VALUES ('4115', '122', '20200819', '17', null, '1', '172.18.32.205', 'pcgl', '172.18.32.205:1081');
INSERT INTO `upms_api_visit` VALUES ('4116', '122', '20200819', '17', null, '1', '172.18.32.205', 'article', '172.18.32.205:1081');
INSERT INTO `upms_api_visit` VALUES ('4117', '122', '20200819', '17', null, '1', '172.18.32.205', 'worldTree', '172.18.32.205:1081');
INSERT INTO `upms_api_visit` VALUES ('4118', '122', '20200819', '17', null, '1', '172.18.32.205', 'chat', '172.18.32.205:1081');
INSERT INTO `upms_api_visit` VALUES ('4119', '122', '20200819', '18', null, '1', '172.18.32.205', 'pcgl', '172.18.32.205:1081');
INSERT INTO `upms_api_visit` VALUES ('4120', '122', '20200819', '18', null, '1', '172.18.32.205', 'worldTree', '172.18.32.205:1081');
INSERT INTO `upms_api_visit` VALUES ('4121', '122', '20200819', '18', null, '1', '172.18.32.205', 'chat', '172.18.32.205:1081');
INSERT INTO `upms_api_visit` VALUES ('4122', '122', '20200819', '18', null, '1', '172.18.32.205', 'article', '172.18.32.205:1081');
INSERT INTO `upms_api_visit` VALUES ('4123', '122', '20200819', '19', null, '1', '172.18.32.205', 'article', '172.18.32.205:1081');
INSERT INTO `upms_api_visit` VALUES ('4124', '122', '20200819', '19', null, '1', '172.18.32.205', 'worldTree', '172.18.32.205:1081');
INSERT INTO `upms_api_visit` VALUES ('4125', '122', '20200819', '19', null, '1', '172.18.32.205', 'pcgl', '172.18.32.205:1081');
INSERT INTO `upms_api_visit` VALUES ('4126', '122', '20200819', '19', null, '1', '172.18.32.205', 'chat', '172.18.32.205:1081');
INSERT INTO `upms_api_visit` VALUES ('4127', '122', '20200819', '20', null, '1', '172.18.32.205', 'worldTree', '172.18.32.205:1081');
INSERT INTO `upms_api_visit` VALUES ('4128', '122', '20200819', '20', null, '1', '172.18.32.205', 'pcgl', '172.18.32.205:1081');
INSERT INTO `upms_api_visit` VALUES ('4129', '122', '20200819', '20', null, '1', '172.18.32.205', 'chat', '172.18.32.205:1081');
INSERT INTO `upms_api_visit` VALUES ('4130', '122', '20200819', '20', null, '1', '172.18.32.205', 'article', '172.18.32.205:1081');
INSERT INTO `upms_api_visit` VALUES ('4131', '122', '20200819', '21', null, '1', '172.18.32.205', 'article', '172.18.32.205:1081');
INSERT INTO `upms_api_visit` VALUES ('4132', '122', '20200819', '21', null, '1', '172.18.32.205', 'worldTree', '172.18.32.205:1081');
INSERT INTO `upms_api_visit` VALUES ('4133', '122', '20200819', '21', null, '1', '172.18.32.205', 'pcgl', '172.18.32.205:1081');
INSERT INTO `upms_api_visit` VALUES ('4134', '122', '20200819', '21', null, '1', '172.18.32.205', 'chat', '172.18.32.205:1081');
INSERT INTO `upms_api_visit` VALUES ('4135', '122', '20200819', '22', null, '1', '172.18.32.205', 'pcgl', '172.18.32.205:1081');
INSERT INTO `upms_api_visit` VALUES ('4136', '122', '20200819', '22', null, '1', '172.18.32.205', 'worldTree', '172.18.32.205:1081');
INSERT INTO `upms_api_visit` VALUES ('4137', '122', '20200819', '22', null, '1', '172.18.32.205', 'article', '172.18.32.205:1081');
INSERT INTO `upms_api_visit` VALUES ('4138', '122', '20200819', '22', null, '1', '172.18.32.205', 'chat', '172.18.32.205:1081');
INSERT INTO `upms_api_visit` VALUES ('4139', '101', '20200819', '23', null, '3', '183.17.56.192', 'nc-nginx', '172.18.32.205:1081');
INSERT INTO `upms_api_visit` VALUES ('4140', '60', '20200819', '23', null, '5', '221.219.56.250', 'nc-nginx', '172.18.32.205:1081');
INSERT INTO `upms_api_visit` VALUES ('4141', '101', '20200819', '23', null, '2', '183.17.56.193', 'nc-nginx', '172.18.32.205:1081');
INSERT INTO `upms_api_visit` VALUES ('4142', '186', '20200819', '23', null, '1', '221.219.56.250', 'nc-nginx', '172.18.32.205:1081');
INSERT INTO `upms_api_visit` VALUES ('4143', '101', '20200819', '23', null, '1', '183.17.56.195', 'nc-nginx', '172.18.32.205:1081');
INSERT INTO `upms_api_visit` VALUES ('4144', '100', '20200819', '23', null, '1', '183.17.56.192', 'nc-nginx', '172.18.32.205:1081');
INSERT INTO `upms_api_visit` VALUES ('4145', '51', '20200819', '23', null, '1', '183.17.56.192', 'nc-nginx', '172.18.32.205:1081');
INSERT INTO `upms_api_visit` VALUES ('4146', '72', '20200819', '23', null, '1', '183.17.56.193', 'nc-nginx', '172.18.32.205:1081');
INSERT INTO `upms_api_visit` VALUES ('4147', '71', '20200819', '23', null, '1', '221.219.56.250', 'nc-nginx', '172.18.32.205:1081');
INSERT INTO `upms_api_visit` VALUES ('4148', '67', '20200819', '23', null, '4', '183.17.56.193', 'nc-nginx', '172.18.32.205:1081');
INSERT INTO `upms_api_visit` VALUES ('4149', '186', '20200819', '23', null, '1', '183.17.56.192', 'nc-nginx', '172.18.32.205:1081');
INSERT INTO `upms_api_visit` VALUES ('4150', '101', '20200819', '23', null, '6', '221.219.56.250', 'nc-nginx', '172.18.32.205:1081');
INSERT INTO `upms_api_visit` VALUES ('4151', '60', '20200819', '23', null, '6', '183.17.56.193', 'nc-nginx', '172.18.32.205:1081');
INSERT INTO `upms_api_visit` VALUES ('4152', '56', '20200819', '23', null, '2', '221.219.56.250', 'nc-nginx', '172.18.32.205:1081');
INSERT INTO `upms_api_visit` VALUES ('4153', '60', '20200819', '23', null, '3', '183.17.56.192', 'nc-nginx', '172.18.32.205:1081');
INSERT INTO `upms_api_visit` VALUES ('4154', '122', '20200819', '23', null, '1', '172.18.32.205', 'worldTree', '172.18.32.205:1081');
INSERT INTO `upms_api_visit` VALUES ('4155', '149', '20200819', '23', null, '1', '221.219.56.250', 'nc-nginx', '172.18.32.205:1081');
INSERT INTO `upms_api_visit` VALUES ('4156', '56', '20200819', '23', null, '2', '183.17.56.192', 'nc-nginx', '172.18.32.205:1081');
INSERT INTO `upms_api_visit` VALUES ('4157', '202', '20200819', '23', null, '2', '172.18.32.205', 'chat', '172.18.32.205:1081');
INSERT INTO `upms_api_visit` VALUES ('4158', '171', '20200819', '23', null, '1', '183.17.56.192', 'nc-nginx', '172.18.32.205:1081');
INSERT INTO `upms_api_visit` VALUES ('4159', '149', '20200819', '23', null, '1', '183.17.56.192', 'nc-nginx', '172.18.32.205:1081');
INSERT INTO `upms_api_visit` VALUES ('4160', '149', '20200819', '23', null, '1', '183.17.56.193', 'nc-nginx', '172.18.32.205:1081');
INSERT INTO `upms_api_visit` VALUES ('4161', '72', '20200819', '23', null, '1', '221.219.56.250', 'nc-nginx', '172.18.32.205:1081');
INSERT INTO `upms_api_visit` VALUES ('4162', '72', '20200819', '23', null, '2', '172.18.32.205', 'chat', '172.18.32.205:1081');
INSERT INTO `upms_api_visit` VALUES ('4163', '74', '20200819', '23', null, '1', '221.219.56.250', 'nc-nginx', '172.18.32.205:1081');
INSERT INTO `upms_api_visit` VALUES ('4164', '122', '20200819', '23', null, '1', '172.18.32.205', 'article', '172.18.32.205:1081');
INSERT INTO `upms_api_visit` VALUES ('4165', '66', '20200819', '23', null, '1', '221.219.56.250', 'nc-nginx', '172.18.32.205:1081');
INSERT INTO `upms_api_visit` VALUES ('4166', '171', '20200819', '23', null, '1', '183.17.56.193', 'nc-nginx', '172.18.32.205:1081');
INSERT INTO `upms_api_visit` VALUES ('4167', '122', '20200819', '23', null, '1', '172.18.32.205', 'chat', '172.18.32.205:1081');
INSERT INTO `upms_api_visit` VALUES ('4168', '74', '20200819', '23', null, '1', '183.17.56.193', 'nc-nginx', '172.18.32.205:1081');
INSERT INTO `upms_api_visit` VALUES ('4169', '100', '20200819', '23', null, '1', '221.219.56.250', 'nc-nginx', '172.18.32.205:1081');
INSERT INTO `upms_api_visit` VALUES ('4170', '55', '20200819', '23', null, '4', '183.17.56.193', 'nc-nginx', '172.18.32.205:1081');
INSERT INTO `upms_api_visit` VALUES ('4171', '55', '20200819', '23', null, '2', '221.219.56.250', 'nc-nginx', '172.18.32.205:1081');
INSERT INTO `upms_api_visit` VALUES ('4172', '67', '20200819', '23', null, '4', '221.219.56.250', 'nc-nginx', '172.18.32.205:1081');
INSERT INTO `upms_api_visit` VALUES ('4173', '71', '20200819', '23', null, '1', '183.17.56.193', 'nc-nginx', '172.18.32.205:1081');
INSERT INTO `upms_api_visit` VALUES ('4174', '171', '20200819', '23', null, '1', '221.219.56.250', 'nc-nginx', '172.18.32.205:1081');
INSERT INTO `upms_api_visit` VALUES ('4175', '122', '20200819', '23', null, '1', '172.18.32.205', 'pcgl', '172.18.32.205:1081');
INSERT INTO `upms_api_visit` VALUES ('4176', '71', '20200819', '23', null, '1', '183.17.56.192', 'nc-nginx', '172.18.32.205:1081');
INSERT INTO `upms_api_visit` VALUES ('4177', '122', '20200820', '00', null, '1', '172.18.32.205', 'worldTree', '172.18.32.205:1081');
INSERT INTO `upms_api_visit` VALUES ('4178', '122', '20200820', '00', null, '1', '172.18.32.205', 'article', '172.18.32.205:1081');
INSERT INTO `upms_api_visit` VALUES ('4179', '122', '20200820', '00', null, '1', '172.18.32.205', 'chat', '172.18.32.205:1081');
INSERT INTO `upms_api_visit` VALUES ('4180', '122', '20200820', '00', null, '1', '172.18.32.205', 'pcgl', '172.18.32.205:1081');
INSERT INTO `upms_api_visit` VALUES ('4181', '122', '20200820', '01', null, '1', '172.18.32.205', 'pcgl', '172.18.32.205:1081');
INSERT INTO `upms_api_visit` VALUES ('4182', '122', '20200820', '01', null, '1', '172.18.32.205', 'worldTree', '172.18.32.205:1081');
INSERT INTO `upms_api_visit` VALUES ('4183', '122', '20200820', '01', null, '1', '172.18.32.205', 'chat', '172.18.32.205:1081');
INSERT INTO `upms_api_visit` VALUES ('4184', '122', '20200820', '01', null, '1', '172.18.32.205', 'article', '172.18.32.205:1081');
INSERT INTO `upms_api_visit` VALUES ('4185', '122', '20200820', '02', null, '1', '172.18.32.205', 'article', '172.18.32.205:1081');
INSERT INTO `upms_api_visit` VALUES ('4186', '122', '20200820', '02', null, '1', '172.18.32.205', 'chat', '172.18.32.205:1081');
INSERT INTO `upms_api_visit` VALUES ('4187', '122', '20200820', '02', null, '1', '172.18.32.205', 'worldTree', '172.18.32.205:1081');
INSERT INTO `upms_api_visit` VALUES ('4188', '122', '20200820', '02', null, '1', '172.18.32.205', 'pcgl', '172.18.32.205:1081');
INSERT INTO `upms_api_visit` VALUES ('4189', '122', '20200820', '03', null, '1', '172.18.32.205', 'article', '172.18.32.205:1081');
INSERT INTO `upms_api_visit` VALUES ('4190', '122', '20200820', '03', null, '1', '172.18.32.205', 'chat', '172.18.32.205:1081');
INSERT INTO `upms_api_visit` VALUES ('4191', '122', '20200820', '03', null, '1', '172.18.32.205', 'pcgl', '172.18.32.205:1081');
INSERT INTO `upms_api_visit` VALUES ('4192', '122', '20200820', '03', null, '1', '172.18.32.205', 'worldTree', '172.18.32.205:1081');
INSERT INTO `upms_api_visit` VALUES ('4193', '122', '20200820', '04', null, '1', '172.18.32.205', 'chat', '172.18.32.205:1081');
INSERT INTO `upms_api_visit` VALUES ('4194', '122', '20200820', '04', null, '1', '172.18.32.205', 'article', '172.18.32.205:1081');
INSERT INTO `upms_api_visit` VALUES ('4195', '122', '20200820', '04', null, '1', '172.18.32.205', 'worldTree', '172.18.32.205:1081');
INSERT INTO `upms_api_visit` VALUES ('4196', '122', '20200820', '04', null, '1', '172.18.32.205', 'pcgl', '172.18.32.205:1081');
INSERT INTO `upms_api_visit` VALUES ('4197', '122', '20200820', '05', null, '1', '172.18.32.205', 'chat', '172.18.32.205:1081');
INSERT INTO `upms_api_visit` VALUES ('4198', '122', '20200820', '05', null, '1', '172.18.32.205', 'article', '172.18.32.205:1081');
INSERT INTO `upms_api_visit` VALUES ('4199', '122', '20200820', '05', null, '1', '172.18.32.205', 'pcgl', '172.18.32.205:1081');
INSERT INTO `upms_api_visit` VALUES ('4200', '122', '20200820', '05', null, '1', '172.18.32.205', 'worldTree', '172.18.32.205:1081');
INSERT INTO `upms_api_visit` VALUES ('4201', '122', '20200820', '06', null, '1', '172.18.32.205', 'worldTree', '172.18.32.205:1081');
INSERT INTO `upms_api_visit` VALUES ('4202', '122', '20200820', '06', null, '1', '172.18.32.205', 'pcgl', '172.18.32.205:1081');
INSERT INTO `upms_api_visit` VALUES ('4203', '122', '20200820', '06', null, '1', '172.18.32.205', 'chat', '172.18.32.205:1081');
INSERT INTO `upms_api_visit` VALUES ('4204', '122', '20200820', '06', null, '1', '172.18.32.205', 'article', '172.18.32.205:1081');
INSERT INTO `upms_api_visit` VALUES ('4205', '122', '20200820', '07', null, '1', '172.18.32.205', 'pcgl', '172.18.32.205:1081');
INSERT INTO `upms_api_visit` VALUES ('4206', '122', '20200820', '07', null, '1', '172.18.32.205', 'worldTree', '172.18.32.205:1081');
INSERT INTO `upms_api_visit` VALUES ('4207', '122', '20200820', '07', null, '1', '172.18.32.205', 'article', '172.18.32.205:1081');
INSERT INTO `upms_api_visit` VALUES ('4208', '122', '20200820', '07', null, '1', '172.18.32.205', 'chat', '172.18.32.205:1081');
INSERT INTO `upms_api_visit` VALUES ('4209', '122', '20200820', '08', null, '1', '172.18.32.205', 'article', '172.18.32.205:1081');
INSERT INTO `upms_api_visit` VALUES ('4210', '122', '20200820', '08', null, '1', '172.18.32.205', 'chat', '172.18.32.205:1081');
INSERT INTO `upms_api_visit` VALUES ('4211', '122', '20200820', '08', null, '1', '172.18.32.205', 'worldTree', '172.18.32.205:1081');
INSERT INTO `upms_api_visit` VALUES ('4212', '122', '20200820', '08', null, '1', '172.18.32.205', 'pcgl', '172.18.32.205:1081');
INSERT INTO `upms_api_visit` VALUES ('4213', '56', '20200820', '09', null, '1', '127.0.0.1', 'nc-nginx', '192.168.143.95:1081');
INSERT INTO `upms_api_visit` VALUES ('4214', '122', '20200820', '09', null, '1', '172.18.32.205', 'article', '172.18.32.205:1081');
INSERT INTO `upms_api_visit` VALUES ('4215', '122', '20200820', '09', null, '1', '172.18.32.205', 'chat', '172.18.32.205:1081');
INSERT INTO `upms_api_visit` VALUES ('4216', '122', '20200820', '09', null, '1', '172.18.32.205', 'pcgl', '172.18.32.205:1081');
INSERT INTO `upms_api_visit` VALUES ('4217', '122', '20200820', '09', null, '1', '172.18.32.205', 'worldTree', '172.18.32.205:1081');
INSERT INTO `upms_api_visit` VALUES ('4218', '55', '20200820', '09', null, '1', '127.0.0.1', 'nc-nginx', '192.168.143.95:1081');
INSERT INTO `upms_api_visit` VALUES ('4219', '67', '20200820', '09', null, '1', '127.0.0.1', 'nc-nginx', '192.168.143.95:1081');
INSERT INTO `upms_api_visit` VALUES ('4220', '60', '20200820', '09', null, '1', '127.0.0.1', 'nc-nginx', '192.168.143.95:1081');
INSERT INTO `upms_api_visit` VALUES ('4221', '101', '20200820', '09', null, '6', '127.0.0.1', 'nc-nginx', '192.168.143.95:1081');
INSERT INTO `upms_api_visit` VALUES ('4222', '72', '20200820', '10', null, '2', '172.18.32.205', 'chat', '172.18.32.205:1081');
INSERT INTO `upms_api_visit` VALUES ('4223', '74', '20200820', '10', null, '1', '119.108.237.28', 'nc-nginx', '172.18.32.205:1081');
INSERT INTO `upms_api_visit` VALUES ('4224', '72', '20200820', '10', null, '1', '119.108.237.28', 'nc-nginx', '172.18.32.205:1081');
INSERT INTO `upms_api_visit` VALUES ('4225', '122', '20200820', '10', null, '1', '172.18.32.205', 'worldTree', '172.18.32.205:1081');
INSERT INTO `upms_api_visit` VALUES ('4226', '122', '20200820', '10', null, '1', '172.18.32.205', 'pcgl', '172.18.32.205:1081');
INSERT INTO `upms_api_visit` VALUES ('4227', '190', '20200820', '10', null, '1', '172.18.32.205', 'article', '172.18.32.205:1081');
INSERT INTO `upms_api_visit` VALUES ('4228', '74', '20200820', '10', null, '1', '218.68.224.218', 'nc-nginx', '172.18.32.205:1081');
INSERT INTO `upms_api_visit` VALUES ('4229', '72', '20200820', '10', null, '3', '218.68.224.218', 'nc-nginx', '172.18.32.205:1081');
INSERT INTO `upms_api_visit` VALUES ('4230', '157', '20200820', '10', '30', '2', '218.68.224.218', 'nc-nginx', '172.18.32.205:1081');
INSERT INTO `upms_api_visit` VALUES ('4231', '81', '20200820', '10', '30', '1', '218.68.224.218', 'nc-nginx', '172.18.32.205:1081');
INSERT INTO `upms_api_visit` VALUES ('4232', '202', '20200820', '10', null, '2', '172.18.32.205', 'chat', '172.18.32.205:1081');
INSERT INTO `upms_api_visit` VALUES ('4233', '122', '20200820', '10', null, '1', '172.18.32.205', 'chat', '172.18.32.205:1081');
INSERT INTO `upms_api_visit` VALUES ('4234', '122', '20200820', '10', null, '1', '172.18.32.205', 'article', '172.18.32.205:1081');
INSERT INTO `upms_api_visit` VALUES ('4235', '72', '20200820', '10', null, '1', '172.18.32.205', 'article', '172.18.32.205:1081');
INSERT INTO `upms_api_visit` VALUES ('4236', '122', '20200820', '11', null, '1', '172.18.32.205', 'chat', '172.18.32.205:1081');
INSERT INTO `upms_api_visit` VALUES ('4237', '72', '20200820', '11', null, '1', '180.164.94.167', 'nc-nginx', '172.18.32.205:1081');
INSERT INTO `upms_api_visit` VALUES ('4238', '122', '20200820', '11', null, '1', '172.18.32.205', 'worldTree', '172.18.32.205:1081');
INSERT INTO `upms_api_visit` VALUES ('4239', '202', '20200820', '11', null, '1', '172.18.32.205', 'chat', '172.18.32.205:1081');
INSERT INTO `upms_api_visit` VALUES ('4240', '60', '20200820', '11', null, '1', '180.164.94.167', 'nc-nginx', '172.18.32.205:1081');
INSERT INTO `upms_api_visit` VALUES ('4241', '72', '20200820', '11', null, '1', '172.18.32.205', 'chat', '172.18.32.205:1081');
INSERT INTO `upms_api_visit` VALUES ('4242', '55', '20200820', '11', null, '2', '180.164.94.167', 'nc-nginx', '172.18.32.205:1081');
INSERT INTO `upms_api_visit` VALUES ('4243', '139', '20200820', '11', null, '5', '180.164.94.167', 'nc-nginx', '172.18.32.205:1081');
INSERT INTO `upms_api_visit` VALUES ('4244', '100', '20200820', '11', null, '3', '180.164.94.167', 'nc-nginx', '172.18.32.205:1081');
INSERT INTO `upms_api_visit` VALUES ('4245', '122', '20200820', '11', null, '1', '172.18.32.205', 'article', '172.18.32.205:1081');
INSERT INTO `upms_api_visit` VALUES ('4246', '67', '20200820', '11', null, '2', '180.164.94.167', 'nc-nginx', '172.18.32.205:1081');
INSERT INTO `upms_api_visit` VALUES ('4247', '122', '20200820', '11', null, '1', '172.18.32.205', 'pcgl', '172.18.32.205:1081');
INSERT INTO `upms_api_visit` VALUES ('4248', '55', '20200820', '11', null, '1', '119.108.237.28', 'nc-nginx', '172.18.32.205:1081');
INSERT INTO `upms_api_visit` VALUES ('4249', '144', '20200820', '11', null, '7', '180.164.94.167', 'nc-nginx', '172.18.32.205:1081');
INSERT INTO `upms_api_visit` VALUES ('4250', '74', '20200820', '11', null, '1', '180.164.94.167', 'nc-nginx', '172.18.32.205:1081');
INSERT INTO `upms_api_visit` VALUES ('4251', '145', '20200820', '11', null, '2', '180.164.94.167', 'nc-nginx', '172.18.32.205:1081');
INSERT INTO `upms_api_visit` VALUES ('4252', '122', '20200820', '12', null, '1', '172.18.32.205', 'article', '172.18.32.205:1081');
INSERT INTO `upms_api_visit` VALUES ('4253', '122', '20200820', '12', null, '1', '172.18.32.205', 'chat', '172.18.32.205:1081');
INSERT INTO `upms_api_visit` VALUES ('4254', '122', '20200820', '12', null, '1', '172.18.32.205', 'pcgl', '172.18.32.205:1081');
INSERT INTO `upms_api_visit` VALUES ('4255', '122', '20200820', '12', null, '1', '172.18.32.205', 'worldTree', '172.18.32.205:1081');
INSERT INTO `upms_api_visit` VALUES ('4256', '101', '20200820', '13', null, '12', '180.164.94.167', 'nc-nginx', '172.18.32.205:1081');
INSERT INTO `upms_api_visit` VALUES ('4257', '122', '20200820', '13', null, '1', '172.18.32.205', 'worldTree', '172.18.32.205:1081');
INSERT INTO `upms_api_visit` VALUES ('4258', '100', '20200820', '13', null, '7', '180.164.94.167', 'nc-nginx', '172.18.32.205:1081');
INSERT INTO `upms_api_visit` VALUES ('4259', '51', '20200820', '13', null, '5', '180.164.94.167', 'nc-nginx', '172.18.32.205:1081');
INSERT INTO `upms_api_visit` VALUES ('4260', '107', '20200820', '13', '30', '1', '180.164.94.167', 'nc-nginx', '172.18.32.205:1081');
INSERT INTO `upms_api_visit` VALUES ('4261', '55', '20200820', '13', null, '2', '180.164.94.167', 'nc-nginx', '172.18.32.205:1081');
INSERT INTO `upms_api_visit` VALUES ('4262', '215', '20200820', '13', null, '1', '180.164.94.167', 'nc-nginx', '172.18.32.205:1081');
INSERT INTO `upms_api_visit` VALUES ('4263', '122', '20200820', '13', null, '1', '172.18.32.205', 'article', '172.18.32.205:1081');
INSERT INTO `upms_api_visit` VALUES ('4264', '122', '20200820', '13', null, '1', '172.18.32.205', 'chat', '172.18.32.205:1081');
INSERT INTO `upms_api_visit` VALUES ('4265', '144', '20200820', '13', null, '6', '180.164.94.167', 'nc-nginx', '172.18.32.205:1081');
INSERT INTO `upms_api_visit` VALUES ('4266', '122', '20200820', '13', null, '1', '172.18.32.205', 'pcgl', '172.18.32.205:1081');
INSERT INTO `upms_api_visit` VALUES ('4267', '71', '20200820', '13', null, '5', '180.164.94.167', 'nc-nginx', '172.18.32.205:1081');
INSERT INTO `upms_api_visit` VALUES ('4268', '149', '20200820', '13', null, '6', '180.164.94.167', 'nc-nginx', '172.18.32.205:1081');
INSERT INTO `upms_api_visit` VALUES ('4269', '202', '20200820', '13', null, '1', '172.18.32.205', 'chat', '172.18.32.205:1081');
INSERT INTO `upms_api_visit` VALUES ('4270', '80', '20200820', '13', '30', '2', '180.164.94.167', 'nc-nginx', '172.18.32.205:1081');
INSERT INTO `upms_api_visit` VALUES ('4271', '150', '20200820', '13', null, '2', '180.164.94.167', 'nc-nginx', '172.18.32.205:1081');
INSERT INTO `upms_api_visit` VALUES ('4272', '105', '20200820', '13', null, '2', '180.164.94.167', 'nc-nginx', '172.18.32.205:1081');
INSERT INTO `upms_api_visit` VALUES ('4273', '72', '20200820', '13', null, '4', '180.164.94.167', 'nc-nginx', '172.18.32.205:1081');
INSERT INTO `upms_api_visit` VALUES ('4274', '142', '20200820', '13', null, '1', '180.164.94.167', 'nc-nginx', '172.18.32.205:1081');
INSERT INTO `upms_api_visit` VALUES ('4275', '157', '20200820', '13', '30', '4', '180.164.94.167', 'nc-nginx', '172.18.32.205:1081');
INSERT INTO `upms_api_visit` VALUES ('4276', '61', '20200820', '13', null, '1', '180.164.94.167', 'nc-nginx', '172.18.32.205:1081');
INSERT INTO `upms_api_visit` VALUES ('4277', '182', '20200820', '13', null, '2', '180.164.94.167', 'nc-nginx', '172.18.32.205:1081');
INSERT INTO `upms_api_visit` VALUES ('4278', '167', '20200820', '13', '30', '1', '180.164.94.167', 'nc-nginx', '172.18.32.205:1081');
INSERT INTO `upms_api_visit` VALUES ('4279', '115', '20200820', '13', '30', '2', '180.164.94.167', 'nc-nginx', '172.18.32.205:1081');
INSERT INTO `upms_api_visit` VALUES ('4280', '155', '20200820', '13', '30', '2', '180.164.94.167', 'nc-nginx', '172.18.32.205:1081');
INSERT INTO `upms_api_visit` VALUES ('4281', '81', '20200820', '13', '30', '6', '180.164.94.167', 'nc-nginx', '172.18.32.205:1081');
INSERT INTO `upms_api_visit` VALUES ('4282', '141', '20200820', '13', null, '1', '180.164.94.167', 'nc-nginx', '172.18.32.205:1081');
INSERT INTO `upms_api_visit` VALUES ('4283', '56', '20200820', '13', null, '9', '180.164.94.167', 'nc-nginx', '172.18.32.205:1081');
INSERT INTO `upms_api_visit` VALUES ('4284', '72', '20200820', '13', null, '1', '172.18.32.205', 'chat', '172.18.32.205:1081');
INSERT INTO `upms_api_visit` VALUES ('4285', '60', '20200820', '13', null, '20', '180.164.94.167', 'nc-nginx', '172.18.32.205:1081');
INSERT INTO `upms_api_visit` VALUES ('4286', '63', '20200820', '13', null, '1', '180.164.94.167', 'nc-nginx', '172.18.32.205:1081');
INSERT INTO `upms_api_visit` VALUES ('4287', '139', '20200820', '13', null, '16', '180.164.94.167', 'nc-nginx', '172.18.32.205:1081');
INSERT INTO `upms_api_visit` VALUES ('4288', '186', '20200820', '13', null, '5', '180.164.94.167', 'nc-nginx', '172.18.32.205:1081');
INSERT INTO `upms_api_visit` VALUES ('4289', '62', '20200820', '13', null, '1', '180.164.94.167', 'nc-nginx', '172.18.32.205:1081');
INSERT INTO `upms_api_visit` VALUES ('4290', '178', '20200820', '13', null, '1', '180.164.94.167', 'nc-nginx', '172.18.32.205:1081');
INSERT INTO `upms_api_visit` VALUES ('4291', '116', '20200820', '13', '30', '7', '180.164.94.167', 'nc-nginx', '172.18.32.205:1081');
INSERT INTO `upms_api_visit` VALUES ('4292', '171', '20200820', '13', null, '4', '180.164.94.167', 'nc-nginx', '172.18.32.205:1081');
INSERT INTO `upms_api_visit` VALUES ('4293', '158', '20200820', '13', '30', '1', '180.164.94.167', 'nc-nginx', '172.18.32.205:1081');
INSERT INTO `upms_api_visit` VALUES ('4294', '54', '20200820', '13', null, '1', '180.164.94.167', 'nc-nginx', '172.18.32.205:1081');
INSERT INTO `upms_api_visit` VALUES ('4295', '67', '20200820', '13', null, '7', '180.164.94.167', 'nc-nginx', '172.18.32.205:1081');
INSERT INTO `upms_api_visit` VALUES ('4296', '177', '20200820', '13', null, '9', '180.164.94.167', 'nc-nginx', '172.18.32.205:1081');
INSERT INTO `upms_api_visit` VALUES ('4297', '56', '20200820', '14', null, '4', '127.0.0.1', 'nc-nginx', '192.168.141.174:1081');
INSERT INTO `upms_api_visit` VALUES ('4298', '54', '20200820', '14', null, '1', '127.0.0.1', 'nc-nginx', '192.168.141.174:1081');
INSERT INTO `upms_api_visit` VALUES ('4299', '55', '20200820', '14', null, '1', '127.0.0.1', 'nc-nginx', '192.168.141.174:1081');
INSERT INTO `upms_api_visit` VALUES ('4300', '67', '20200820', '14', null, '1', '125.95.163.144', 'nc-nginx', '172.18.32.205:1081');
INSERT INTO `upms_api_visit` VALUES ('4301', '51', '20200820', '14', null, '1', '125.95.163.144', 'nc-nginx', '172.18.32.205:1081');
INSERT INTO `upms_api_visit` VALUES ('4302', '67', '20200820', '14', null, '1', '127.0.0.1', 'nc-nginx', '192.168.141.174:1081');
INSERT INTO `upms_api_visit` VALUES ('4303', '122', '20200820', '14', null, '1', '172.18.32.205', 'pcgl', '172.18.32.205:1081');
INSERT INTO `upms_api_visit` VALUES ('4304', '186', '20200820', '14', null, '1', '125.95.163.144', 'nc-nginx', '172.18.32.205:1081');
INSERT INTO `upms_api_visit` VALUES ('4305', '122', '20200820', '14', null, '1', '172.18.32.205', 'worldTree', '172.18.32.205:1081');
INSERT INTO `upms_api_visit` VALUES ('4306', '157', '20200820', '14', '30', '1', '125.95.163.144', 'nc-nginx', '172.18.32.205:1081');
INSERT INTO `upms_api_visit` VALUES ('4307', '55', '20200820', '14', null, '1', '125.95.163.144', 'nc-nginx', '172.18.32.205:1081');
INSERT INTO `upms_api_visit` VALUES ('4308', '101', '20200820', '14', null, '6', '125.95.163.144', 'nc-nginx', '172.18.32.205:1081');
INSERT INTO `upms_api_visit` VALUES ('4309', '74', '20200820', '14', null, '1', '125.95.163.144', 'nc-nginx', '172.18.32.205:1081');
INSERT INTO `upms_api_visit` VALUES ('4310', '72', '20200820', '14', null, '1', '172.18.32.205', 'chat', '172.18.32.205:1081');
INSERT INTO `upms_api_visit` VALUES ('4311', '122', '20200820', '14', null, '1', '172.18.32.205', 'article', '172.18.32.205:1081');
INSERT INTO `upms_api_visit` VALUES ('4312', '60', '20200820', '14', null, '8', '180.164.94.167', 'nc-nginx', '172.18.32.205:1081');
INSERT INTO `upms_api_visit` VALUES ('4313', '202', '20200820', '14', null, '1', '172.18.32.205', 'chat', '172.18.32.205:1081');
INSERT INTO `upms_api_visit` VALUES ('4314', '185', '20200820', '14', null, '2', '180.164.94.167', 'nc-nginx', '172.18.32.205:1081');
INSERT INTO `upms_api_visit` VALUES ('4315', '139', '20200820', '14', null, '1', '125.95.163.144', 'nc-nginx', '172.18.32.205:1081');
INSERT INTO `upms_api_visit` VALUES ('4316', '177', '20200820', '14', null, '2', '180.164.94.167', 'nc-nginx', '172.18.32.205:1081');
INSERT INTO `upms_api_visit` VALUES ('4317', '51', '20200820', '14', null, '20', '180.164.94.167', 'nc-nginx', '172.18.32.205:1081');
INSERT INTO `upms_api_visit` VALUES ('4318', '171', '20200820', '14', null, '1', '125.95.163.144', 'nc-nginx', '172.18.32.205:1081');
INSERT INTO `upms_api_visit` VALUES ('4319', '60', '20200820', '14', null, '1', '127.0.0.1', 'nc-nginx', '192.168.141.174:1081');
INSERT INTO `upms_api_visit` VALUES ('4320', '107', '20200820', '14', '30', '2', '125.95.163.144', 'nc-nginx', '172.18.32.205:1081');
INSERT INTO `upms_api_visit` VALUES ('4321', '60', '20200820', '14', null, '3', '125.95.163.144', 'nc-nginx', '172.18.32.205:1081');
INSERT INTO `upms_api_visit` VALUES ('4322', '71', '20200820', '14', null, '8', '180.164.94.167', 'nc-nginx', '172.18.32.205:1081');
INSERT INTO `upms_api_visit` VALUES ('4323', '178', '20200820', '14', null, '11', '180.164.94.167', 'nc-nginx', '172.18.32.205:1081');
INSERT INTO `upms_api_visit` VALUES ('4324', '56', '20200820', '14', null, '3', '125.95.163.144', 'nc-nginx', '172.18.32.205:1081');
INSERT INTO `upms_api_visit` VALUES ('4325', '186', '20200820', '14', null, '4', '180.164.94.167', 'nc-nginx', '172.18.32.205:1081');
INSERT INTO `upms_api_visit` VALUES ('4326', '171', '20200820', '14', null, '2', '180.164.94.167', 'nc-nginx', '172.18.32.205:1081');
INSERT INTO `upms_api_visit` VALUES ('4327', '182', '20200820', '14', null, '1', '180.164.94.167', 'nc-nginx', '172.18.32.205:1081');
INSERT INTO `upms_api_visit` VALUES ('4328', '149', '20200820', '14', null, '1', '125.95.163.144', 'nc-nginx', '172.18.32.205:1081');
INSERT INTO `upms_api_visit` VALUES ('4329', '67', '20200820', '14', null, '2', '180.164.94.167', 'nc-nginx', '172.18.32.205:1081');
INSERT INTO `upms_api_visit` VALUES ('4330', '80', '20200820', '14', '30', '1', '125.95.163.144', 'nc-nginx', '172.18.32.205:1081');
INSERT INTO `upms_api_visit` VALUES ('4331', '81', '20200820', '14', '30', '4', '125.95.163.144', 'nc-nginx', '172.18.32.205:1081');
INSERT INTO `upms_api_visit` VALUES ('4332', '149', '20200820', '14', null, '2', '180.164.94.167', 'nc-nginx', '172.18.32.205:1081');
INSERT INTO `upms_api_visit` VALUES ('4333', '122', '20200820', '14', null, '1', '172.18.32.205', 'chat', '172.18.32.205:1081');
INSERT INTO `upms_api_visit` VALUES ('4334', '72', '20200820', '14', null, '2', '125.95.163.144', 'nc-nginx', '172.18.32.205:1081');
INSERT INTO `upms_api_visit` VALUES ('4335', '71', '20200820', '14', null, '1', '125.95.163.144', 'nc-nginx', '172.18.32.205:1081');
INSERT INTO `upms_api_visit` VALUES ('4336', '56', '20200820', '14', null, '2', '180.164.94.167', 'nc-nginx', '172.18.32.205:1081');
INSERT INTO `upms_api_visit` VALUES ('4337', '56', '20200820', '15', null, '2', '127.0.0.1', 'nc-nginx', '192.168.141.174:1081');
INSERT INTO `upms_api_visit` VALUES ('4338', '72', '20200820', '15', null, '1', '172.18.32.205', 'chat', '172.18.32.205:1081');
INSERT INTO `upms_api_visit` VALUES ('4339', '109', '20200820', '15', '30', '1', '180.164.94.167', 'nc-nginx', '172.18.32.205:1081');
INSERT INTO `upms_api_visit` VALUES ('4340', '147', '20200820', '15', null, '1', '180.164.94.167', 'nc-nginx', '172.18.32.205:1081');
INSERT INTO `upms_api_visit` VALUES ('4341', '88', '20200820', '15', '30', '13', '180.164.94.167', 'nc-nginx', '172.18.32.205:1081');
INSERT INTO `upms_api_visit` VALUES ('4342', '149', '20200820', '15', null, '9', '180.164.94.167', 'nc-nginx', '172.18.32.205:1081');
INSERT INTO `upms_api_visit` VALUES ('4343', '116', '20200820', '15', '30', '12', '180.164.94.167', 'nc-nginx', '172.18.32.205:1081');
INSERT INTO `upms_api_visit` VALUES ('4344', '56', '20200820', '15', null, '5', '180.164.94.167', 'nc-nginx', '172.18.32.205:1081');
INSERT INTO `upms_api_visit` VALUES ('4345', '153', '20200820', '15', null, '2', '180.164.94.167', 'nc-nginx', '172.18.32.205:1081');
INSERT INTO `upms_api_visit` VALUES ('4346', '81', '20200820', '15', '30', '28', '180.164.94.167', 'nc-nginx', '172.18.32.205:1081');
INSERT INTO `upms_api_visit` VALUES ('4347', '122', '20200820', '15', null, '1', '172.18.32.205', 'worldTree', '172.18.32.205:1081');
INSERT INTO `upms_api_visit` VALUES ('4348', '115', '20200820', '15', '30', '2', '180.164.94.167', 'nc-nginx', '172.18.32.205:1081');
INSERT INTO `upms_api_visit` VALUES ('4349', '186', '20200820', '15', null, '2', '180.164.94.167', 'nc-nginx', '172.18.32.205:1081');
INSERT INTO `upms_api_visit` VALUES ('4350', '67', '20200820', '15', null, '9', '180.164.94.167', 'nc-nginx', '172.18.32.205:1081');
INSERT INTO `upms_api_visit` VALUES ('4351', '51', '20200820', '15', null, '1', '180.164.94.167', 'nc-nginx', '172.18.32.205:1081');
INSERT INTO `upms_api_visit` VALUES ('4352', '139', '20200820', '15', null, '18', '180.164.94.167', 'nc-nginx', '172.18.32.205:1081');
INSERT INTO `upms_api_visit` VALUES ('4353', '144', '20200820', '15', null, '2', '180.164.94.167', 'nc-nginx', '172.18.32.205:1081');
INSERT INTO `upms_api_visit` VALUES ('4354', '60', '20200820', '15', null, '21', '180.164.94.167', 'nc-nginx', '172.18.32.205:1081');
INSERT INTO `upms_api_visit` VALUES ('4355', '122', '20200820', '15', null, '1', '172.18.32.205', 'article', '172.18.32.205:1081');
INSERT INTO `upms_api_visit` VALUES ('4356', '61', '20200820', '15', null, '3', '180.164.94.167', 'nc-nginx', '172.18.32.205:1081');
INSERT INTO `upms_api_visit` VALUES ('4357', '74', '20200820', '15', null, '3', '180.164.94.167', 'nc-nginx', '172.18.32.205:1081');
INSERT INTO `upms_api_visit` VALUES ('4358', '101', '20200820', '15', null, '6', '180.164.94.167', 'nc-nginx', '172.18.32.205:1081');
INSERT INTO `upms_api_visit` VALUES ('4359', '157', '20200820', '15', '30', '4', '180.164.94.167', 'nc-nginx', '172.18.32.205:1081');
INSERT INTO `upms_api_visit` VALUES ('4360', '105', '20200820', '15', null, '6', '180.164.94.167', 'nc-nginx', '172.18.32.205:1081');
INSERT INTO `upms_api_visit` VALUES ('4361', '108', '20200820', '15', '30', '5', '180.164.94.167', 'nc-nginx', '172.18.32.205:1081');
INSERT INTO `upms_api_visit` VALUES ('4362', '120', '20200820', '15', '30', '1', '180.164.94.167', 'nc-nginx', '172.18.32.205:1081');
INSERT INTO `upms_api_visit` VALUES ('4363', '155', '20200820', '15', '30', '2', '180.164.94.167', 'nc-nginx', '172.18.32.205:1081');
INSERT INTO `upms_api_visit` VALUES ('4364', '71', '20200820', '15', null, '2', '180.164.94.167', 'nc-nginx', '172.18.32.205:1081');
INSERT INTO `upms_api_visit` VALUES ('4365', '100', '20200820', '15', null, '18', '180.164.94.167', 'nc-nginx', '172.18.32.205:1081');
INSERT INTO `upms_api_visit` VALUES ('4366', '122', '20200820', '15', null, '1', '172.18.32.205', 'chat', '172.18.32.205:1081');
INSERT INTO `upms_api_visit` VALUES ('4367', '107', '20200820', '15', '30', '12', '180.164.94.167', 'nc-nginx', '172.18.32.205:1081');
INSERT INTO `upms_api_visit` VALUES ('4368', '119', '20200820', '15', '30', '7', '180.164.94.167', 'nc-nginx', '172.18.32.205:1081');
INSERT INTO `upms_api_visit` VALUES ('4369', '72', '20200820', '15', null, '7', '180.164.94.167', 'nc-nginx', '172.18.32.205:1081');
INSERT INTO `upms_api_visit` VALUES ('4370', '202', '20200820', '15', null, '1', '172.18.32.205', 'chat', '172.18.32.205:1081');
INSERT INTO `upms_api_visit` VALUES ('4371', '122', '20200820', '15', null, '1', '172.18.32.205', 'pcgl', '172.18.32.205:1081');
INSERT INTO `upms_api_visit` VALUES ('4372', '145', '20200820', '15', null, '1', '180.164.94.167', 'nc-nginx', '172.18.32.205:1081');
INSERT INTO `upms_api_visit` VALUES ('4373', '150', '20200820', '15', null, '11', '180.164.94.167', 'nc-nginx', '172.18.32.205:1081');
INSERT INTO `upms_api_visit` VALUES ('4374', '73', '20200820', '15', null, '3', '180.164.94.167', 'nc-nginx', '172.18.32.205:1081');
INSERT INTO `upms_api_visit` VALUES ('4375', '110', '20200820', '15', '30', '3', '180.164.94.167', 'nc-nginx', '172.18.32.205:1081');
INSERT INTO `upms_api_visit` VALUES ('4376', '80', '20200820', '15', '30', '9', '180.164.94.167', 'nc-nginx', '172.18.32.205:1081');
INSERT INTO `upms_api_visit` VALUES ('4377', '115', '20200820', '16', '30', '1', '180.164.94.167', 'nc-nginx', '172.18.32.205:1081');
INSERT INTO `upms_api_visit` VALUES ('4378', '81', '20200820', '16', '30', '5', '180.164.94.167', 'nc-nginx', '172.18.32.205:1081');
INSERT INTO `upms_api_visit` VALUES ('4379', '88', '20200820', '16', '30', '2', '180.164.94.167', 'nc-nginx', '172.18.32.205:1081');
INSERT INTO `upms_api_visit` VALUES ('4380', '56', '20200820', '16', null, '1', '180.164.94.167', 'nc-nginx', '172.18.32.205:1081');
INSERT INTO `upms_api_visit` VALUES ('4381', '122', '20200820', '16', null, '1', '172.18.32.205', 'article', '172.18.32.205:1081');
INSERT INTO `upms_api_visit` VALUES ('4382', '55', '20200820', '16', null, '2', '180.164.94.167', 'nc-nginx', '172.18.32.205:1081');
INSERT INTO `upms_api_visit` VALUES ('4383', '122', '20200820', '16', null, '1', '172.18.32.205', 'worldTree', '172.18.32.205:1081');
INSERT INTO `upms_api_visit` VALUES ('4384', '67', '20200820', '16', null, '2', '180.164.94.167', 'nc-nginx', '172.18.32.205:1081');
INSERT INTO `upms_api_visit` VALUES ('4385', '95', '20200820', '16', null, '4', '180.164.94.167', 'nc-nginx', '172.18.32.205:1081');
INSERT INTO `upms_api_visit` VALUES ('4386', '116', '20200820', '16', '30', '4', '180.164.94.167', 'nc-nginx', '172.18.32.205:1081');
INSERT INTO `upms_api_visit` VALUES ('4387', '51', '20200820', '16', null, '1', '180.164.94.167', 'nc-nginx', '172.18.32.205:1081');
INSERT INTO `upms_api_visit` VALUES ('4388', '139', '20200820', '16', null, '4', '180.164.94.167', 'nc-nginx', '172.18.32.205:1081');
INSERT INTO `upms_api_visit` VALUES ('4389', '144', '20200820', '16', null, '3', '180.164.94.167', 'nc-nginx', '172.18.32.205:1081');
INSERT INTO `upms_api_visit` VALUES ('4390', '54', '20200820', '16', null, '1', '180.164.94.167', 'nc-nginx', '172.18.32.205:1081');
INSERT INTO `upms_api_visit` VALUES ('4391', '80', '20200820', '16', '30', '4', '180.164.94.167', 'nc-nginx', '172.18.32.205:1081');
INSERT INTO `upms_api_visit` VALUES ('4392', '110', '20200820', '16', '30', '3', '180.164.94.167', 'nc-nginx', '172.18.32.205:1081');
INSERT INTO `upms_api_visit` VALUES ('4393', '108', '20200820', '16', '30', '1', '180.164.94.167', 'nc-nginx', '172.18.32.205:1081');
INSERT INTO `upms_api_visit` VALUES ('4394', '155', '20200820', '16', '30', '1', '180.164.94.167', 'nc-nginx', '172.18.32.205:1081');
INSERT INTO `upms_api_visit` VALUES ('4395', '60', '20200820', '16', null, '2', '180.164.94.167', 'nc-nginx', '172.18.32.205:1081');
INSERT INTO `upms_api_visit` VALUES ('4396', '121', '20200820', '16', '30', '1', '180.164.94.167', 'nc-nginx', '172.18.32.205:1081');
INSERT INTO `upms_api_visit` VALUES ('4397', '122', '20200820', '16', null, '1', '172.18.32.205', 'chat', '172.18.32.205:1081');
INSERT INTO `upms_api_visit` VALUES ('4398', '117', '20200820', '16', '30', '1', '180.164.94.167', 'nc-nginx', '172.18.32.205:1081');
INSERT INTO `upms_api_visit` VALUES ('4399', '100', '20200820', '16', null, '9', '180.164.94.167', 'nc-nginx', '172.18.32.205:1081');
INSERT INTO `upms_api_visit` VALUES ('4400', '107', '20200820', '16', '30', '2', '180.164.94.167', 'nc-nginx', '172.18.32.205:1081');
INSERT INTO `upms_api_visit` VALUES ('4401', '122', '20200820', '16', null, '1', '172.18.32.205', 'pcgl', '172.18.32.205:1081');
INSERT INTO `upms_api_visit` VALUES ('4402', '145', '20200820', '16', null, '1', '180.164.94.167', 'nc-nginx', '172.18.32.205:1081');
INSERT INTO `upms_api_visit` VALUES ('4403', '71', '20200820', '16', null, '1', '180.164.94.167', 'nc-nginx', '172.18.32.205:1081');
INSERT INTO `upms_api_visit` VALUES ('4404', '119', '20200820', '16', '30', '5', '180.164.94.167', 'nc-nginx', '172.18.32.205:1081');
INSERT INTO `upms_api_visit` VALUES ('4405', '145', '20200820', '17', null, '2', '180.164.94.167', 'nc-nginx', '172.18.32.205:1081');
INSERT INTO `upms_api_visit` VALUES ('4406', '178', '20200820', '17', null, '9', '180.164.94.167', 'nc-nginx', '172.18.32.205:1081');
INSERT INTO `upms_api_visit` VALUES ('4407', '71', '20200820', '17', null, '3', '180.164.94.167', 'nc-nginx', '172.18.32.205:1081');
INSERT INTO `upms_api_visit` VALUES ('4408', '139', '20200820', '17', null, '3', '180.164.94.167', 'nc-nginx', '172.18.32.205:1081');
INSERT INTO `upms_api_visit` VALUES ('4409', '51', '20200820', '17', null, '11', '180.164.94.167', 'nc-nginx', '172.18.32.205:1081');
INSERT INTO `upms_api_visit` VALUES ('4410', '118', '20200820', '17', '30', '1', '180.164.94.167', 'nc-nginx', '172.18.32.205:1081');
INSERT INTO `upms_api_visit` VALUES ('4411', '63', '20200820', '17', null, '2', '180.164.94.167', 'nc-nginx', '172.18.32.205:1081');
INSERT INTO `upms_api_visit` VALUES ('4412', '144', '20200820', '17', null, '4', '180.164.94.167', 'nc-nginx', '172.18.32.205:1081');
INSERT INTO `upms_api_visit` VALUES ('4413', '60', '20200820', '17', null, '9', '180.164.94.167', 'nc-nginx', '172.18.32.205:1081');
INSERT INTO `upms_api_visit` VALUES ('4414', '150', '20200820', '17', null, '1', '180.164.94.167', 'nc-nginx', '172.18.32.205:1081');
INSERT INTO `upms_api_visit` VALUES ('4415', '122', '20200820', '17', null, '1', '172.18.32.205', 'chat', '172.18.32.205:1081');
INSERT INTO `upms_api_visit` VALUES ('4416', '75', '20200820', '17', null, '3', '180.164.94.167', 'nc-nginx', '172.18.32.205:1081');
INSERT INTO `upms_api_visit` VALUES ('4417', '107', '20200820', '17', '30', '3', '180.164.94.167', 'nc-nginx', '172.18.32.205:1081');
INSERT INTO `upms_api_visit` VALUES ('4418', '72', '20200820', '17', null, '1', '180.164.94.167', 'nc-nginx', '172.18.32.205:1081');
INSERT INTO `upms_api_visit` VALUES ('4419', '88', '20200820', '17', '30', '2', '180.164.94.167', 'nc-nginx', '172.18.32.205:1081');
INSERT INTO `upms_api_visit` VALUES ('4420', '73', '20200820', '17', null, '1', '180.164.94.167', 'nc-nginx', '172.18.32.205:1081');
INSERT INTO `upms_api_visit` VALUES ('4421', '202', '20200820', '17', null, '1', '172.18.32.205', 'chat', '172.18.32.205:1081');
INSERT INTO `upms_api_visit` VALUES ('4422', '61', '20200820', '17', null, '1', '180.164.94.167', 'nc-nginx', '172.18.32.205:1081');
INSERT INTO `upms_api_visit` VALUES ('4423', '122', '20200820', '17', null, '1', '172.18.32.205', 'pcgl', '172.18.32.205:1081');
INSERT INTO `upms_api_visit` VALUES ('4424', '146', '20200820', '17', null, '1', '180.164.94.167', 'nc-nginx', '172.18.32.205:1081');
INSERT INTO `upms_api_visit` VALUES ('4425', '182', '20200820', '17', null, '2', '180.164.94.167', 'nc-nginx', '172.18.32.205:1081');
INSERT INTO `upms_api_visit` VALUES ('4426', '80', '20200820', '17', '30', '8', '180.164.94.167', 'nc-nginx', '172.18.32.205:1081');
INSERT INTO `upms_api_visit` VALUES ('4427', '121', '20200820', '17', '30', '4', '180.164.94.167', 'nc-nginx', '172.18.32.205:1081');
INSERT INTO `upms_api_visit` VALUES ('4428', '149', '20200820', '17', null, '2', '180.164.94.167', 'nc-nginx', '172.18.32.205:1081');
INSERT INTO `upms_api_visit` VALUES ('4429', '108', '20200820', '17', '30', '1', '180.164.94.167', 'nc-nginx', '172.18.32.205:1081');
INSERT INTO `upms_api_visit` VALUES ('4430', '122', '20200820', '17', null, '1', '172.18.32.205', 'article', '172.18.32.205:1081');
INSERT INTO `upms_api_visit` VALUES ('4431', '74', '20200820', '17', null, '8', '180.164.94.167', 'nc-nginx', '172.18.32.205:1081');
INSERT INTO `upms_api_visit` VALUES ('4432', '72', '20200820', '17', null, '1', '172.18.32.205', 'chat', '172.18.32.205:1081');
INSERT INTO `upms_api_visit` VALUES ('4433', '119', '20200820', '17', '30', '5', '180.164.94.167', 'nc-nginx', '172.18.32.205:1081');
INSERT INTO `upms_api_visit` VALUES ('4434', '120', '20200820', '17', '30', '1', '180.164.94.167', 'nc-nginx', '172.18.32.205:1081');
INSERT INTO `upms_api_visit` VALUES ('4435', '100', '20200820', '17', null, '1', '180.164.94.167', 'nc-nginx', '172.18.32.205:1081');
INSERT INTO `upms_api_visit` VALUES ('4436', '81', '20200820', '17', '30', '6', '180.164.94.167', 'nc-nginx', '172.18.32.205:1081');
INSERT INTO `upms_api_visit` VALUES ('4437', '77', '20200820', '17', '30', '2', '180.164.94.167', 'nc-nginx', '172.18.32.205:1081');
INSERT INTO `upms_api_visit` VALUES ('4438', '186', '20200820', '17', null, '3', '180.164.94.167', 'nc-nginx', '172.18.32.205:1081');
INSERT INTO `upms_api_visit` VALUES ('4439', '122', '20200820', '17', null, '1', '172.18.32.205', 'worldTree', '172.18.32.205:1081');
INSERT INTO `upms_api_visit` VALUES ('4440', '67', '20200820', '17', null, '1', '180.164.94.167', 'nc-nginx', '172.18.32.205:1081');
INSERT INTO `upms_api_visit` VALUES ('4441', '177', '20200820', '17', null, '4', '180.164.94.167', 'nc-nginx', '172.18.32.205:1081');
INSERT INTO `upms_api_visit` VALUES ('4442', '182', '20200820', '18', null, '1', '119.2.4.140', 'nc-nginx', '172.18.32.205:1081');
INSERT INTO `upms_api_visit` VALUES ('4443', '80', '20200820', '18', '30', '1', '119.2.4.140', 'nc-nginx', '172.18.32.205:1081');
INSERT INTO `upms_api_visit` VALUES ('4444', '171', '20200820', '18', null, '1', '119.2.4.140', 'nc-nginx', '172.18.32.205:1081');
INSERT INTO `upms_api_visit` VALUES ('4445', '60', '20200820', '18', null, '2', '119.2.4.140', 'nc-nginx', '172.18.32.205:1081');
INSERT INTO `upms_api_visit` VALUES ('4446', '72', '20200820', '18', null, '1', '119.2.4.140', 'nc-nginx', '172.18.32.205:1081');
INSERT INTO `upms_api_visit` VALUES ('4447', '107', '20200820', '18', '30', '6', '119.2.4.140', 'nc-nginx', '172.18.32.205:1081');
INSERT INTO `upms_api_visit` VALUES ('4448', '71', '20200820', '18', null, '1', '119.2.4.140', 'nc-nginx', '172.18.32.205:1081');
INSERT INTO `upms_api_visit` VALUES ('4449', '202', '20200820', '18', null, '1', '172.18.32.205', 'chat', '172.18.32.205:1081');
INSERT INTO `upms_api_visit` VALUES ('4450', '122', '20200820', '18', null, '1', '172.18.32.205', 'worldTree', '172.18.32.205:1081');
INSERT INTO `upms_api_visit` VALUES ('4451', '56', '20200820', '18', null, '1', '119.2.4.140', 'nc-nginx', '172.18.32.205:1081');
INSERT INTO `upms_api_visit` VALUES ('4452', '122', '20200820', '18', null, '1', '172.18.32.205', 'chat', '172.18.32.205:1081');
INSERT INTO `upms_api_visit` VALUES ('4453', '81', '20200820', '18', '30', '5', '119.2.4.140', 'nc-nginx', '172.18.32.205:1081');
INSERT INTO `upms_api_visit` VALUES ('4454', '88', '20200820', '18', '30', '3', '119.2.4.140', 'nc-nginx', '172.18.32.205:1081');
INSERT INTO `upms_api_visit` VALUES ('4455', '186', '20200820', '18', null, '1', '119.2.4.140', 'nc-nginx', '172.18.32.205:1081');
INSERT INTO `upms_api_visit` VALUES ('4456', '122', '20200820', '18', null, '1', '172.18.32.205', 'pcgl', '172.18.32.205:1081');
INSERT INTO `upms_api_visit` VALUES ('4457', '178', '20200820', '18', null, '1', '119.2.4.140', 'nc-nginx', '172.18.32.205:1081');
INSERT INTO `upms_api_visit` VALUES ('4458', '149', '20200820', '18', null, '1', '119.2.4.140', 'nc-nginx', '172.18.32.205:1081');
INSERT INTO `upms_api_visit` VALUES ('4459', '55', '20200820', '18', null, '1', '119.2.4.140', 'nc-nginx', '172.18.32.205:1081');
INSERT INTO `upms_api_visit` VALUES ('4460', '67', '20200820', '18', null, '1', '119.2.4.140', 'nc-nginx', '172.18.32.205:1081');
INSERT INTO `upms_api_visit` VALUES ('4461', '177', '20200820', '18', null, '3', '119.2.4.140', 'nc-nginx', '172.18.32.205:1081');
INSERT INTO `upms_api_visit` VALUES ('4462', '116', '20200820', '18', '30', '1', '119.2.4.140', 'nc-nginx', '172.18.32.205:1081');
INSERT INTO `upms_api_visit` VALUES ('4463', '51', '20200820', '18', null, '2', '119.2.4.140', 'nc-nginx', '172.18.32.205:1081');
INSERT INTO `upms_api_visit` VALUES ('4464', '72', '20200820', '18', null, '1', '172.18.32.205', 'chat', '172.18.32.205:1081');
INSERT INTO `upms_api_visit` VALUES ('4465', '122', '20200820', '18', null, '1', '172.18.32.205', 'article', '172.18.32.205:1081');
INSERT INTO `upms_api_visit` VALUES ('4466', '74', '20200820', '18', null, '1', '119.2.4.140', 'nc-nginx', '172.18.32.205:1081');
INSERT INTO `upms_api_visit` VALUES ('4467', '122', '20200820', '19', null, '1', '172.18.32.205', 'article', '172.18.32.205:1081');
INSERT INTO `upms_api_visit` VALUES ('4468', '122', '20200820', '19', null, '1', '172.18.32.205', 'chat', '172.18.32.205:1081');
INSERT INTO `upms_api_visit` VALUES ('4469', '122', '20200820', '19', null, '1', '172.18.32.205', 'worldTree', '172.18.32.205:1081');
INSERT INTO `upms_api_visit` VALUES ('4470', '122', '20200820', '19', null, '1', '172.18.32.205', 'pcgl', '172.18.32.205:1081');
INSERT INTO `upms_api_visit` VALUES ('4471', '122', '20200820', '20', null, '1', '172.18.32.205', 'worldTree', '172.18.32.205:1081');
INSERT INTO `upms_api_visit` VALUES ('4472', '122', '20200820', '20', null, '1', '172.18.32.205', 'pcgl', '172.18.32.205:1081');
INSERT INTO `upms_api_visit` VALUES ('4473', '122', '20200820', '20', null, '1', '172.18.32.205', 'article', '172.18.32.205:1081');
INSERT INTO `upms_api_visit` VALUES ('4474', '122', '20200820', '20', null, '1', '172.18.32.205', 'chat', '172.18.32.205:1081');
INSERT INTO `upms_api_visit` VALUES ('4475', '122', '20200820', '21', null, '1', '172.18.32.205', 'article', '172.18.32.205:1081');
INSERT INTO `upms_api_visit` VALUES ('4476', '122', '20200820', '21', null, '1', '172.18.32.205', 'worldTree', '172.18.32.205:1081');
INSERT INTO `upms_api_visit` VALUES ('4477', '122', '20200820', '21', null, '1', '172.18.32.205', 'pcgl', '172.18.32.205:1081');
INSERT INTO `upms_api_visit` VALUES ('4478', '122', '20200820', '21', null, '1', '172.18.32.205', 'chat', '172.18.32.205:1081');
INSERT INTO `upms_api_visit` VALUES ('4479', '122', '20200820', '22', null, '1', '172.18.32.205', 'article', '172.18.32.205:1081');
INSERT INTO `upms_api_visit` VALUES ('4480', '122', '20200820', '22', null, '1', '172.18.32.205', 'chat', '172.18.32.205:1081');
INSERT INTO `upms_api_visit` VALUES ('4481', '122', '20200820', '22', null, '1', '172.18.32.205', 'pcgl', '172.18.32.205:1081');
INSERT INTO `upms_api_visit` VALUES ('4482', '122', '20200820', '22', null, '1', '172.18.32.205', 'worldTree', '172.18.32.205:1081');
INSERT INTO `upms_api_visit` VALUES ('4483', '122', '20200820', '23', null, '1', '172.18.32.205', 'chat', '172.18.32.205:1081');
INSERT INTO `upms_api_visit` VALUES ('4484', '122', '20200820', '23', null, '1', '172.18.32.205', 'pcgl', '172.18.32.205:1081');
INSERT INTO `upms_api_visit` VALUES ('4485', '122', '20200820', '23', null, '1', '172.18.32.205', 'worldTree', '172.18.32.205:1081');
INSERT INTO `upms_api_visit` VALUES ('4486', '122', '20200820', '23', null, '1', '172.18.32.205', 'article', '172.18.32.205:1081');
INSERT INTO `upms_api_visit` VALUES ('4487', '122', '20200821', '00', null, '1', '172.18.32.205', 'worldTree', '172.18.32.205:1081');
INSERT INTO `upms_api_visit` VALUES ('4488', '122', '20200821', '00', null, '1', '172.18.32.205', 'pcgl', '172.18.32.205:1081');
INSERT INTO `upms_api_visit` VALUES ('4489', '122', '20200821', '00', null, '1', '172.18.32.205', 'chat', '172.18.32.205:1081');
INSERT INTO `upms_api_visit` VALUES ('4490', '122', '20200821', '00', null, '1', '172.18.32.205', 'article', '172.18.32.205:1081');
INSERT INTO `upms_api_visit` VALUES ('4491', '122', '20200821', '01', null, '1', '172.18.32.205', 'chat', '172.18.32.205:1081');
INSERT INTO `upms_api_visit` VALUES ('4492', '122', '20200821', '01', null, '1', '172.18.32.205', 'worldTree', '172.18.32.205:1081');
INSERT INTO `upms_api_visit` VALUES ('4493', '122', '20200821', '01', null, '1', '172.18.32.205', 'pcgl', '172.18.32.205:1081');
INSERT INTO `upms_api_visit` VALUES ('4494', '122', '20200821', '01', null, '1', '172.18.32.205', 'article', '172.18.32.205:1081');
INSERT INTO `upms_api_visit` VALUES ('4495', '122', '20200821', '02', null, '1', '172.18.32.205', 'worldTree', '172.18.32.205:1081');
INSERT INTO `upms_api_visit` VALUES ('4496', '122', '20200821', '02', null, '1', '172.18.32.205', 'pcgl', '172.18.32.205:1081');
INSERT INTO `upms_api_visit` VALUES ('4497', '122', '20200821', '02', null, '1', '172.18.32.205', 'article', '172.18.32.205:1081');
INSERT INTO `upms_api_visit` VALUES ('4498', '122', '20200821', '02', null, '1', '172.18.32.205', 'chat', '172.18.32.205:1081');
INSERT INTO `upms_api_visit` VALUES ('4499', '122', '20200821', '03', null, '1', '172.18.32.205', 'pcgl', '172.18.32.205:1081');
INSERT INTO `upms_api_visit` VALUES ('4500', '122', '20200821', '03', null, '1', '172.18.32.205', 'worldTree', '172.18.32.205:1081');
INSERT INTO `upms_api_visit` VALUES ('4501', '122', '20200821', '03', null, '1', '172.18.32.205', 'article', '172.18.32.205:1081');
INSERT INTO `upms_api_visit` VALUES ('4502', '122', '20200821', '03', null, '1', '172.18.32.205', 'chat', '172.18.32.205:1081');
INSERT INTO `upms_api_visit` VALUES ('4503', '122', '20200821', '04', null, '1', '172.18.32.205', 'pcgl', '172.18.32.205:1081');
INSERT INTO `upms_api_visit` VALUES ('4504', '122', '20200821', '04', null, '1', '172.18.32.205', 'chat', '172.18.32.205:1081');
INSERT INTO `upms_api_visit` VALUES ('4505', '122', '20200821', '04', null, '1', '172.18.32.205', 'worldTree', '172.18.32.205:1081');
INSERT INTO `upms_api_visit` VALUES ('4506', '122', '20200821', '04', null, '1', '172.18.32.205', 'article', '172.18.32.205:1081');
INSERT INTO `upms_api_visit` VALUES ('4507', '122', '20200821', '05', null, '1', '172.18.32.205', 'article', '172.18.32.205:1081');
INSERT INTO `upms_api_visit` VALUES ('4508', '122', '20200821', '05', null, '1', '172.18.32.205', 'worldTree', '172.18.32.205:1081');
INSERT INTO `upms_api_visit` VALUES ('4509', '122', '20200821', '05', null, '1', '172.18.32.205', 'pcgl', '172.18.32.205:1081');
INSERT INTO `upms_api_visit` VALUES ('4510', '122', '20200821', '05', null, '1', '172.18.32.205', 'chat', '172.18.32.205:1081');
INSERT INTO `upms_api_visit` VALUES ('4511', '122', '20200821', '06', null, '1', '172.18.32.205', 'chat', '172.18.32.205:1081');
INSERT INTO `upms_api_visit` VALUES ('4512', '122', '20200821', '06', null, '1', '172.18.32.205', 'article', '172.18.32.205:1081');
INSERT INTO `upms_api_visit` VALUES ('4513', '122', '20200821', '06', null, '1', '172.18.32.205', 'pcgl', '172.18.32.205:1081');
INSERT INTO `upms_api_visit` VALUES ('4514', '122', '20200821', '06', null, '1', '172.18.32.205', 'worldTree', '172.18.32.205:1081');
INSERT INTO `upms_api_visit` VALUES ('4515', '122', '20200821', '07', null, '1', '172.18.32.205', 'chat', '172.18.32.205:1081');
INSERT INTO `upms_api_visit` VALUES ('4516', '122', '20200821', '07', null, '1', '172.18.32.205', 'article', '172.18.32.205:1081');
INSERT INTO `upms_api_visit` VALUES ('4517', '122', '20200821', '07', null, '1', '172.18.32.205', 'pcgl', '172.18.32.205:1081');
INSERT INTO `upms_api_visit` VALUES ('4518', '122', '20200821', '07', null, '1', '172.18.32.205', 'worldTree', '172.18.32.205:1081');
INSERT INTO `upms_api_visit` VALUES ('4519', '122', '20200821', '08', null, '1', '172.18.32.205', 'worldTree', '172.18.32.205:1081');
INSERT INTO `upms_api_visit` VALUES ('4520', '122', '20200821', '08', null, '1', '172.18.32.205', 'chat', '172.18.32.205:1081');
INSERT INTO `upms_api_visit` VALUES ('4521', '122', '20200821', '08', null, '1', '172.18.32.205', 'article', '172.18.32.205:1081');
INSERT INTO `upms_api_visit` VALUES ('4522', '122', '20200821', '08', null, '1', '172.18.32.205', 'pcgl', '172.18.32.205:1081');
INSERT INTO `upms_api_visit` VALUES ('4523', '67', '20200821', '09', null, '1', '127.0.0.1', 'nc-nginx', '192.168.143.95:1081');
INSERT INTO `upms_api_visit` VALUES ('4524', '56', '20200821', '09', null, '3', '127.0.0.1', 'nc-nginx', '192.168.143.95:1081');
INSERT INTO `upms_api_visit` VALUES ('4525', '60', '20200821', '09', null, '1', '127.0.0.1', 'nc-nginx', '192.168.143.95:1081');
INSERT INTO `upms_api_visit` VALUES ('4526', '55', '20200821', '09', null, '1', '127.0.0.1', 'nc-nginx', '192.168.143.95:1081');
INSERT INTO `upms_api_visit` VALUES ('4527', '186', '20200821', '09', null, '1', '119.2.4.140', 'nc-nginx', '172.18.32.205:1081');
INSERT INTO `upms_api_visit` VALUES ('4528', '67', '20200821', '09', null, '2', '124.127.118.165', 'nc-nginx', '172.18.32.205:1081');
INSERT INTO `upms_api_visit` VALUES ('4529', '122', '20200821', '09', null, '1', '172.18.32.205', 'article', '172.18.32.205:1081');
INSERT INTO `upms_api_visit` VALUES ('4530', '71', '20200821', '09', null, '1', '119.2.4.140', 'nc-nginx', '172.18.32.205:1081');
INSERT INTO `upms_api_visit` VALUES ('4531', '51', '20200821', '09', null, '1', '202.104.194.162', 'nc-nginx', '172.18.32.205:1081');
INSERT INTO `upms_api_visit` VALUES ('4532', '81', '20200821', '09', '30', '3', '119.2.4.140', 'nc-nginx', '172.18.32.205:1081');
INSERT INTO `upms_api_visit` VALUES ('4533', '71', '20200821', '09', null, '5', '202.104.194.162', 'nc-nginx', '172.18.32.205:1081');
INSERT INTO `upms_api_visit` VALUES ('4534', '54', '20200821', '09', null, '2', '119.2.4.140', 'nc-nginx', '172.18.32.205:1081');
INSERT INTO `upms_api_visit` VALUES ('4535', '122', '20200821', '09', null, '1', '172.18.32.205', 'chat', '172.18.32.205:1081');
INSERT INTO `upms_api_visit` VALUES ('4536', '101', '20200821', '09', null, '14', '124.127.118.165', 'nc-nginx', '172.18.32.205:1081');
INSERT INTO `upms_api_visit` VALUES ('4537', '186', '20200821', '09', null, '2', '202.104.194.162', 'nc-nginx', '172.18.32.205:1081');
INSERT INTO `upms_api_visit` VALUES ('4538', '60', '20200821', '09', null, '2', '119.2.4.140', 'nc-nginx', '172.18.32.205:1081');
INSERT INTO `upms_api_visit` VALUES ('4539', '67', '20200821', '09', null, '1', '202.104.194.162', 'nc-nginx', '172.18.32.205:1081');
INSERT INTO `upms_api_visit` VALUES ('4540', '55', '20200821', '09', null, '1', '124.127.118.165', 'nc-nginx', '172.18.32.205:1081');
INSERT INTO `upms_api_visit` VALUES ('4541', '72', '20200821', '09', null, '1', '119.2.4.140', 'nc-nginx', '172.18.32.205:1081');
INSERT INTO `upms_api_visit` VALUES ('4542', '51', '20200821', '09', null, '1', '119.2.4.140', 'nc-nginx', '172.18.32.205:1081');
INSERT INTO `upms_api_visit` VALUES ('4543', '107', '20200821', '09', '30', '2', '119.2.4.140', 'nc-nginx', '172.18.32.205:1081');
INSERT INTO `upms_api_visit` VALUES ('4544', '60', '20200821', '09', null, '1', '202.104.194.162', 'nc-nginx', '172.18.32.205:1081');
INSERT INTO `upms_api_visit` VALUES ('4545', '80', '20200821', '09', '30', '1', '119.2.4.140', 'nc-nginx', '172.18.32.205:1081');
INSERT INTO `upms_api_visit` VALUES ('4546', '88', '20200821', '09', '30', '1', '119.2.4.140', 'nc-nginx', '172.18.32.205:1081');
INSERT INTO `upms_api_visit` VALUES ('4547', '122', '20200821', '09', null, '1', '172.18.32.205', 'worldTree', '172.18.32.205:1081');
INSERT INTO `upms_api_visit` VALUES ('4548', '74', '20200821', '09', null, '1', '119.2.4.140', 'nc-nginx', '172.18.32.205:1081');
INSERT INTO `upms_api_visit` VALUES ('4549', '55', '20200821', '09', null, '1', '202.104.194.162', 'nc-nginx', '172.18.32.205:1081');
INSERT INTO `upms_api_visit` VALUES ('4550', '67', '20200821', '09', null, '1', '119.2.4.140', 'nc-nginx', '172.18.32.205:1081');
INSERT INTO `upms_api_visit` VALUES ('4551', '55', '20200821', '09', null, '4', '119.2.4.140', 'nc-nginx', '172.18.32.205:1081');
INSERT INTO `upms_api_visit` VALUES ('4552', '56', '20200821', '09', null, '3', '124.127.118.165', 'nc-nginx', '172.18.32.205:1081');
INSERT INTO `upms_api_visit` VALUES ('4553', '60', '20200821', '09', null, '2', '124.127.118.165', 'nc-nginx', '172.18.32.205:1081');
INSERT INTO `upms_api_visit` VALUES ('4554', '122', '20200821', '09', null, '1', '172.18.32.205', 'pcgl', '172.18.32.205:1081');
INSERT INTO `upms_api_visit` VALUES ('4555', '122', '20200821', '10', null, '1', '172.18.32.205', 'worldTree', '172.18.32.205:1081');
INSERT INTO `upms_api_visit` VALUES ('4556', '56', '20200821', '10', null, '1', '127.0.0.1', 'nc-nginx', '192.168.143.95:1081');
INSERT INTO `upms_api_visit` VALUES ('4557', '51', '20200821', '10', null, '2', '202.104.194.162', 'nc-nginx', '172.18.32.205:1081');
INSERT INTO `upms_api_visit` VALUES ('4558', '178', '20200821', '10', null, '1', '202.104.194.162', 'nc-nginx', '172.18.32.205:1081');
INSERT INTO `upms_api_visit` VALUES ('4559', '122', '20200821', '10', null, '1', '172.18.32.205', 'article', '172.18.32.205:1081');
INSERT INTO `upms_api_visit` VALUES ('4560', '177', '20200821', '10', null, '2', '202.104.194.162', 'nc-nginx', '172.18.32.205:1081');
INSERT INTO `upms_api_visit` VALUES ('4561', '186', '20200821', '10', null, '1', '202.104.194.162', 'nc-nginx', '172.18.32.205:1081');
INSERT INTO `upms_api_visit` VALUES ('4562', '182', '20200821', '10', null, '1', '202.104.194.162', 'nc-nginx', '172.18.32.205:1081');
INSERT INTO `upms_api_visit` VALUES ('4563', '122', '20200821', '10', null, '1', '172.18.32.205', 'pcgl', '172.18.32.205:1081');
INSERT INTO `upms_api_visit` VALUES ('4564', '122', '20200821', '10', null, '1', '172.18.32.205', 'chat', '172.18.32.205:1081');
INSERT INTO `upms_api_visit` VALUES ('4565', '122', '20200821', '11', null, '1', '172.18.32.205', 'worldTree', '172.18.32.205:1081');
INSERT INTO `upms_api_visit` VALUES ('4566', '122', '20200821', '11', null, '1', '172.18.32.205', 'article', '172.18.32.205:1081');
INSERT INTO `upms_api_visit` VALUES ('4567', '122', '20200821', '11', null, '1', '172.18.32.205', 'pcgl', '172.18.32.205:1081');
INSERT INTO `upms_api_visit` VALUES ('4568', '122', '20200821', '11', null, '1', '172.18.32.205', 'chat', '172.18.32.205:1081');
INSERT INTO `upms_api_visit` VALUES ('4569', '122', '20200821', '12', null, '1', '172.18.32.205', 'article', '172.18.32.205:1081');
INSERT INTO `upms_api_visit` VALUES ('4570', '122', '20200821', '12', null, '1', '172.18.32.205', 'chat', '172.18.32.205:1081');
INSERT INTO `upms_api_visit` VALUES ('4571', '122', '20200821', '12', null, '1', '172.18.32.205', 'worldTree', '172.18.32.205:1081');
INSERT INTO `upms_api_visit` VALUES ('4572', '122', '20200821', '12', null, '1', '172.18.32.205', 'pcgl', '172.18.32.205:1081');
INSERT INTO `upms_api_visit` VALUES ('4573', '60', '20200821', '13', null, '1', '127.0.0.1', 'nc-nginx', '192.168.143.95:1081');
INSERT INTO `upms_api_visit` VALUES ('4574', '56', '20200821', '13', null, '1', '127.0.0.1', 'nc-nginx', '192.168.143.95:1081');
INSERT INTO `upms_api_visit` VALUES ('4575', '101', '20200821', '13', null, '6', '127.0.0.1', 'nc-nginx', '192.168.143.95:1081');
INSERT INTO `upms_api_visit` VALUES ('4576', '67', '20200821', '13', null, '1', '127.0.0.1', 'nc-nginx', '192.168.143.95:1081');
INSERT INTO `upms_api_visit` VALUES ('4577', '55', '20200821', '13', null, '1', '127.0.0.1', 'nc-nginx', '192.168.143.95:1081');
INSERT INTO `upms_api_visit` VALUES ('4578', '54', '20200821', '13', null, '1', '127.0.0.1', 'nc-nginx', '192.168.143.95:1081');
INSERT INTO `upms_api_visit` VALUES ('4579', '122', '20200821', '13', null, '1', '172.18.32.205', 'chat', '172.18.32.205:1081');
INSERT INTO `upms_api_visit` VALUES ('4580', '122', '20200821', '13', null, '1', '172.18.32.205', 'worldTree', '172.18.32.205:1081');
INSERT INTO `upms_api_visit` VALUES ('4581', '122', '20200821', '13', null, '1', '172.18.32.205', 'pcgl', '172.18.32.205:1081');
INSERT INTO `upms_api_visit` VALUES ('4582', '122', '20200821', '13', null, '1', '172.18.32.205', 'article', '172.18.32.205:1081');
INSERT INTO `upms_api_visit` VALUES ('4583', '122', '20200821', '14', null, '1', '172.18.32.205', 'pcgl', '172.18.32.205:1081');
INSERT INTO `upms_api_visit` VALUES ('4584', '122', '20200821', '14', null, '1', '172.18.32.205', 'worldTree', '172.18.32.205:1081');
INSERT INTO `upms_api_visit` VALUES ('4585', '72', '20200821', '14', null, '87', '172.18.32.205', 'pcgl', '172.18.32.205:1081');
INSERT INTO `upms_api_visit` VALUES ('4586', '122', '20200821', '14', null, '1', '172.18.32.205', 'article', '172.18.32.205:1081');
INSERT INTO `upms_api_visit` VALUES ('4587', '73', '20200821', '14', null, '87', '58.118.13.66', 'nc-nginx', '172.18.32.205:1081');
INSERT INTO `upms_api_visit` VALUES ('4588', '122', '20200821', '14', null, '1', '172.18.32.205', 'chat', '172.18.32.205:1081');
INSERT INTO `upms_api_visit` VALUES ('4589', '122', '20200821', '15', null, '1', '172.18.32.205', 'worldTree', '172.18.32.205:1081');
INSERT INTO `upms_api_visit` VALUES ('4590', '122', '20200821', '15', null, '1', '172.18.32.205', 'pcgl', '172.18.32.205:1081');
INSERT INTO `upms_api_visit` VALUES ('4591', '122', '20200821', '15', null, '1', '172.18.32.205', 'chat', '172.18.32.205:1081');
INSERT INTO `upms_api_visit` VALUES ('4592', '122', '20200821', '15', null, '1', '172.18.32.205', 'article', '172.18.32.205:1081');
INSERT INTO `upms_api_visit` VALUES ('4593', '122', '20200821', '16', null, '1', '172.18.32.205', 'worldTree', '172.18.32.205:1081');
INSERT INTO `upms_api_visit` VALUES ('4594', '122', '20200821', '16', null, '1', '172.18.32.205', 'pcgl', '172.18.32.205:1081');
INSERT INTO `upms_api_visit` VALUES ('4595', '122', '20200821', '16', null, '1', '172.18.32.205', 'chat', '172.18.32.205:1081');
INSERT INTO `upms_api_visit` VALUES ('4596', '122', '20200821', '16', null, '1', '172.18.32.205', 'article', '172.18.32.205:1081');
INSERT INTO `upms_api_visit` VALUES ('4597', '122', '20200821', '17', null, '1', '172.18.32.205', 'article', '172.18.32.205:1081');
INSERT INTO `upms_api_visit` VALUES ('4598', '122', '20200821', '17', null, '1', '172.18.32.205', 'pcgl', '172.18.32.205:1081');
INSERT INTO `upms_api_visit` VALUES ('4599', '122', '20200821', '17', null, '1', '172.18.32.205', 'worldTree', '172.18.32.205:1081');
INSERT INTO `upms_api_visit` VALUES ('4600', '122', '20200821', '17', null, '1', '172.18.32.205', 'chat', '172.18.32.205:1081');
INSERT INTO `upms_api_visit` VALUES ('4601', '74', '20200821', '18', null, '1', '58.209.170.100', 'nc-nginx', '172.18.32.205:1081');
INSERT INTO `upms_api_visit` VALUES ('4602', '122', '20200821', '18', null, '1', '172.18.32.205', 'article', '172.18.32.205:1081');
INSERT INTO `upms_api_visit` VALUES ('4603', '122', '20200821', '18', null, '1', '172.18.32.205', 'chat', '172.18.32.205:1081');
INSERT INTO `upms_api_visit` VALUES ('4604', '72', '20200821', '18', null, '1', '172.18.32.205', 'chat', '172.18.32.205:1081');
INSERT INTO `upms_api_visit` VALUES ('4605', '72', '20200821', '18', null, '1', '58.209.170.100', 'nc-nginx', '172.18.32.205:1081');
INSERT INTO `upms_api_visit` VALUES ('4606', '202', '20200821', '18', null, '1', '172.18.32.205', 'chat', '172.18.32.205:1081');
INSERT INTO `upms_api_visit` VALUES ('4607', '80', '20200821', '18', '30', '1', '58.209.170.100', 'nc-nginx', '172.18.32.205:1081');
INSERT INTO `upms_api_visit` VALUES ('4608', '122', '20200821', '18', null, '1', '172.18.32.205', 'worldTree', '172.18.32.205:1081');
INSERT INTO `upms_api_visit` VALUES ('4609', '88', '20200821', '18', '30', '1', '58.209.170.100', 'nc-nginx', '172.18.32.205:1081');
INSERT INTO `upms_api_visit` VALUES ('4610', '122', '20200821', '18', null, '1', '172.18.32.205', 'pcgl', '172.18.32.205:1081');
INSERT INTO `upms_api_visit` VALUES ('4611', '81', '20200821', '18', '30', '3', '58.209.170.100', 'nc-nginx', '172.18.32.205:1081');
INSERT INTO `upms_api_visit` VALUES ('4612', '107', '20200821', '18', '30', '2', '58.209.170.100', 'nc-nginx', '172.18.32.205:1081');
INSERT INTO `upms_api_visit` VALUES ('4613', '122', '20200821', '19', null, '1', '172.18.32.205', 'chat', '172.18.32.205:1081');
INSERT INTO `upms_api_visit` VALUES ('4614', '122', '20200821', '19', null, '1', '172.18.32.205', 'pcgl', '172.18.32.205:1081');
INSERT INTO `upms_api_visit` VALUES ('4615', '122', '20200821', '19', null, '1', '172.18.32.205', 'worldTree', '172.18.32.205:1081');
INSERT INTO `upms_api_visit` VALUES ('4616', '122', '20200821', '19', null, '1', '172.18.32.205', 'article', '172.18.32.205:1081');
INSERT INTO `upms_api_visit` VALUES ('4617', '122', '20200821', '20', null, '1', '172.18.32.205', 'chat', '172.18.32.205:1081');
INSERT INTO `upms_api_visit` VALUES ('4618', '122', '20200821', '20', null, '1', '172.18.32.205', 'article', '172.18.32.205:1081');
INSERT INTO `upms_api_visit` VALUES ('4619', '122', '20200821', '20', null, '1', '172.18.32.205', 'pcgl', '172.18.32.205:1081');
INSERT INTO `upms_api_visit` VALUES ('4620', '122', '20200821', '20', null, '1', '172.18.32.205', 'worldTree', '172.18.32.205:1081');
INSERT INTO `upms_api_visit` VALUES ('4621', '122', '20200821', '21', null, '1', '172.18.32.205', 'worldTree', '172.18.32.205:1081');
INSERT INTO `upms_api_visit` VALUES ('4622', '122', '20200821', '21', null, '1', '172.18.32.205', 'pcgl', '172.18.32.205:1081');
INSERT INTO `upms_api_visit` VALUES ('4623', '122', '20200821', '21', null, '1', '172.18.32.205', 'chat', '172.18.32.205:1081');
INSERT INTO `upms_api_visit` VALUES ('4624', '122', '20200821', '21', null, '1', '172.18.32.205', 'article', '172.18.32.205:1081');
INSERT INTO `upms_api_visit` VALUES ('4625', '122', '20200821', '22', null, '1', '172.18.32.205', 'worldTree', '172.18.32.205:1081');
INSERT INTO `upms_api_visit` VALUES ('4626', '122', '20200821', '22', null, '1', '172.18.32.205', 'pcgl', '172.18.32.205:1081');
INSERT INTO `upms_api_visit` VALUES ('4627', '122', '20200821', '22', null, '1', '172.18.32.205', 'article', '172.18.32.205:1081');
INSERT INTO `upms_api_visit` VALUES ('4628', '122', '20200821', '22', null, '1', '172.18.32.205', 'chat', '172.18.32.205:1081');
INSERT INTO `upms_api_visit` VALUES ('4629', '122', '20200821', '23', null, '1', '172.18.32.205', 'article', '172.18.32.205:1081');
INSERT INTO `upms_api_visit` VALUES ('4630', '122', '20200821', '23', null, '1', '172.18.32.205', 'chat', '172.18.32.205:1081');
INSERT INTO `upms_api_visit` VALUES ('4631', '122', '20200821', '23', null, '1', '172.18.32.205', 'worldTree', '172.18.32.205:1081');
INSERT INTO `upms_api_visit` VALUES ('4632', '122', '20200821', '23', null, '1', '172.18.32.205', 'pcgl', '172.18.32.205:1081');
INSERT INTO `upms_api_visit` VALUES ('4633', '122', '20200822', '00', null, '1', '172.18.32.205', 'pcgl', '172.18.32.205:1081');
INSERT INTO `upms_api_visit` VALUES ('4634', '122', '20200822', '00', null, '1', '172.18.32.205', 'worldTree', '172.18.32.205:1081');
INSERT INTO `upms_api_visit` VALUES ('4635', '122', '20200822', '00', null, '1', '172.18.32.205', 'article', '172.18.32.205:1081');
INSERT INTO `upms_api_visit` VALUES ('4636', '122', '20200822', '00', null, '1', '172.18.32.205', 'chat', '172.18.32.205:1081');
INSERT INTO `upms_api_visit` VALUES ('4637', '122', '20200822', '01', null, '1', '172.18.32.205', 'article', '172.18.32.205:1081');
INSERT INTO `upms_api_visit` VALUES ('4638', '122', '20200822', '01', null, '1', '172.18.32.205', 'worldTree', '172.18.32.205:1081');
INSERT INTO `upms_api_visit` VALUES ('4639', '122', '20200822', '01', null, '1', '172.18.32.205', 'pcgl', '172.18.32.205:1081');
INSERT INTO `upms_api_visit` VALUES ('4640', '122', '20200822', '01', null, '1', '172.18.32.205', 'chat', '172.18.32.205:1081');
INSERT INTO `upms_api_visit` VALUES ('4641', '122', '20200822', '02', null, '1', '172.18.32.205', 'article', '172.18.32.205:1081');
INSERT INTO `upms_api_visit` VALUES ('4642', '122', '20200822', '02', null, '1', '172.18.32.205', 'chat', '172.18.32.205:1081');
INSERT INTO `upms_api_visit` VALUES ('4643', '122', '20200822', '02', null, '1', '172.18.32.205', 'worldTree', '172.18.32.205:1081');
INSERT INTO `upms_api_visit` VALUES ('4644', '122', '20200822', '02', null, '1', '172.18.32.205', 'pcgl', '172.18.32.205:1081');
INSERT INTO `upms_api_visit` VALUES ('4645', '122', '20200822', '03', null, '1', '172.18.32.205', 'chat', '172.18.32.205:1081');
INSERT INTO `upms_api_visit` VALUES ('4646', '122', '20200822', '03', null, '1', '172.18.32.205', 'pcgl', '172.18.32.205:1081');
INSERT INTO `upms_api_visit` VALUES ('4647', '122', '20200822', '03', null, '1', '172.18.32.205', 'worldTree', '172.18.32.205:1081');
INSERT INTO `upms_api_visit` VALUES ('4648', '122', '20200822', '03', null, '1', '172.18.32.205', 'article', '172.18.32.205:1081');
INSERT INTO `upms_api_visit` VALUES ('4649', '122', '20200822', '04', null, '1', '172.18.32.205', 'pcgl', '172.18.32.205:1081');
INSERT INTO `upms_api_visit` VALUES ('4650', '122', '20200822', '04', null, '1', '172.18.32.205', 'worldTree', '172.18.32.205:1081');
INSERT INTO `upms_api_visit` VALUES ('4651', '122', '20200822', '04', null, '1', '172.18.32.205', 'article', '172.18.32.205:1081');
INSERT INTO `upms_api_visit` VALUES ('4652', '122', '20200822', '04', null, '1', '172.18.32.205', 'chat', '172.18.32.205:1081');
INSERT INTO `upms_api_visit` VALUES ('4653', '122', '20200822', '05', null, '1', '172.18.32.205', 'worldTree', '172.18.32.205:1081');
INSERT INTO `upms_api_visit` VALUES ('4654', '122', '20200822', '05', null, '1', '172.18.32.205', 'pcgl', '172.18.32.205:1081');
INSERT INTO `upms_api_visit` VALUES ('4655', '122', '20200822', '05', null, '1', '172.18.32.205', 'chat', '172.18.32.205:1081');
INSERT INTO `upms_api_visit` VALUES ('4656', '122', '20200822', '05', null, '1', '172.18.32.205', 'article', '172.18.32.205:1081');
INSERT INTO `upms_api_visit` VALUES ('4657', '122', '20200822', '06', null, '1', '172.18.32.205', 'worldTree', '172.18.32.205:1081');
INSERT INTO `upms_api_visit` VALUES ('4658', '122', '20200822', '06', null, '1', '172.18.32.205', 'pcgl', '172.18.32.205:1081');
INSERT INTO `upms_api_visit` VALUES ('4659', '122', '20200822', '06', null, '1', '172.18.32.205', 'chat', '172.18.32.205:1081');
INSERT INTO `upms_api_visit` VALUES ('4660', '122', '20200822', '06', null, '1', '172.18.32.205', 'article', '172.18.32.205:1081');
INSERT INTO `upms_api_visit` VALUES ('4661', '122', '20200822', '07', null, '1', '172.18.32.205', 'article', '172.18.32.205:1081');
INSERT INTO `upms_api_visit` VALUES ('4662', '122', '20200822', '07', null, '1', '172.18.32.205', 'pcgl', '172.18.32.205:1081');
INSERT INTO `upms_api_visit` VALUES ('4663', '122', '20200822', '07', null, '1', '172.18.32.205', 'worldTree', '172.18.32.205:1081');
INSERT INTO `upms_api_visit` VALUES ('4664', '122', '20200822', '07', null, '1', '172.18.32.205', 'chat', '172.18.32.205:1081');
INSERT INTO `upms_api_visit` VALUES ('4665', '122', '20200822', '08', null, '1', '172.18.32.205', 'worldTree', '172.18.32.205:1081');
INSERT INTO `upms_api_visit` VALUES ('4666', '122', '20200822', '08', null, '1', '172.18.32.205', 'pcgl', '172.18.32.205:1081');
INSERT INTO `upms_api_visit` VALUES ('4667', '122', '20200822', '08', null, '1', '172.18.32.205', 'article', '172.18.32.205:1081');
INSERT INTO `upms_api_visit` VALUES ('4668', '122', '20200822', '08', null, '1', '172.18.32.205', 'chat', '172.18.32.205:1081');
INSERT INTO `upms_api_visit` VALUES ('4669', '122', '20200822', '09', null, '1', '172.18.32.205', 'chat', '172.18.32.205:1081');
INSERT INTO `upms_api_visit` VALUES ('4670', '122', '20200822', '09', null, '1', '172.18.32.205', 'article', '172.18.32.205:1081');
INSERT INTO `upms_api_visit` VALUES ('4671', '122', '20200822', '09', null, '1', '172.18.32.205', 'pcgl', '172.18.32.205:1081');
INSERT INTO `upms_api_visit` VALUES ('4672', '122', '20200822', '09', null, '1', '172.18.32.205', 'worldTree', '172.18.32.205:1081');
INSERT INTO `upms_api_visit` VALUES ('4673', '122', '20200822', '10', null, '1', '172.18.32.205', 'chat', '172.18.32.205:1081');
INSERT INTO `upms_api_visit` VALUES ('4674', '122', '20200822', '10', null, '1', '172.18.32.205', 'article', '172.18.32.205:1081');
INSERT INTO `upms_api_visit` VALUES ('4675', '122', '20200822', '10', null, '1', '172.18.32.205', 'pcgl', '172.18.32.205:1081');
INSERT INTO `upms_api_visit` VALUES ('4676', '122', '20200822', '10', null, '1', '172.18.32.205', 'worldTree', '172.18.32.205:1081');
INSERT INTO `upms_api_visit` VALUES ('4677', '122', '20200822', '11', null, '1', '172.18.32.205', 'worldTree', '172.18.32.205:1081');
INSERT INTO `upms_api_visit` VALUES ('4678', '122', '20200822', '11', null, '1', '172.18.32.205', 'pcgl', '172.18.32.205:1081');
INSERT INTO `upms_api_visit` VALUES ('4679', '122', '20200822', '11', null, '1', '172.18.32.205', 'chat', '172.18.32.205:1081');
INSERT INTO `upms_api_visit` VALUES ('4680', '122', '20200822', '11', null, '1', '172.18.32.205', 'article', '172.18.32.205:1081');
INSERT INTO `upms_api_visit` VALUES ('4681', '122', '20200822', '12', null, '1', '172.18.32.205', 'pcgl', '172.18.32.205:1081');
INSERT INTO `upms_api_visit` VALUES ('4682', '122', '20200822', '12', null, '1', '172.18.32.205', 'worldTree', '172.18.32.205:1081');
INSERT INTO `upms_api_visit` VALUES ('4683', '122', '20200822', '12', null, '1', '172.18.32.205', 'article', '172.18.32.205:1081');
INSERT INTO `upms_api_visit` VALUES ('4684', '122', '20200822', '12', null, '1', '172.18.32.205', 'chat', '172.18.32.205:1081');
INSERT INTO `upms_api_visit` VALUES ('4685', '122', '20200822', '13', null, '1', '172.18.32.205', 'article', '172.18.32.205:1081');
INSERT INTO `upms_api_visit` VALUES ('4686', '122', '20200822', '13', null, '1', '172.18.32.205', 'chat', '172.18.32.205:1081');
INSERT INTO `upms_api_visit` VALUES ('4687', '122', '20200822', '13', null, '1', '172.18.32.205', 'worldTree', '172.18.32.205:1081');
INSERT INTO `upms_api_visit` VALUES ('4688', '122', '20200822', '13', null, '1', '172.18.32.205', 'pcgl', '172.18.32.205:1081');
INSERT INTO `upms_api_visit` VALUES ('4689', '122', '20200822', '14', null, '1', '172.18.32.205', 'article', '172.18.32.205:1081');
INSERT INTO `upms_api_visit` VALUES ('4690', '122', '20200822', '14', null, '1', '172.18.32.205', 'chat', '172.18.32.205:1081');
INSERT INTO `upms_api_visit` VALUES ('4691', '122', '20200822', '14', null, '1', '172.18.32.205', 'pcgl', '172.18.32.205:1081');
INSERT INTO `upms_api_visit` VALUES ('4692', '122', '20200822', '14', null, '1', '172.18.32.205', 'worldTree', '172.18.32.205:1081');
INSERT INTO `upms_api_visit` VALUES ('4693', '122', '20200822', '15', null, '1', '172.18.32.205', 'chat', '172.18.32.205:1081');
INSERT INTO `upms_api_visit` VALUES ('4694', '122', '20200822', '15', null, '1', '172.18.32.205', 'worldTree', '172.18.32.205:1081');
INSERT INTO `upms_api_visit` VALUES ('4695', '122', '20200822', '15', null, '1', '172.18.32.205', 'pcgl', '172.18.32.205:1081');
INSERT INTO `upms_api_visit` VALUES ('4696', '122', '20200822', '15', null, '1', '172.18.32.205', 'article', '172.18.32.205:1081');
INSERT INTO `upms_api_visit` VALUES ('4697', '122', '20200822', '16', null, '1', '172.18.32.205', 'chat', '172.18.32.205:1081');
INSERT INTO `upms_api_visit` VALUES ('4698', '122', '20200822', '16', null, '1', '172.18.32.205', 'worldTree', '172.18.32.205:1081');
INSERT INTO `upms_api_visit` VALUES ('4699', '122', '20200822', '16', null, '1', '172.18.32.205', 'pcgl', '172.18.32.205:1081');
INSERT INTO `upms_api_visit` VALUES ('4700', '122', '20200822', '16', null, '1', '172.18.32.205', 'article', '172.18.32.205:1081');
INSERT INTO `upms_api_visit` VALUES ('4701', '122', '20200822', '17', null, '1', '172.18.32.205', 'pcgl', '172.18.32.205:1081');
INSERT INTO `upms_api_visit` VALUES ('4702', '122', '20200822', '17', null, '1', '172.18.32.205', 'worldTree', '172.18.32.205:1081');
INSERT INTO `upms_api_visit` VALUES ('4703', '122', '20200822', '17', null, '1', '172.18.32.205', 'chat', '172.18.32.205:1081');
INSERT INTO `upms_api_visit` VALUES ('4704', '122', '20200822', '17', null, '1', '172.18.32.205', 'article', '172.18.32.205:1081');
INSERT INTO `upms_api_visit` VALUES ('4705', '122', '20200822', '18', null, '1', '172.18.32.205', 'worldTree', '172.18.32.205:1081');
INSERT INTO `upms_api_visit` VALUES ('4706', '122', '20200822', '18', null, '1', '172.18.32.205', 'pcgl', '172.18.32.205:1081');
INSERT INTO `upms_api_visit` VALUES ('4707', '122', '20200822', '18', null, '1', '172.18.32.205', 'chat', '172.18.32.205:1081');
INSERT INTO `upms_api_visit` VALUES ('4708', '122', '20200822', '18', null, '1', '172.18.32.205', 'article', '172.18.32.205:1081');
INSERT INTO `upms_api_visit` VALUES ('4709', '122', '20200822', '19', null, '1', '172.18.32.205', 'article', '172.18.32.205:1081');
INSERT INTO `upms_api_visit` VALUES ('4710', '122', '20200822', '19', null, '1', '172.18.32.205', 'pcgl', '172.18.32.205:1081');
INSERT INTO `upms_api_visit` VALUES ('4711', '122', '20200822', '19', null, '1', '172.18.32.205', 'worldTree', '172.18.32.205:1081');
INSERT INTO `upms_api_visit` VALUES ('4712', '122', '20200822', '19', null, '1', '172.18.32.205', 'chat', '172.18.32.205:1081');
INSERT INTO `upms_api_visit` VALUES ('4713', '122', '20200822', '20', null, '1', '172.18.32.205', 'article', '172.18.32.205:1081');
INSERT INTO `upms_api_visit` VALUES ('4714', '122', '20200822', '20', null, '1', '172.18.32.205', 'worldTree', '172.18.32.205:1081');
INSERT INTO `upms_api_visit` VALUES ('4715', '122', '20200822', '20', null, '1', '172.18.32.205', 'pcgl', '172.18.32.205:1081');
INSERT INTO `upms_api_visit` VALUES ('4716', '122', '20200822', '20', null, '1', '172.18.32.205', 'chat', '172.18.32.205:1081');
INSERT INTO `upms_api_visit` VALUES ('4717', '186', '20200822', '21', null, '4', '125.82.7.236', 'nc-nginx', '172.18.32.205:1081');
INSERT INTO `upms_api_visit` VALUES ('4718', '122', '20200822', '21', null, '1', '172.18.32.205', 'chat', '172.18.32.205:1081');
INSERT INTO `upms_api_visit` VALUES ('4719', '122', '20200822', '21', null, '1', '172.18.32.205', 'article', '172.18.32.205:1081');
INSERT INTO `upms_api_visit` VALUES ('4720', '60', '20200822', '21', null, '13', '125.82.7.236', 'nc-nginx', '172.18.32.205:1081');
INSERT INTO `upms_api_visit` VALUES ('4721', '202', '20200822', '21', null, '1', '172.18.32.205', 'chat', '172.18.32.205:1081');
INSERT INTO `upms_api_visit` VALUES ('4722', '80', '20200822', '21', '30', '1', '125.82.7.236', 'nc-nginx', '172.18.32.205:1081');
INSERT INTO `upms_api_visit` VALUES ('4723', '171', '20200822', '21', null, '4', '125.82.7.236', 'nc-nginx', '172.18.32.205:1081');
INSERT INTO `upms_api_visit` VALUES ('4724', '67', '20200822', '21', null, '5', '125.82.7.236', 'nc-nginx', '172.18.32.205:1081');
INSERT INTO `upms_api_visit` VALUES ('4725', '55', '20200822', '21', null, '1', '125.82.7.236', 'nc-nginx', '172.18.32.205:1081');
INSERT INTO `upms_api_visit` VALUES ('4726', '81', '20200822', '21', '30', '3', '125.82.7.236', 'nc-nginx', '172.18.32.205:1081');
INSERT INTO `upms_api_visit` VALUES ('4727', '107', '20200822', '21', '30', '1', '125.82.7.236', 'nc-nginx', '172.18.32.205:1081');
INSERT INTO `upms_api_visit` VALUES ('4728', '88', '20200822', '21', '30', '1', '125.82.7.236', 'nc-nginx', '172.18.32.205:1081');
INSERT INTO `upms_api_visit` VALUES ('4729', '149', '20200822', '21', null, '4', '125.82.7.236', 'nc-nginx', '172.18.32.205:1081');
INSERT INTO `upms_api_visit` VALUES ('4730', '101', '20200822', '21', null, '12', '125.82.7.236', 'nc-nginx', '172.18.32.205:1081');
INSERT INTO `upms_api_visit` VALUES ('4731', '72', '20200822', '21', null, '1', '172.18.32.205', 'chat', '172.18.32.205:1081');
INSERT INTO `upms_api_visit` VALUES ('4732', '56', '20200822', '21', null, '5', '125.82.7.236', 'nc-nginx', '172.18.32.205:1081');
INSERT INTO `upms_api_visit` VALUES ('4733', '122', '20200822', '21', null, '1', '172.18.32.205', 'pcgl', '172.18.32.205:1081');
INSERT INTO `upms_api_visit` VALUES ('4734', '51', '20200822', '21', null, '2', '125.82.7.236', 'nc-nginx', '172.18.32.205:1081');
INSERT INTO `upms_api_visit` VALUES ('4735', '72', '20200822', '21', null, '1', '125.82.7.236', 'nc-nginx', '172.18.32.205:1081');
INSERT INTO `upms_api_visit` VALUES ('4736', '71', '20200822', '21', null, '2', '125.82.7.236', 'nc-nginx', '172.18.32.205:1081');
INSERT INTO `upms_api_visit` VALUES ('4737', '122', '20200822', '21', null, '1', '172.18.32.205', 'worldTree', '172.18.32.205:1081');
INSERT INTO `upms_api_visit` VALUES ('4738', '74', '20200822', '21', null, '1', '125.82.7.236', 'nc-nginx', '172.18.32.205:1081');
INSERT INTO `upms_api_visit` VALUES ('4739', '122', '20200822', '22', null, '1', '172.18.32.205', 'worldTree', '172.18.32.205:1081');
INSERT INTO `upms_api_visit` VALUES ('4740', '122', '20200822', '22', null, '1', '172.18.32.205', 'chat', '172.18.32.205:1081');
INSERT INTO `upms_api_visit` VALUES ('4741', '122', '20200822', '22', null, '1', '172.18.32.205', 'article', '172.18.32.205:1081');
INSERT INTO `upms_api_visit` VALUES ('4742', '122', '20200822', '22', null, '1', '172.18.32.205', 'pcgl', '172.18.32.205:1081');
INSERT INTO `upms_api_visit` VALUES ('4743', '107', '20200822', '22', '30', '1', '125.82.7.236', 'nc-nginx', '172.18.32.205:1081');
INSERT INTO `upms_api_visit` VALUES ('4744', '122', '20200822', '23', null, '1', '172.18.32.205', 'chat', '172.18.32.205:1081');
INSERT INTO `upms_api_visit` VALUES ('4745', '122', '20200822', '23', null, '1', '172.18.32.205', 'article', '172.18.32.205:1081');
INSERT INTO `upms_api_visit` VALUES ('4746', '122', '20200822', '23', null, '1', '172.18.32.205', 'pcgl', '172.18.32.205:1081');
INSERT INTO `upms_api_visit` VALUES ('4747', '122', '20200822', '23', null, '1', '172.18.32.205', 'worldTree', '172.18.32.205:1081');
INSERT INTO `upms_api_visit` VALUES ('4748', '122', '20200823', '00', null, '1', '172.18.32.205', 'chat', '172.18.32.205:1081');
INSERT INTO `upms_api_visit` VALUES ('4749', '122', '20200823', '00', null, '1', '172.18.32.205', 'article', '172.18.32.205:1081');
INSERT INTO `upms_api_visit` VALUES ('4750', '122', '20200823', '00', null, '1', '172.18.32.205', 'pcgl', '172.18.32.205:1081');
INSERT INTO `upms_api_visit` VALUES ('4751', '122', '20200823', '00', null, '1', '172.18.32.205', 'worldTree', '172.18.32.205:1081');
INSERT INTO `upms_api_visit` VALUES ('4752', '122', '20200823', '01', null, '1', '172.18.32.205', 'worldTree', '172.18.32.205:1081');
INSERT INTO `upms_api_visit` VALUES ('4753', '122', '20200823', '01', null, '1', '172.18.32.205', 'pcgl', '172.18.32.205:1081');
INSERT INTO `upms_api_visit` VALUES ('4754', '122', '20200823', '01', null, '1', '172.18.32.205', 'chat', '172.18.32.205:1081');
INSERT INTO `upms_api_visit` VALUES ('4755', '122', '20200823', '01', null, '1', '172.18.32.205', 'article', '172.18.32.205:1081');
INSERT INTO `upms_api_visit` VALUES ('4756', '122', '20200823', '02', null, '1', '172.18.32.205', 'worldTree', '172.18.32.205:1081');
INSERT INTO `upms_api_visit` VALUES ('4757', '122', '20200823', '02', null, '1', '172.18.32.205', 'pcgl', '172.18.32.205:1081');
INSERT INTO `upms_api_visit` VALUES ('4758', '122', '20200823', '02', null, '1', '172.18.32.205', 'article', '172.18.32.205:1081');
INSERT INTO `upms_api_visit` VALUES ('4759', '122', '20200823', '02', null, '1', '172.18.32.205', 'chat', '172.18.32.205:1081');
INSERT INTO `upms_api_visit` VALUES ('4760', '122', '20200823', '03', null, '1', '172.18.32.205', 'article', '172.18.32.205:1081');
INSERT INTO `upms_api_visit` VALUES ('4761', '122', '20200823', '03', null, '1', '172.18.32.205', 'chat', '172.18.32.205:1081');
INSERT INTO `upms_api_visit` VALUES ('4762', '122', '20200823', '03', null, '1', '172.18.32.205', 'pcgl', '172.18.32.205:1081');
INSERT INTO `upms_api_visit` VALUES ('4763', '122', '20200823', '03', null, '1', '172.18.32.205', 'worldTree', '172.18.32.205:1081');
INSERT INTO `upms_api_visit` VALUES ('4764', '122', '20200823', '04', null, '1', '172.18.32.205', 'article', '172.18.32.205:1081');
INSERT INTO `upms_api_visit` VALUES ('4765', '122', '20200823', '04', null, '1', '172.18.32.205', 'chat', '172.18.32.205:1081');
INSERT INTO `upms_api_visit` VALUES ('4766', '122', '20200823', '04', null, '1', '172.18.32.205', 'worldTree', '172.18.32.205:1081');
INSERT INTO `upms_api_visit` VALUES ('4767', '122', '20200823', '04', null, '1', '172.18.32.205', 'pcgl', '172.18.32.205:1081');
INSERT INTO `upms_api_visit` VALUES ('4768', '122', '20200823', '05', null, '1', '172.18.32.205', 'chat', '172.18.32.205:1081');
INSERT INTO `upms_api_visit` VALUES ('4769', '122', '20200823', '05', null, '1', '172.18.32.205', 'worldTree', '172.18.32.205:1081');
INSERT INTO `upms_api_visit` VALUES ('4770', '122', '20200823', '05', null, '1', '172.18.32.205', 'pcgl', '172.18.32.205:1081');
INSERT INTO `upms_api_visit` VALUES ('4771', '122', '20200823', '05', null, '1', '172.18.32.205', 'article', '172.18.32.205:1081');
INSERT INTO `upms_api_visit` VALUES ('4772', '122', '20200823', '06', null, '1', '172.18.32.205', 'chat', '172.18.32.205:1081');
INSERT INTO `upms_api_visit` VALUES ('4773', '122', '20200823', '06', null, '1', '172.18.32.205', 'pcgl', '172.18.32.205:1081');
INSERT INTO `upms_api_visit` VALUES ('4774', '122', '20200823', '06', null, '1', '172.18.32.205', 'worldTree', '172.18.32.205:1081');
INSERT INTO `upms_api_visit` VALUES ('4775', '122', '20200823', '06', null, '1', '172.18.32.205', 'article', '172.18.32.205:1081');
INSERT INTO `upms_api_visit` VALUES ('4776', '122', '20200823', '07', null, '1', '172.18.32.205', 'worldTree', '172.18.32.205:1081');
INSERT INTO `upms_api_visit` VALUES ('4777', '122', '20200823', '07', null, '1', '172.18.32.205', 'pcgl', '172.18.32.205:1081');
INSERT INTO `upms_api_visit` VALUES ('4778', '122', '20200823', '07', null, '1', '172.18.32.205', 'chat', '172.18.32.205:1081');
INSERT INTO `upms_api_visit` VALUES ('4779', '122', '20200823', '07', null, '1', '172.18.32.205', 'article', '172.18.32.205:1081');
INSERT INTO `upms_api_visit` VALUES ('4780', '122', '20200823', '08', null, '1', '172.18.32.205', 'worldTree', '172.18.32.205:1081');
INSERT INTO `upms_api_visit` VALUES ('4781', '122', '20200823', '08', null, '1', '172.18.32.205', 'pcgl', '172.18.32.205:1081');
INSERT INTO `upms_api_visit` VALUES ('4782', '122', '20200823', '08', null, '1', '172.18.32.205', 'chat', '172.18.32.205:1081');
INSERT INTO `upms_api_visit` VALUES ('4783', '122', '20200823', '08', null, '1', '172.18.32.205', 'article', '172.18.32.205:1081');
INSERT INTO `upms_api_visit` VALUES ('4784', '122', '20200823', '09', null, '1', '172.18.32.205', 'article', '172.18.32.205:1081');
INSERT INTO `upms_api_visit` VALUES ('4785', '122', '20200823', '09', null, '1', '172.18.32.205', 'pcgl', '172.18.32.205:1081');
INSERT INTO `upms_api_visit` VALUES ('4786', '122', '20200823', '09', null, '1', '172.18.32.205', 'worldTree', '172.18.32.205:1081');
INSERT INTO `upms_api_visit` VALUES ('4787', '122', '20200823', '09', null, '1', '172.18.32.205', 'chat', '172.18.32.205:1081');
INSERT INTO `upms_api_visit` VALUES ('4788', '122', '20200823', '10', null, '1', '172.18.32.205', 'article', '172.18.32.205:1081');
INSERT INTO `upms_api_visit` VALUES ('4789', '122', '20200823', '10', null, '1', '172.18.32.205', 'worldTree', '172.18.32.205:1081');
INSERT INTO `upms_api_visit` VALUES ('4790', '122', '20200823', '10', null, '1', '172.18.32.205', 'pcgl', '172.18.32.205:1081');
INSERT INTO `upms_api_visit` VALUES ('4791', '122', '20200823', '10', null, '1', '172.18.32.205', 'chat', '172.18.32.205:1081');
INSERT INTO `upms_api_visit` VALUES ('4792', '122', '20200823', '11', null, '1', '172.18.32.205', 'chat', '172.18.32.205:1081');
INSERT INTO `upms_api_visit` VALUES ('4793', '122', '20200823', '11', null, '1', '172.18.32.205', 'article', '172.18.32.205:1081');
INSERT INTO `upms_api_visit` VALUES ('4794', '122', '20200823', '11', null, '1', '172.18.32.205', 'pcgl', '172.18.32.205:1081');
INSERT INTO `upms_api_visit` VALUES ('4795', '122', '20200823', '11', null, '1', '172.18.32.205', 'worldTree', '172.18.32.205:1081');
INSERT INTO `upms_api_visit` VALUES ('4796', '122', '20200823', '12', null, '1', '172.18.32.205', 'chat', '172.18.32.205:1081');
INSERT INTO `upms_api_visit` VALUES ('4797', '122', '20200823', '12', null, '1', '172.18.32.205', 'article', '172.18.32.205:1081');
INSERT INTO `upms_api_visit` VALUES ('4798', '122', '20200823', '12', null, '1', '172.18.32.205', 'pcgl', '172.18.32.205:1081');
INSERT INTO `upms_api_visit` VALUES ('4799', '122', '20200823', '12', null, '1', '172.18.32.205', 'worldTree', '172.18.32.205:1081');
INSERT INTO `upms_api_visit` VALUES ('4800', '122', '20200823', '13', null, '1', '172.18.32.205', 'chat', '172.18.32.205:1081');
INSERT INTO `upms_api_visit` VALUES ('4801', '122', '20200823', '13', null, '1', '172.18.32.205', 'article', '172.18.32.205:1081');
INSERT INTO `upms_api_visit` VALUES ('4802', '122', '20200823', '13', null, '1', '172.18.32.205', 'worldTree', '172.18.32.205:1081');
INSERT INTO `upms_api_visit` VALUES ('4803', '122', '20200823', '13', null, '1', '172.18.32.205', 'pcgl', '172.18.32.205:1081');
INSERT INTO `upms_api_visit` VALUES ('4804', '122', '20200823', '14', null, '1', '172.18.32.205', 'article', '172.18.32.205:1081');
INSERT INTO `upms_api_visit` VALUES ('4805', '122', '20200823', '14', null, '1', '172.18.32.205', 'chat', '172.18.32.205:1081');
INSERT INTO `upms_api_visit` VALUES ('4806', '122', '20200823', '14', null, '1', '172.18.32.205', 'worldTree', '172.18.32.205:1081');
INSERT INTO `upms_api_visit` VALUES ('4807', '122', '20200823', '14', null, '1', '172.18.32.205', 'pcgl', '172.18.32.205:1081');
INSERT INTO `upms_api_visit` VALUES ('4808', '74', '20200823', '15', null, '1', '101.87.67.230', 'nc-nginx', '172.18.32.205:1081');
INSERT INTO `upms_api_visit` VALUES ('4809', '72', '20200823', '15', null, '1', '101.87.67.230', 'nc-nginx', '172.18.32.205:1081');
INSERT INTO `upms_api_visit` VALUES ('4810', '122', '20200823', '15', null, '1', '172.18.32.205', 'chat', '172.18.32.205:1081');
INSERT INTO `upms_api_visit` VALUES ('4811', '122', '20200823', '15', null, '1', '172.18.32.205', 'article', '172.18.32.205:1081');
INSERT INTO `upms_api_visit` VALUES ('4812', '81', '20200823', '15', '30', '2', '101.87.67.230', 'nc-nginx', '172.18.32.205:1081');
INSERT INTO `upms_api_visit` VALUES ('4813', '88', '20200823', '15', '30', '1', '101.87.67.230', 'nc-nginx', '172.18.32.205:1081');
INSERT INTO `upms_api_visit` VALUES ('4814', '122', '20200823', '15', null, '1', '172.18.32.205', 'pcgl', '172.18.32.205:1081');
INSERT INTO `upms_api_visit` VALUES ('4815', '122', '20200823', '15', null, '1', '172.18.32.205', 'worldTree', '172.18.32.205:1081');
INSERT INTO `upms_api_visit` VALUES ('4816', '107', '20200823', '15', '30', '2', '101.87.67.230', 'nc-nginx', '172.18.32.205:1081');
INSERT INTO `upms_api_visit` VALUES ('4817', '116', '20200823', '15', '30', '2', '101.87.67.230', 'nc-nginx', '172.18.32.205:1081');
INSERT INTO `upms_api_visit` VALUES ('4818', '182', '20200823', '16', null, '1', '101.87.67.230', 'nc-nginx', '172.18.32.205:1081');
INSERT INTO `upms_api_visit` VALUES ('4819', '56', '20200823', '16', null, '9', '101.87.67.230', 'nc-nginx', '172.18.32.205:1081');
INSERT INTO `upms_api_visit` VALUES ('4820', '72', '20200823', '16', null, '1', '113.66.231.217', 'nc-nginx', '172.18.32.205:1081');
INSERT INTO `upms_api_visit` VALUES ('4821', '80', '20200823', '16', '30', '1', '101.87.67.230', 'nc-nginx', '172.18.32.205:1081');
INSERT INTO `upms_api_visit` VALUES ('4822', '171', '20200823', '16', null, '6', '101.87.67.230', 'nc-nginx', '172.18.32.205:1081');
INSERT INTO `upms_api_visit` VALUES ('4823', '107', '20200823', '16', '30', '2', '113.66.231.217', 'nc-nginx', '172.18.32.205:1081');
INSERT INTO `upms_api_visit` VALUES ('4824', '149', '20200823', '16', null, '9', '101.87.67.230', 'nc-nginx', '172.18.32.205:1081');
INSERT INTO `upms_api_visit` VALUES ('4825', '81', '20200823', '16', '30', '2', '101.87.67.230', 'nc-nginx', '172.18.32.205:1081');
INSERT INTO `upms_api_visit` VALUES ('4826', '116', '20200823', '16', '30', '1', '113.66.231.217', 'nc-nginx', '172.18.32.205:1081');
INSERT INTO `upms_api_visit` VALUES ('4827', '119', '20200823', '16', '30', '2', '101.87.67.230', 'nc-nginx', '172.18.32.205:1081');
INSERT INTO `upms_api_visit` VALUES ('4828', '72', '20200823', '16', null, '1', '172.18.32.205', 'chat', '172.18.32.205:1081');
INSERT INTO `upms_api_visit` VALUES ('4829', '119', '20200823', '16', '30', '1', '113.66.231.217', 'nc-nginx', '172.18.32.205:1081');
INSERT INTO `upms_api_visit` VALUES ('4830', '71', '20200823', '16', null, '11', '101.87.67.230', 'nc-nginx', '172.18.32.205:1081');
INSERT INTO `upms_api_visit` VALUES ('4831', '74', '20200823', '16', null, '1', '113.66.231.217', 'nc-nginx', '172.18.32.205:1081');
INSERT INTO `upms_api_visit` VALUES ('4832', '51', '20200823', '16', null, '8', '101.87.67.230', 'nc-nginx', '172.18.32.205:1081');
INSERT INTO `upms_api_visit` VALUES ('4833', '101', '20200823', '16', null, '18', '101.87.67.230', 'nc-nginx', '172.18.32.205:1081');
INSERT INTO `upms_api_visit` VALUES ('4834', '122', '20200823', '16', null, '1', '172.18.32.205', 'article', '172.18.32.205:1081');
INSERT INTO `upms_api_visit` VALUES ('4835', '122', '20200823', '16', null, '1', '172.18.32.205', 'chat', '172.18.32.205:1081');
INSERT INTO `upms_api_visit` VALUES ('4836', '67', '20200823', '16', null, '5', '101.87.67.230', 'nc-nginx', '172.18.32.205:1081');
INSERT INTO `upms_api_visit` VALUES ('4837', '122', '20200823', '16', null, '1', '172.18.32.205', 'pcgl', '172.18.32.205:1081');
INSERT INTO `upms_api_visit` VALUES ('4838', '122', '20200823', '16', null, '1', '172.18.32.205', 'worldTree', '172.18.32.205:1081');
INSERT INTO `upms_api_visit` VALUES ('4839', '55', '20200823', '16', null, '1', '101.87.67.230', 'nc-nginx', '172.18.32.205:1081');
INSERT INTO `upms_api_visit` VALUES ('4840', '177', '20200823', '16', null, '2', '101.87.67.230', 'nc-nginx', '172.18.32.205:1081');
INSERT INTO `upms_api_visit` VALUES ('4841', '81', '20200823', '16', '30', '3', '113.66.231.217', 'nc-nginx', '172.18.32.205:1081');
INSERT INTO `upms_api_visit` VALUES ('4842', '80', '20200823', '16', '30', '1', '113.66.231.217', 'nc-nginx', '172.18.32.205:1081');
INSERT INTO `upms_api_visit` VALUES ('4843', '202', '20200823', '16', null, '1', '172.18.32.205', 'chat', '172.18.32.205:1081');
INSERT INTO `upms_api_visit` VALUES ('4844', '100', '20200823', '16', null, '3', '101.87.67.230', 'nc-nginx', '172.18.32.205:1081');
INSERT INTO `upms_api_visit` VALUES ('4845', '88', '20200823', '16', '30', '1', '113.66.231.217', 'nc-nginx', '172.18.32.205:1081');
INSERT INTO `upms_api_visit` VALUES ('4846', '186', '20200823', '16', null, '7', '101.87.67.230', 'nc-nginx', '172.18.32.205:1081');
INSERT INTO `upms_api_visit` VALUES ('4847', '169', '20200823', '16', null, '2', '101.87.67.230', 'nc-nginx', '172.18.32.205:1081');
INSERT INTO `upms_api_visit` VALUES ('4848', '60', '20200823', '16', null, '16', '101.87.67.230', 'nc-nginx', '172.18.32.205:1081');
INSERT INTO `upms_api_visit` VALUES ('4849', '178', '20200823', '16', null, '1', '101.87.67.230', 'nc-nginx', '172.18.32.205:1081');
INSERT INTO `upms_api_visit` VALUES ('4850', '122', '20200823', '17', null, '1', '172.18.32.205', 'chat', '172.18.32.205:1081');
INSERT INTO `upms_api_visit` VALUES ('4851', '122', '20200823', '17', null, '1', '172.18.32.205', 'article', '172.18.32.205:1081');
INSERT INTO `upms_api_visit` VALUES ('4852', '122', '20200823', '17', null, '1', '172.18.32.205', 'pcgl', '172.18.32.205:1081');
INSERT INTO `upms_api_visit` VALUES ('4853', '122', '20200823', '17', null, '1', '172.18.32.205', 'worldTree', '172.18.32.205:1081');
INSERT INTO `upms_api_visit` VALUES ('4854', '122', '20200823', '18', null, '1', '172.18.32.205', 'worldTree', '172.18.32.205:1081');
INSERT INTO `upms_api_visit` VALUES ('4855', '122', '20200823', '18', null, '1', '172.18.32.205', 'pcgl', '172.18.32.205:1081');
INSERT INTO `upms_api_visit` VALUES ('4856', '122', '20200823', '18', null, '1', '172.18.32.205', 'chat', '172.18.32.205:1081');
INSERT INTO `upms_api_visit` VALUES ('4857', '122', '20200823', '18', null, '1', '172.18.32.205', 'article', '172.18.32.205:1081');
INSERT INTO `upms_api_visit` VALUES ('4858', '122', '20200823', '19', null, '1', '172.18.32.205', 'pcgl', '172.18.32.205:1081');
INSERT INTO `upms_api_visit` VALUES ('4859', '122', '20200823', '19', null, '1', '172.18.32.205', 'worldTree', '172.18.32.205:1081');
INSERT INTO `upms_api_visit` VALUES ('4860', '122', '20200823', '19', null, '1', '172.18.32.205', 'chat', '172.18.32.205:1081');
INSERT INTO `upms_api_visit` VALUES ('4861', '122', '20200823', '19', null, '1', '172.18.32.205', 'article', '172.18.32.205:1081');
INSERT INTO `upms_api_visit` VALUES ('4862', '122', '20200823', '20', null, '1', '172.18.32.205', 'pcgl', '172.18.32.205:1081');
INSERT INTO `upms_api_visit` VALUES ('4863', '122', '20200823', '20', null, '1', '172.18.32.205', 'worldTree', '172.18.32.205:1081');
INSERT INTO `upms_api_visit` VALUES ('4864', '122', '20200823', '20', null, '1', '172.18.32.205', 'chat', '172.18.32.205:1081');
INSERT INTO `upms_api_visit` VALUES ('4865', '122', '20200823', '20', null, '1', '172.18.32.205', 'article', '172.18.32.205:1081');
INSERT INTO `upms_api_visit` VALUES ('4866', '122', '20200823', '21', null, '1', '172.18.32.205', 'worldTree', '172.18.32.205:1081');
INSERT INTO `upms_api_visit` VALUES ('4867', '122', '20200823', '21', null, '1', '172.18.32.205', 'pcgl', '172.18.32.205:1081');
INSERT INTO `upms_api_visit` VALUES ('4868', '122', '20200823', '21', null, '1', '172.18.32.205', 'chat', '172.18.32.205:1081');
INSERT INTO `upms_api_visit` VALUES ('4869', '122', '20200823', '21', null, '1', '172.18.32.205', 'article', '172.18.32.205:1081');
INSERT INTO `upms_api_visit` VALUES ('4870', '122', '20200823', '22', null, '1', '172.18.32.205', 'article', '172.18.32.205:1081');
INSERT INTO `upms_api_visit` VALUES ('4871', '122', '20200823', '22', null, '1', '172.18.32.205', 'pcgl', '172.18.32.205:1081');
INSERT INTO `upms_api_visit` VALUES ('4872', '122', '20200823', '22', null, '1', '172.18.32.205', 'worldTree', '172.18.32.205:1081');
INSERT INTO `upms_api_visit` VALUES ('4873', '122', '20200823', '22', null, '1', '172.18.32.205', 'chat', '172.18.32.205:1081');
INSERT INTO `upms_api_visit` VALUES ('4874', '122', '20200823', '23', null, '1', '172.18.32.205', 'worldTree', '172.18.32.205:1081');
INSERT INTO `upms_api_visit` VALUES ('4875', '122', '20200823', '23', null, '1', '172.18.32.205', 'pcgl', '172.18.32.205:1081');
INSERT INTO `upms_api_visit` VALUES ('4876', '122', '20200823', '23', null, '1', '172.18.32.205', 'article', '172.18.32.205:1081');
INSERT INTO `upms_api_visit` VALUES ('4877', '122', '20200823', '23', null, '1', '172.18.32.205', 'chat', '172.18.32.205:1081');
INSERT INTO `upms_api_visit` VALUES ('4878', '122', '20200824', '00', null, '1', '172.18.32.205', 'article', '172.18.32.205:1081');
INSERT INTO `upms_api_visit` VALUES ('4879', '122', '20200824', '00', null, '1', '172.18.32.205', 'worldTree', '172.18.32.205:1081');
INSERT INTO `upms_api_visit` VALUES ('4880', '122', '20200824', '00', null, '1', '172.18.32.205', 'pcgl', '172.18.32.205:1081');
INSERT INTO `upms_api_visit` VALUES ('4881', '122', '20200824', '00', null, '1', '172.18.32.205', 'chat', '172.18.32.205:1081');
INSERT INTO `upms_api_visit` VALUES ('4882', '122', '20200824', '01', null, '1', '172.18.32.205', 'chat', '172.18.32.205:1081');
INSERT INTO `upms_api_visit` VALUES ('4883', '122', '20200824', '01', null, '1', '172.18.32.205', 'article', '172.18.32.205:1081');
INSERT INTO `upms_api_visit` VALUES ('4884', '122', '20200824', '01', null, '1', '172.18.32.205', 'pcgl', '172.18.32.205:1081');
INSERT INTO `upms_api_visit` VALUES ('4885', '122', '20200824', '01', null, '1', '172.18.32.205', 'worldTree', '172.18.32.205:1081');
INSERT INTO `upms_api_visit` VALUES ('4886', '122', '20200824', '02', null, '1', '172.18.32.205', 'chat', '172.18.32.205:1081');
INSERT INTO `upms_api_visit` VALUES ('4887', '122', '20200824', '02', null, '1', '172.18.32.205', 'article', '172.18.32.205:1081');
INSERT INTO `upms_api_visit` VALUES ('4888', '122', '20200824', '02', null, '1', '172.18.32.205', 'pcgl', '172.18.32.205:1081');
INSERT INTO `upms_api_visit` VALUES ('4889', '122', '20200824', '02', null, '1', '172.18.32.205', 'worldTree', '172.18.32.205:1081');
INSERT INTO `upms_api_visit` VALUES ('4890', '122', '20200824', '03', null, '1', '172.18.32.205', 'chat', '172.18.32.205:1081');
INSERT INTO `upms_api_visit` VALUES ('4891', '122', '20200824', '03', null, '1', '172.18.32.205', 'article', '172.18.32.205:1081');
INSERT INTO `upms_api_visit` VALUES ('4892', '122', '20200824', '03', null, '1', '172.18.32.205', 'worldTree', '172.18.32.205:1081');
INSERT INTO `upms_api_visit` VALUES ('4893', '122', '20200824', '03', null, '1', '172.18.32.205', 'pcgl', '172.18.32.205:1081');
INSERT INTO `upms_api_visit` VALUES ('4894', '122', '20200824', '04', null, '1', '172.18.32.205', 'article', '172.18.32.205:1081');
INSERT INTO `upms_api_visit` VALUES ('4895', '122', '20200824', '04', null, '1', '172.18.32.205', 'chat', '172.18.32.205:1081');
INSERT INTO `upms_api_visit` VALUES ('4896', '122', '20200824', '04', null, '1', '172.18.32.205', 'worldTree', '172.18.32.205:1081');
INSERT INTO `upms_api_visit` VALUES ('4897', '122', '20200824', '04', null, '1', '172.18.32.205', 'pcgl', '172.18.32.205:1081');
INSERT INTO `upms_api_visit` VALUES ('4898', '122', '20200824', '05', null, '1', '172.18.32.205', 'chat', '172.18.32.205:1081');
INSERT INTO `upms_api_visit` VALUES ('4899', '122', '20200824', '05', null, '1', '172.18.32.205', 'article', '172.18.32.205:1081');
INSERT INTO `upms_api_visit` VALUES ('4900', '122', '20200824', '05', null, '1', '172.18.32.205', 'pcgl', '172.18.32.205:1081');
INSERT INTO `upms_api_visit` VALUES ('4901', '122', '20200824', '05', null, '1', '172.18.32.205', 'worldTree', '172.18.32.205:1081');
INSERT INTO `upms_api_visit` VALUES ('4902', '122', '20200824', '06', null, '1', '172.18.32.205', 'article', '172.18.32.205:1081');
INSERT INTO `upms_api_visit` VALUES ('4903', '122', '20200824', '06', null, '1', '172.18.32.205', 'chat', '172.18.32.205:1081');
INSERT INTO `upms_api_visit` VALUES ('4904', '122', '20200824', '06', null, '1', '172.18.32.205', 'worldTree', '172.18.32.205:1081');
INSERT INTO `upms_api_visit` VALUES ('4905', '122', '20200824', '06', null, '1', '172.18.32.205', 'pcgl', '172.18.32.205:1081');
INSERT INTO `upms_api_visit` VALUES ('4906', '122', '20200824', '07', null, '1', '172.18.32.205', 'chat', '172.18.32.205:1081');
INSERT INTO `upms_api_visit` VALUES ('4907', '122', '20200824', '07', null, '1', '172.18.32.205', 'article', '172.18.32.205:1081');
INSERT INTO `upms_api_visit` VALUES ('4908', '122', '20200824', '07', null, '1', '172.18.32.205', 'pcgl', '172.18.32.205:1081');
INSERT INTO `upms_api_visit` VALUES ('4909', '122', '20200824', '07', null, '1', '172.18.32.205', 'worldTree', '172.18.32.205:1081');
INSERT INTO `upms_api_visit` VALUES ('4910', '122', '20200824', '08', null, '1', '172.18.32.205', 'pcgl', '172.18.32.205:1081');
INSERT INTO `upms_api_visit` VALUES ('4911', '122', '20200824', '08', null, '1', '172.18.32.205', 'worldTree', '172.18.32.205:1081');
INSERT INTO `upms_api_visit` VALUES ('4912', '122', '20200824', '08', null, '1', '172.18.32.205', 'chat', '172.18.32.205:1081');
INSERT INTO `upms_api_visit` VALUES ('4913', '122', '20200824', '08', null, '1', '172.18.32.205', 'article', '172.18.32.205:1081');
INSERT INTO `upms_api_visit` VALUES ('4914', '122', '20200824', '09', null, '1', '172.18.32.205', 'pcgl', '172.18.32.205:1081');
INSERT INTO `upms_api_visit` VALUES ('4915', '51', '20200824', '09', null, '3', '202.104.194.162', 'nc-nginx', '172.18.32.205:1081');
INSERT INTO `upms_api_visit` VALUES ('4916', '67', '20200824', '09', null, '1', '124.127.118.165', 'nc-nginx', '172.18.32.205:1081');
INSERT INTO `upms_api_visit` VALUES ('4917', '67', '20200824', '09', null, '1', '202.104.194.162', 'nc-nginx', '172.18.32.205:1081');
INSERT INTO `upms_api_visit` VALUES ('4918', '101', '20200824', '09', null, '6', '202.104.194.162', 'nc-nginx', '172.18.32.205:1081');
INSERT INTO `upms_api_visit` VALUES ('4919', '101', '20200824', '09', null, '6', '124.127.118.165', 'nc-nginx', '172.18.32.205:1081');
INSERT INTO `upms_api_visit` VALUES ('4920', '56', '20200824', '09', null, '1', '124.127.118.165', 'nc-nginx', '172.18.32.205:1081');
INSERT INTO `upms_api_visit` VALUES ('4921', '186', '20200824', '09', null, '1', '202.104.194.162', 'nc-nginx', '172.18.32.205:1081');
INSERT INTO `upms_api_visit` VALUES ('4922', '182', '20200824', '09', null, '1', '202.104.194.162', 'nc-nginx', '172.18.32.205:1081');
INSERT INTO `upms_api_visit` VALUES ('4923', '149', '20200824', '09', null, '1', '202.104.194.162', 'nc-nginx', '172.18.32.205:1081');
INSERT INTO `upms_api_visit` VALUES ('4924', '55', '20200824', '09', null, '1', '202.104.194.162', 'nc-nginx', '172.18.32.205:1081');
INSERT INTO `upms_api_visit` VALUES ('4925', '177', '20200824', '09', null, '2', '202.104.194.162', 'nc-nginx', '172.18.32.205:1081');
INSERT INTO `upms_api_visit` VALUES ('4926', '122', '20200824', '09', null, '1', '172.18.32.205', 'worldTree', '172.18.32.205:1081');
INSERT INTO `upms_api_visit` VALUES ('4927', '171', '20200824', '09', null, '1', '202.104.194.162', 'nc-nginx', '172.18.32.205:1081');
INSERT INTO `upms_api_visit` VALUES ('4928', '55', '20200824', '09', null, '1', '124.127.118.165', 'nc-nginx', '172.18.32.205:1081');
INSERT INTO `upms_api_visit` VALUES ('4929', '122', '20200824', '09', null, '1', '172.18.32.205', 'chat', '172.18.32.205:1081');
INSERT INTO `upms_api_visit` VALUES ('4930', '56', '20200824', '09', null, '1', '202.104.194.162', 'nc-nginx', '172.18.32.205:1081');
INSERT INTO `upms_api_visit` VALUES ('4931', '122', '20200824', '09', null, '1', '172.18.32.205', 'article', '172.18.32.205:1081');
INSERT INTO `upms_api_visit` VALUES ('4932', '60', '20200824', '09', null, '3', '202.104.194.162', 'nc-nginx', '172.18.32.205:1081');
INSERT INTO `upms_api_visit` VALUES ('4933', '178', '20200824', '09', null, '1', '202.104.194.162', 'nc-nginx', '172.18.32.205:1081');
INSERT INTO `upms_api_visit` VALUES ('4934', '71', '20200824', '09', null, '2', '202.104.194.162', 'nc-nginx', '172.18.32.205:1081');
INSERT INTO `upms_api_visit` VALUES ('4935', '60', '20200824', '09', null, '1', '124.127.118.165', 'nc-nginx', '172.18.32.205:1081');
INSERT INTO `upms_api_visit` VALUES ('4936', '122', '20200824', '10', null, '1', '172.18.32.205', 'worldTree', '172.18.32.205:1081');
INSERT INTO `upms_api_visit` VALUES ('4937', '122', '20200824', '10', null, '1', '172.18.32.205', 'pcgl', '172.18.32.205:1081');
INSERT INTO `upms_api_visit` VALUES ('4938', '122', '20200824', '10', null, '1', '172.18.32.205', 'chat', '172.18.32.205:1081');
INSERT INTO `upms_api_visit` VALUES ('4939', '122', '20200824', '10', null, '1', '172.18.32.205', 'article', '172.18.32.205:1081');
INSERT INTO `upms_api_visit` VALUES ('4940', '149', '20200824', '11', null, '6', '127.0.0.1', 'nc-nginx', '192.168.143.95:1081');
INSERT INTO `upms_api_visit` VALUES ('4941', '56', '20200824', '11', null, '5', '127.0.0.1', 'nc-nginx', '192.168.143.95:1081');
INSERT INTO `upms_api_visit` VALUES ('4942', '71', '20200824', '11', null, '1', '127.0.0.1', 'nc-nginx', '192.168.143.95:1081');
INSERT INTO `upms_api_visit` VALUES ('4943', '51', '20200824', '11', null, '1', '127.0.0.1', 'nc-nginx', '192.168.143.95:1081');
INSERT INTO `upms_api_visit` VALUES ('4944', '55', '20200824', '11', null, '1', '127.0.0.1', 'nc-nginx', '192.168.143.95:1081');
INSERT INTO `upms_api_visit` VALUES ('4945', '67', '20200824', '11', null, '3', '127.0.0.1', 'nc-nginx', '192.168.143.95:1081');
INSERT INTO `upms_api_visit` VALUES ('4946', '60', '20200824', '11', null, '7', '127.0.0.1', 'nc-nginx', '192.168.143.95:1081');
INSERT INTO `upms_api_visit` VALUES ('4947', '122', '20200824', '11', null, '1', '172.18.32.205', 'worldTree', '172.18.32.205:1081');
INSERT INTO `upms_api_visit` VALUES ('4948', '88', '20200824', '11', '30', '1', '58.246.201.142', 'nc-nginx', '172.18.32.205:1081');
INSERT INTO `upms_api_visit` VALUES ('4949', '67', '20200824', '11', null, '2', '58.246.201.142', 'nc-nginx', '172.18.32.205:1081');
INSERT INTO `upms_api_visit` VALUES ('4950', '186', '20200824', '11', null, '1', '58.246.201.142', 'nc-nginx', '172.18.32.205:1081');
INSERT INTO `upms_api_visit` VALUES ('4951', '56', '20200824', '11', null, '3', '58.246.201.142', 'nc-nginx', '172.18.32.205:1081');
INSERT INTO `upms_api_visit` VALUES ('4952', '149', '20200824', '11', null, '2', '58.246.201.142', 'nc-nginx', '172.18.32.205:1081');
INSERT INTO `upms_api_visit` VALUES ('4953', '100', '20200824', '11', null, '1', '58.246.201.142', 'nc-nginx', '172.18.32.205:1081');
INSERT INTO `upms_api_visit` VALUES ('4954', '81', '20200824', '11', '30', '3', '58.246.201.142', 'nc-nginx', '172.18.32.205:1081');
INSERT INTO `upms_api_visit` VALUES ('4955', '55', '20200824', '11', null, '4', '58.246.201.142', 'nc-nginx', '172.18.32.205:1081');
INSERT INTO `upms_api_visit` VALUES ('4956', '202', '20200824', '11', null, '1', '172.18.32.205', 'chat', '172.18.32.205:1081');
INSERT INTO `upms_api_visit` VALUES ('4957', '107', '20200824', '11', '30', '2', '58.246.201.142', 'nc-nginx', '172.18.32.205:1081');
INSERT INTO `upms_api_visit` VALUES ('4958', '171', '20200824', '11', null, '2', '58.246.201.142', 'nc-nginx', '172.18.32.205:1081');
INSERT INTO `upms_api_visit` VALUES ('4959', '171', '20200824', '11', null, '3', '127.0.0.1', 'nc-nginx', '192.168.143.95:1081');
INSERT INTO `upms_api_visit` VALUES ('4960', '122', '20200824', '11', null, '1', '172.18.32.205', 'pcgl', '172.18.32.205:1081');
INSERT INTO `upms_api_visit` VALUES ('4961', '60', '20200824', '11', null, '6', '58.246.201.142', 'nc-nginx', '172.18.32.205:1081');
INSERT INTO `upms_api_visit` VALUES ('4962', '80', '20200824', '11', '30', '1', '58.246.201.142', 'nc-nginx', '172.18.32.205:1081');
INSERT INTO `upms_api_visit` VALUES ('4963', '122', '20200824', '11', null, '1', '172.18.32.205', 'chat', '172.18.32.205:1081');
INSERT INTO `upms_api_visit` VALUES ('4964', '101', '20200824', '11', null, '6', '58.246.201.142', 'nc-nginx', '172.18.32.205:1081');
INSERT INTO `upms_api_visit` VALUES ('4965', '74', '20200824', '11', null, '1', '58.246.201.142', 'nc-nginx', '172.18.32.205:1081');
INSERT INTO `upms_api_visit` VALUES ('4966', '71', '20200824', '11', null, '1', '58.246.201.142', 'nc-nginx', '172.18.32.205:1081');
INSERT INTO `upms_api_visit` VALUES ('4967', '72', '20200824', '11', null, '1', '58.246.201.142', 'nc-nginx', '172.18.32.205:1081');
INSERT INTO `upms_api_visit` VALUES ('4968', '72', '20200824', '11', null, '1', '172.18.32.205', 'chat', '172.18.32.205:1081');
INSERT INTO `upms_api_visit` VALUES ('4969', '122', '20200824', '11', null, '1', '172.18.32.205', 'article', '172.18.32.205:1081');
INSERT INTO `upms_api_visit` VALUES ('4970', '169', '20200824', '11', null, '2', '127.0.0.1', 'nc-nginx', '192.168.143.95:1081');
INSERT INTO `upms_api_visit` VALUES ('4971', '101', '20200824', '11', null, '12', '127.0.0.1', 'nc-nginx', '192.168.143.95:1081');
INSERT INTO `upms_api_visit` VALUES ('4972', '122', '20200824', '12', null, '1', '172.18.32.205', 'article', '172.18.32.205:1081');
INSERT INTO `upms_api_visit` VALUES ('4973', '122', '20200824', '12', null, '1', '172.18.32.205', 'chat', '172.18.32.205:1081');
INSERT INTO `upms_api_visit` VALUES ('4974', '122', '20200824', '12', null, '1', '172.18.32.205', 'pcgl', '172.18.32.205:1081');
INSERT INTO `upms_api_visit` VALUES ('4975', '122', '20200824', '12', null, '1', '172.18.32.205', 'worldTree', '172.18.32.205:1081');
INSERT INTO `upms_api_visit` VALUES ('4976', '122', '20200824', '13', null, '1', '172.18.32.205', 'worldTree', '172.18.32.205:1081');
INSERT INTO `upms_api_visit` VALUES ('4977', '122', '20200824', '13', null, '1', '172.18.32.205', 'pcgl', '172.18.32.205:1081');
INSERT INTO `upms_api_visit` VALUES ('4978', '122', '20200824', '13', null, '1', '172.18.32.205', 'article', '172.18.32.205:1081');
INSERT INTO `upms_api_visit` VALUES ('4979', '122', '20200824', '13', null, '1', '172.18.32.205', 'chat', '172.18.32.205:1081');
INSERT INTO `upms_api_visit` VALUES ('4980', '60', '20200824', '13', null, '2', '127.0.0.1', 'nc-nginx', '192.168.143.95:1081');
INSERT INTO `upms_api_visit` VALUES ('4981', '101', '20200824', '13', null, '6', '127.0.0.1', 'nc-nginx', '192.168.143.95:1081');
INSERT INTO `upms_api_visit` VALUES ('4982', '56', '20200824', '13', null, '4', '127.0.0.1', 'nc-nginx', '192.168.143.95:1081');
INSERT INTO `upms_api_visit` VALUES ('4983', '67', '20200824', '13', null, '2', '127.0.0.1', 'nc-nginx', '192.168.143.95:1081');
INSERT INTO `upms_api_visit` VALUES ('4984', '54', '20200824', '13', null, '1', '127.0.0.1', 'nc-nginx', '192.168.143.95:1081');
INSERT INTO `upms_api_visit` VALUES ('4985', '55', '20200824', '13', null, '1', '127.0.0.1', 'nc-nginx', '192.168.143.95:1081');
INSERT INTO `upms_api_visit` VALUES ('4986', '122', '20200824', '14', null, '1', '172.18.32.205', 'chat', '172.18.32.205:1081');
INSERT INTO `upms_api_visit` VALUES ('4987', '122', '20200824', '14', null, '1', '172.18.32.205', 'article', '172.18.32.205:1081');
INSERT INTO `upms_api_visit` VALUES ('4988', '122', '20200824', '14', null, '1', '172.18.32.205', 'pcgl', '172.18.32.205:1081');
INSERT INTO `upms_api_visit` VALUES ('4989', '122', '20200824', '14', null, '1', '172.18.32.205', 'worldTree', '172.18.32.205:1081');
INSERT INTO `upms_api_visit` VALUES ('4990', '122', '20200824', '15', null, '1', '172.18.32.205', 'pcgl', '172.18.32.205:1081');
INSERT INTO `upms_api_visit` VALUES ('4991', '122', '20200824', '15', null, '1', '172.18.32.205', 'worldTree', '172.18.32.205:1081');
INSERT INTO `upms_api_visit` VALUES ('4992', '122', '20200824', '15', null, '1', '172.18.32.205', 'article', '172.18.32.205:1081');
INSERT INTO `upms_api_visit` VALUES ('4993', '122', '20200824', '15', null, '1', '172.18.32.205', 'chat', '172.18.32.205:1081');
INSERT INTO `upms_api_visit` VALUES ('4994', '122', '20200824', '16', null, '1', '172.18.32.205', 'article', '172.18.32.205:1081');
INSERT INTO `upms_api_visit` VALUES ('4995', '122', '20200824', '16', null, '1', '172.18.32.205', 'chat', '172.18.32.205:1081');
INSERT INTO `upms_api_visit` VALUES ('4996', '122', '20200824', '16', null, '1', '172.18.32.205', 'worldTree', '172.18.32.205:1081');
INSERT INTO `upms_api_visit` VALUES ('4997', '122', '20200824', '16', null, '1', '172.18.32.205', 'pcgl', '172.18.32.205:1081');
INSERT INTO `upms_api_visit` VALUES ('4998', '81', '20200824', '17', '30', '8', '119.137.52.29', 'nc-nginx', '172.18.32.205:1081');
INSERT INTO `upms_api_visit` VALUES ('4999', '119', '20200824', '17', '30', '1', '119.137.52.29', 'nc-nginx', '172.18.32.205:1081');
INSERT INTO `upms_api_visit` VALUES ('5000', '122', '20200824', '17', null, '1', '172.18.32.205', 'article', '172.18.32.205:1081');
INSERT INTO `upms_api_visit` VALUES ('5001', '202', '20200824', '17', null, '1', '172.18.32.205', 'chat', '172.18.32.205:1081');
INSERT INTO `upms_api_visit` VALUES ('5002', '107', '20200824', '17', '30', '8', '119.137.52.29', 'nc-nginx', '172.18.32.205:1081');
INSERT INTO `upms_api_visit` VALUES ('5003', '80', '20200824', '17', '30', '2', '119.137.52.29', 'nc-nginx', '172.18.32.205:1081');
INSERT INTO `upms_api_visit` VALUES ('5004', '72', '20200824', '17', null, '4', '119.137.52.29', 'nc-nginx', '172.18.32.205:1081');
INSERT INTO `upms_api_visit` VALUES ('5005', '122', '20200824', '17', null, '1', '172.18.32.205', 'worldTree', '172.18.32.205:1081');
INSERT INTO `upms_api_visit` VALUES ('5006', '122', '20200824', '17', null, '1', '172.18.32.205', 'pcgl', '172.18.32.205:1081');
INSERT INTO `upms_api_visit` VALUES ('5007', '74', '20200824', '17', null, '1', '119.137.52.29', 'nc-nginx', '172.18.32.205:1081');
INSERT INTO `upms_api_visit` VALUES ('5008', '72', '20200824', '17', null, '1', '172.18.32.205', 'chat', '172.18.32.205:1081');
INSERT INTO `upms_api_visit` VALUES ('5009', '157', '20200824', '17', '30', '3', '119.137.52.29', 'nc-nginx', '172.18.32.205:1081');
INSERT INTO `upms_api_visit` VALUES ('5010', '116', '20200824', '17', '30', '1', '119.137.52.29', 'nc-nginx', '172.18.32.205:1081');
INSERT INTO `upms_api_visit` VALUES ('5011', '122', '20200824', '17', null, '1', '172.18.32.205', 'chat', '172.18.32.205:1081');
INSERT INTO `upms_api_visit` VALUES ('5012', '88', '20200824', '17', '30', '2', '119.137.52.29', 'nc-nginx', '172.18.32.205:1081');
INSERT INTO `upms_api_visit` VALUES ('5013', '80', '20200824', '18', '30', '1', '119.137.52.29', 'nc-nginx', '172.18.32.205:1081');
INSERT INTO `upms_api_visit` VALUES ('5014', '81', '20200824', '18', '30', '2', '119.137.52.29', 'nc-nginx', '172.18.32.205:1081');
INSERT INTO `upms_api_visit` VALUES ('5015', '107', '20200824', '18', '30', '1', '119.137.52.29', 'nc-nginx', '172.18.32.205:1081');
INSERT INTO `upms_api_visit` VALUES ('5016', '122', '20200824', '18', null, '1', '172.18.32.205', 'chat', '172.18.32.205:1081');
INSERT INTO `upms_api_visit` VALUES ('5017', '122', '20200824', '18', null, '1', '172.18.32.205', 'article', '172.18.32.205:1081');
INSERT INTO `upms_api_visit` VALUES ('5018', '122', '20200824', '18', null, '1', '172.18.32.205', 'pcgl', '172.18.32.205:1081');
INSERT INTO `upms_api_visit` VALUES ('5019', '122', '20200824', '18', null, '1', '172.18.32.205', 'worldTree', '172.18.32.205:1081');
INSERT INTO `upms_api_visit` VALUES ('5020', '122', '20200824', '19', null, '1', '172.18.32.205', 'chat', '172.18.32.205:1081');
INSERT INTO `upms_api_visit` VALUES ('5021', '115', '20200824', '19', '30', '1', '49.72.184.216', 'nc-nginx', '172.18.32.205:1081');
INSERT INTO `upms_api_visit` VALUES ('5022', '122', '20200824', '19', null, '1', '172.18.32.205', 'article', '172.18.32.205:1081');
INSERT INTO `upms_api_visit` VALUES ('5023', '72', '20200824', '19', null, '3', '49.72.184.216', 'nc-nginx', '172.18.32.205:1081');
INSERT INTO `upms_api_visit` VALUES ('5024', '81', '20200824', '19', '30', '5', '49.72.184.216', 'nc-nginx', '172.18.32.205:1081');
INSERT INTO `upms_api_visit` VALUES ('5025', '107', '20200824', '19', '30', '1', '49.72.184.216', 'nc-nginx', '172.18.32.205:1081');
INSERT INTO `upms_api_visit` VALUES ('5026', '74', '20200824', '19', null, '1', '49.72.184.216', 'nc-nginx', '172.18.32.205:1081');
INSERT INTO `upms_api_visit` VALUES ('5027', '122', '20200824', '19', null, '1', '172.18.32.205', 'worldTree', '172.18.32.205:1081');
INSERT INTO `upms_api_visit` VALUES ('5028', '122', '20200824', '19', null, '1', '172.18.32.205', 'pcgl', '172.18.32.205:1081');
INSERT INTO `upms_api_visit` VALUES ('5029', '155', '20200824', '19', '30', '1', '49.72.184.216', 'nc-nginx', '172.18.32.205:1081');
INSERT INTO `upms_api_visit` VALUES ('5030', '116', '20200824', '19', '30', '2', '49.72.184.216', 'nc-nginx', '172.18.32.205:1081');
INSERT INTO `upms_api_visit` VALUES ('5031', '84', '20200824', '19', '30', '1', '49.72.184.216', 'nc-nginx', '172.18.32.205:1081');
INSERT INTO `upms_api_visit` VALUES ('5032', '157', '20200824', '19', '30', '2', '49.72.184.216', 'nc-nginx', '172.18.32.205:1081');
INSERT INTO `upms_api_visit` VALUES ('5033', '80', '20200824', '19', '30', '1', '49.72.184.216', 'nc-nginx', '172.18.32.205:1081');
INSERT INTO `upms_api_visit` VALUES ('5034', '122', '20200824', '20', null, '1', '172.18.32.205', 'chat', '172.18.32.205:1081');
INSERT INTO `upms_api_visit` VALUES ('5035', '80', '20200824', '20', '30', '2', '49.72.184.216', 'nc-nginx', '172.18.32.205:1081');
INSERT INTO `upms_api_visit` VALUES ('5036', '55', '20200824', '20', null, '24', '49.72.184.216', 'nc-nginx', '172.18.32.205:1081');
INSERT INTO `upms_api_visit` VALUES ('5037', '107', '20200824', '20', '30', '2', '49.72.184.216', 'nc-nginx', '172.18.32.205:1081');
INSERT INTO `upms_api_visit` VALUES ('5038', '122', '20200824', '20', null, '1', '172.18.32.205', 'worldTree', '172.18.32.205:1081');
INSERT INTO `upms_api_visit` VALUES ('5039', '81', '20200824', '20', '30', '7', '49.72.184.216', 'nc-nginx', '172.18.32.205:1081');
INSERT INTO `upms_api_visit` VALUES ('5040', '155', '20200824', '20', '30', '9', '49.72.184.216', 'nc-nginx', '172.18.32.205:1081');
INSERT INTO `upms_api_visit` VALUES ('5041', '116', '20200824', '20', '30', '21', '49.72.184.216', 'nc-nginx', '172.18.32.205:1081');
INSERT INTO `upms_api_visit` VALUES ('5042', '115', '20200824', '20', '30', '8', '49.72.184.216', 'nc-nginx', '172.18.32.205:1081');
INSERT INTO `upms_api_visit` VALUES ('5043', '88', '20200824', '20', '30', '1', '49.72.184.216', 'nc-nginx', '172.18.32.205:1081');
INSERT INTO `upms_api_visit` VALUES ('5044', '109', '20200824', '20', '30', '1', '49.72.184.216', 'nc-nginx', '172.18.32.205:1081');
INSERT INTO `upms_api_visit` VALUES ('5045', '84', '20200824', '20', '30', '2', '49.72.184.216', 'nc-nginx', '172.18.32.205:1081');
INSERT INTO `upms_api_visit` VALUES ('5046', '110', '20200824', '20', '30', '1', '49.72.184.216', 'nc-nginx', '172.18.32.205:1081');
INSERT INTO `upms_api_visit` VALUES ('5047', '122', '20200824', '20', null, '1', '172.18.32.205', 'pcgl', '172.18.32.205:1081');
INSERT INTO `upms_api_visit` VALUES ('5048', '108', '20200824', '20', '30', '4', '49.72.184.216', 'nc-nginx', '172.18.32.205:1081');
INSERT INTO `upms_api_visit` VALUES ('5049', '83', '20200824', '20', '30', '2', '49.72.184.216', 'nc-nginx', '172.18.32.205:1081');
INSERT INTO `upms_api_visit` VALUES ('5050', '122', '20200824', '20', null, '1', '172.18.32.205', 'article', '172.18.32.205:1081');
INSERT INTO `upms_api_visit` VALUES ('5051', '119', '20200824', '20', '30', '1', '49.72.184.216', 'nc-nginx', '172.18.32.205:1081');
INSERT INTO `upms_api_visit` VALUES ('5052', '122', '20200824', '21', null, '1', '172.18.32.205', 'pcgl', '172.18.32.205:1081');
INSERT INTO `upms_api_visit` VALUES ('5053', '122', '20200824', '21', null, '1', '172.18.32.205', 'article', '172.18.32.205:1081');
INSERT INTO `upms_api_visit` VALUES ('5054', '122', '20200824', '21', null, '1', '172.18.32.205', 'chat', '172.18.32.205:1081');
INSERT INTO `upms_api_visit` VALUES ('5055', '122', '20200824', '21', null, '1', '172.18.32.205', 'worldTree', '172.18.32.205:1081');
INSERT INTO `upms_api_visit` VALUES ('5056', '122', '20200824', '22', null, '1', '172.18.32.205', 'pcgl', '172.18.32.205:1081');
INSERT INTO `upms_api_visit` VALUES ('5057', '122', '20200824', '22', null, '1', '172.18.32.205', 'worldTree', '172.18.32.205:1081');
INSERT INTO `upms_api_visit` VALUES ('5058', '122', '20200824', '22', null, '1', '172.18.32.205', 'article', '172.18.32.205:1081');
INSERT INTO `upms_api_visit` VALUES ('5059', '122', '20200824', '22', null, '1', '172.18.32.205', 'chat', '172.18.32.205:1081');
INSERT INTO `upms_api_visit` VALUES ('5060', '122', '20200824', '23', null, '1', '172.18.32.205', 'worldTree', '172.18.32.205:1081');
INSERT INTO `upms_api_visit` VALUES ('5061', '122', '20200824', '23', null, '1', '172.18.32.205', 'pcgl', '172.18.32.205:1081');
INSERT INTO `upms_api_visit` VALUES ('5062', '122', '20200824', '23', null, '1', '172.18.32.205', 'chat', '172.18.32.205:1081');
INSERT INTO `upms_api_visit` VALUES ('5063', '122', '20200824', '23', null, '1', '172.18.32.205', 'article', '172.18.32.205:1081');
INSERT INTO `upms_api_visit` VALUES ('5064', '122', '20200825', '00', null, '1', '172.18.32.205', 'pcgl', '172.18.32.205:1081');
INSERT INTO `upms_api_visit` VALUES ('5065', '122', '20200825', '00', null, '1', '172.18.32.205', 'worldTree', '172.18.32.205:1081');
INSERT INTO `upms_api_visit` VALUES ('5066', '122', '20200825', '00', null, '1', '172.18.32.205', 'chat', '172.18.32.205:1081');
INSERT INTO `upms_api_visit` VALUES ('5067', '122', '20200825', '00', null, '1', '172.18.32.205', 'article', '172.18.32.205:1081');
INSERT INTO `upms_api_visit` VALUES ('5068', '122', '20200825', '01', null, '1', '172.18.32.205', 'worldTree', '172.18.32.205:1081');
INSERT INTO `upms_api_visit` VALUES ('5069', '122', '20200825', '01', null, '1', '172.18.32.205', 'pcgl', '172.18.32.205:1081');
INSERT INTO `upms_api_visit` VALUES ('5070', '122', '20200825', '01', null, '1', '172.18.32.205', 'chat', '172.18.32.205:1081');
INSERT INTO `upms_api_visit` VALUES ('5071', '122', '20200825', '01', null, '1', '172.18.32.205', 'article', '172.18.32.205:1081');
INSERT INTO `upms_api_visit` VALUES ('5072', '122', '20200825', '02', null, '1', '172.18.32.205', 'article', '172.18.32.205:1081');
INSERT INTO `upms_api_visit` VALUES ('5073', '122', '20200825', '02', null, '1', '172.18.32.205', 'pcgl', '172.18.32.205:1081');
INSERT INTO `upms_api_visit` VALUES ('5074', '122', '20200825', '02', null, '1', '172.18.32.205', 'worldTree', '172.18.32.205:1081');
INSERT INTO `upms_api_visit` VALUES ('5075', '122', '20200825', '02', null, '1', '172.18.32.205', 'chat', '172.18.32.205:1081');
INSERT INTO `upms_api_visit` VALUES ('5076', '122', '20200825', '03', null, '1', '172.18.32.205', 'worldTree', '172.18.32.205:1081');
INSERT INTO `upms_api_visit` VALUES ('5077', '122', '20200825', '03', null, '1', '172.18.32.205', 'pcgl', '172.18.32.205:1081');
INSERT INTO `upms_api_visit` VALUES ('5078', '122', '20200825', '03', null, '1', '172.18.32.205', 'article', '172.18.32.205:1081');
INSERT INTO `upms_api_visit` VALUES ('5079', '122', '20200825', '03', null, '1', '172.18.32.205', 'chat', '172.18.32.205:1081');
INSERT INTO `upms_api_visit` VALUES ('5080', '122', '20200825', '04', null, '1', '172.18.32.205', 'chat', '172.18.32.205:1081');
INSERT INTO `upms_api_visit` VALUES ('5081', '122', '20200825', '04', null, '1', '172.18.32.205', 'article', '172.18.32.205:1081');
INSERT INTO `upms_api_visit` VALUES ('5082', '122', '20200825', '04', null, '1', '172.18.32.205', 'pcgl', '172.18.32.205:1081');
INSERT INTO `upms_api_visit` VALUES ('5083', '122', '20200825', '04', null, '1', '172.18.32.205', 'worldTree', '172.18.32.205:1081');
INSERT INTO `upms_api_visit` VALUES ('5084', '122', '20200825', '05', null, '1', '172.18.32.205', 'pcgl', '172.18.32.205:1081');
INSERT INTO `upms_api_visit` VALUES ('5085', '122', '20200825', '05', null, '1', '172.18.32.205', 'worldTree', '172.18.32.205:1081');
INSERT INTO `upms_api_visit` VALUES ('5086', '122', '20200825', '05', null, '1', '172.18.32.205', 'article', '172.18.32.205:1081');
INSERT INTO `upms_api_visit` VALUES ('5087', '122', '20200825', '05', null, '1', '172.18.32.205', 'chat', '172.18.32.205:1081');
INSERT INTO `upms_api_visit` VALUES ('5088', '122', '20200825', '06', null, '1', '172.18.32.205', 'article', '172.18.32.205:1081');
INSERT INTO `upms_api_visit` VALUES ('5089', '122', '20200825', '06', null, '1', '172.18.32.205', 'chat', '172.18.32.205:1081');
INSERT INTO `upms_api_visit` VALUES ('5090', '122', '20200825', '06', null, '1', '172.18.32.205', 'worldTree', '172.18.32.205:1081');
INSERT INTO `upms_api_visit` VALUES ('5091', '122', '20200825', '06', null, '1', '172.18.32.205', 'pcgl', '172.18.32.205:1081');
INSERT INTO `upms_api_visit` VALUES ('5092', '122', '20200825', '07', null, '1', '172.18.32.205', 'article', '172.18.32.205:1081');
INSERT INTO `upms_api_visit` VALUES ('5093', '122', '20200825', '07', null, '1', '172.18.32.205', 'chat', '172.18.32.205:1081');
INSERT INTO `upms_api_visit` VALUES ('5094', '122', '20200825', '07', null, '1', '172.18.32.205', 'pcgl', '172.18.32.205:1081');
INSERT INTO `upms_api_visit` VALUES ('5095', '122', '20200825', '07', null, '1', '172.18.32.205', 'worldTree', '172.18.32.205:1081');
INSERT INTO `upms_api_visit` VALUES ('5096', '122', '20200825', '08', null, '1', '172.18.32.205', 'chat', '172.18.32.205:1081');
INSERT INTO `upms_api_visit` VALUES ('5097', '122', '20200825', '08', null, '1', '172.18.32.205', 'article', '172.18.32.205:1081');
INSERT INTO `upms_api_visit` VALUES ('5098', '122', '20200825', '08', null, '1', '172.18.32.205', 'worldTree', '172.18.32.205:1081');
INSERT INTO `upms_api_visit` VALUES ('5099', '122', '20200825', '08', null, '1', '172.18.32.205', 'pcgl', '172.18.32.205:1081');
INSERT INTO `upms_api_visit` VALUES ('5100', '122', '20200825', '09', null, '1', '172.18.32.205', 'chat', '172.18.32.205:1081');
INSERT INTO `upms_api_visit` VALUES ('5101', '115', '20200825', '09', '30', '2', '124.202.212.61', 'nc-nginx', '172.18.32.205:1081');
INSERT INTO `upms_api_visit` VALUES ('5102', '157', '20200825', '09', '30', '3', '124.202.212.61', 'nc-nginx', '172.18.32.205:1081');
INSERT INTO `upms_api_visit` VALUES ('5103', '122', '20200825', '09', null, '1', '172.18.32.205', 'article', '172.18.32.205:1081');
INSERT INTO `upms_api_visit` VALUES ('5104', '80', '20200825', '09', '30', '1', '124.202.212.61', 'nc-nginx', '172.18.32.205:1081');
INSERT INTO `upms_api_visit` VALUES ('5105', '55', '20200825', '09', null, '1', '124.127.118.165', 'nc-nginx', '172.18.32.205:1081');
INSERT INTO `upms_api_visit` VALUES ('5106', '72', '20200825', '09', null, '4', '124.202.212.61', 'nc-nginx', '172.18.32.205:1081');
INSERT INTO `upms_api_visit` VALUES ('5107', '122', '20200825', '09', null, '1', '172.18.32.205', 'pcgl', '172.18.32.205:1081');
INSERT INTO `upms_api_visit` VALUES ('5108', '122', '20200825', '09', null, '1', '172.18.32.205', 'worldTree', '172.18.32.205:1081');
INSERT INTO `upms_api_visit` VALUES ('5109', '60', '20200825', '09', null, '1', '124.127.118.165', 'nc-nginx', '172.18.32.205:1081');
INSERT INTO `upms_api_visit` VALUES ('5110', '56', '20200825', '09', null, '1', '124.127.118.165', 'nc-nginx', '172.18.32.205:1081');
INSERT INTO `upms_api_visit` VALUES ('5111', '101', '20200825', '09', null, '6', '124.127.118.165', 'nc-nginx', '172.18.32.205:1081');
INSERT INTO `upms_api_visit` VALUES ('5112', '74', '20200825', '09', null, '1', '124.202.212.61', 'nc-nginx', '172.18.32.205:1081');
INSERT INTO `upms_api_visit` VALUES ('5113', '67', '20200825', '09', null, '1', '124.127.118.165', 'nc-nginx', '172.18.32.205:1081');
INSERT INTO `upms_api_visit` VALUES ('5114', '107', '20200825', '09', '30', '2', '124.202.212.61', 'nc-nginx', '172.18.32.205:1081');
INSERT INTO `upms_api_visit` VALUES ('5115', '155', '20200825', '09', '30', '2', '124.202.212.61', 'nc-nginx', '172.18.32.205:1081');
INSERT INTO `upms_api_visit` VALUES ('5116', '55', '20200825', '09', null, '9', '124.202.212.61', 'nc-nginx', '172.18.32.205:1081');
INSERT INTO `upms_api_visit` VALUES ('5117', '88', '20200825', '09', '30', '1', '124.202.212.61', 'nc-nginx', '172.18.32.205:1081');
INSERT INTO `upms_api_visit` VALUES ('5118', '81', '20200825', '09', '30', '4', '124.202.212.61', 'nc-nginx', '172.18.32.205:1081');

-- ----------------------------
-- Table structure for upms_app
-- ----------------------------
DROP TABLE IF EXISTS `upms_app`;
CREATE TABLE `upms_app` (
  `app_id` int(11) NOT NULL AUTO_INCREMENT,
  `app_code` varchar(255) NOT NULL DEFAULT '',
  `app_path` varchar(255) NOT NULL DEFAULT '',
  `app_name` varchar(255) NOT NULL DEFAULT '',
  `num` int(11) NOT NULL DEFAULT '0',
  `state` int(11) NOT NULL DEFAULT '1',
  `health_path` varchar(255) DEFAULT NULL,
  `app_type` tinyint(4) NOT NULL DEFAULT '0',
  PRIMARY KEY (`app_id`)
) ENGINE=InnoDB AUTO_INCREMENT=27 DEFAULT CHARSET=utf8;

-- ----------------------------
-- Records of upms_app
-- ----------------------------
INSERT INTO `upms_app` VALUES ('12', 'upms', '/upms', '系统权限管理', '999', '1', ' ', '2');
INSERT INTO `upms_app` VALUES ('13', 'pcgl', '/pcgl', '批次管理系统', '2', '1', ' ', '2');
INSERT INTO `upms_app` VALUES ('14', 'userCenter', '/userCenter', '个人中心', '998', '1', ' ', '1');
INSERT INTO `upms_app` VALUES ('15', 'opMsg', '/admin/op', '运营管理', '4', '1', ' ', '0');
INSERT INTO `upms_app` VALUES ('16', '1212', '/a', '第三方系统', '1', '-1', '/1/1', '2');
INSERT INTO `upms_app` VALUES ('17', 'admin002', 'adminindex', '通天塔', '1', '-1', 'adminindex', '1');
INSERT INTO `upms_app` VALUES ('18', '1231', '123123', '测试引用', '123123', '-1', '123', '2');
INSERT INTO `upms_app` VALUES ('19', '放假的考拉', '22222222', '555', '123', '-1', '12312', '0');
INSERT INTO `upms_app` VALUES ('20', 'yingyongid', 'ccccccc', '产品管理', '1', '-1', 'ccccc', '2');
INSERT INTO `upms_app` VALUES ('21', '111', '1', '测试', '1', '-1', '1', '1');
INSERT INTO `upms_app` VALUES ('22', 'test', '/test', 'test', '5', '1', '/test', '2');
INSERT INTO `upms_app` VALUES ('23', '222', '222', '222', '222', '1', '222', '0');
INSERT INTO `upms_app` VALUES ('24', '1111', '11', '111', '111', '1', '11', '1');
INSERT INTO `upms_app` VALUES ('25', '333', '333', '333', '333', '-1', '33', '2');
INSERT INTO `upms_app` VALUES ('26', '555', '555', '555', '555', '-1', '555', '2');

-- ----------------------------
-- Table structure for upms_config
-- ----------------------------
DROP TABLE IF EXISTS `upms_config`;
CREATE TABLE `upms_config` (
  `config_id` int(11) NOT NULL AUTO_INCREMENT,
  `config_code` varchar(255) NOT NULL,
  `config_name` varchar(255) NOT NULL,
  `config_value` varchar(255) NOT NULL,
  `config_explain` varchar(255) DEFAULT NULL,
  `config_type` tinyint(4) NOT NULL,
  `state` int(11) NOT NULL DEFAULT '1',
  `tenant_id` bigint(20) DEFAULT NULL,
  PRIMARY KEY (`config_id`)
) ENGINE=InnoDB AUTO_INCREMENT=4 DEFAULT CHARSET=utf8;

-- ----------------------------
-- Records of upms_config
-- ----------------------------
INSERT INTO `upms_config` VALUES ('1', 'DEFAULT_APPS', '租户默认开通应用', 'upms,pcgl,userCenter,opMsg', '租户开通应用，多个应用用逗号进行分隔', '0', '0', null);
INSERT INTO `upms_config` VALUES ('2', 'DEFAULT_ROLES', '租户管理员默认角色', 'upmsSuperRole,newMemberDefaultRole,pcglSuperRole', '租户管理员默认角色，多个角色用逗号进行分隔', '0', '0', null);
INSERT INTO `upms_config` VALUES ('3', 'DEFAULT_MENUS', '租户默认开通菜单', '12,13', '租户默认开通菜单，多个菜单用逗号进行分隔', '0', '0', null);

-- ----------------------------
-- Table structure for upms_file
-- ----------------------------
DROP TABLE IF EXISTS `upms_file`;
CREATE TABLE `upms_file` (
  `file_id` int(11) NOT NULL AUTO_INCREMENT,
  `user_id` bigint(20) DEFAULT NULL,
  `tenant_id` bigint(20) DEFAULT NULL,
  `org_id` bigint(20) DEFAULT NULL,
  `file_name` varchar(255) DEFAULT NULL,
  `file_path` varchar(255) DEFAULT NULL,
  `file_type` int(11) NOT NULL DEFAULT '1',
  `file_validity` int(11) DEFAULT NULL,
  `create_time` datetime DEFAULT NULL,
  `file_purpose` int(11) DEFAULT '1',
  PRIMARY KEY (`file_id`)
) ENGINE=InnoDB AUTO_INCREMENT=4 DEFAULT CHARSET=utf8;

-- ----------------------------
-- Records of upms_file
-- ----------------------------
INSERT INTO `upms_file` VALUES ('1', '18', null, null, 'M00/00/01/rBIgzV57enyAFNhQAAI0oO9iDjs976.png', 'M00/00/01/rBIgzV57enyAFNhQAAI0oO9iDjs976.png', '1', null, '2019-12-01 22:23:35', '0');
INSERT INTO `upms_file` VALUES ('2', '19', null, null, 'M00/00/01/rBIgzV7P07GABpamAAPzV7aPEnk074.png', 'M00/00/01/rBIgzV7P07GABpamAAPzV7aPEnk074.png', '1', null, '2019-12-01 22:23:35', '0');
INSERT INTO `upms_file` VALUES ('3', '19', null, null, '1592148463336.png', '/ncimg/M00/00/01/rBIgzV7mQfCAGdcfAATfjlYsofA863.png', '1', null, '2019-12-01 22:23:35', '0');

-- ----------------------------
-- Table structure for upms_member
-- ----------------------------
DROP TABLE IF EXISTS `upms_member`;
CREATE TABLE `upms_member` (
  `member_id` int(11) NOT NULL AUTO_INCREMENT,
  `user_id` bigint(20) NOT NULL,
  `tenant_id` bigint(20) NOT NULL,
  `member_account` varchar(255) NOT NULL DEFAULT '',
  `default_org_id` bigint(20) NOT NULL,
  `default_role_id` bigint(20) NOT NULL,
  `show_all_org` tinyint(4) NOT NULL DEFAULT '0',
  `show_all_role` tinyint(4) NOT NULL DEFAULT '0',
  `state` tinyint(4) NOT NULL DEFAULT '1',
  `create_time` datetime NOT NULL,
  `member_name` varchar(255) NOT NULL DEFAULT '',
  PRIMARY KEY (`member_id`)
) ENGINE=InnoDB AUTO_INCREMENT=191 DEFAULT CHARSET=utf8;

-- ----------------------------
-- Records of upms_member
-- ----------------------------
INSERT INTO `upms_member` VALUES ('24', '18', '15', 'admin', '42', '18', '1', '0', '0', '2019-12-01 22:23:35', '15739575702');
INSERT INTO `upms_member` VALUES ('25', '19', '15', '002', '44', '27', '1', '1', '1', '2019-12-01 22:23:35', '张三');
INSERT INTO `upms_member` VALUES ('26', '20', '16', 'admin', '48', '18', '0', '0', '0', '2019-12-01 22:23:35', '13502056965');
INSERT INTO `upms_member` VALUES ('27', '22', '17', 'admin', '50', '18', '0', '0', '0', '2019-12-01 22:23:35', '18066666666');
INSERT INTO `upms_member` VALUES ('28', '23', '18', 'admin', '52', '18', '0', '0', '0', '2019-12-01 22:23:35', '小菜');
INSERT INTO `upms_member` VALUES ('29', '28', '19', 'admin', '55', '18', '0', '1', '0', '2019-12-01 22:23:35', 'kk');
INSERT INTO `upms_member` VALUES ('30', '19', '20', 'admin', '60', '18', '1', '0', '0', '2019-12-01 22:23:35', '15739575703');
INSERT INTO `upms_member` VALUES ('31', '19', '21', 'admin', '62', '22', '1', '1', '0', '2019-12-01 22:23:35', '15739575703');
INSERT INTO `upms_member` VALUES ('32', '32', '22', 'admin', '65', '18', '0', '0', '0', '2019-12-01 22:23:35', '18833332222');
INSERT INTO `upms_member` VALUES ('33', '19', '23', 'admin', '67', '18', '0', '0', '0', '2019-12-01 22:23:35', '神石头');
INSERT INTO `upms_member` VALUES ('34', '34', '24', 'admin', '69', '22', '0', '0', '0', '2019-12-01 22:23:35', '13211111111');
INSERT INTO `upms_member` VALUES ('35', '35', '25', 'admin', '71', '22', '1', '1', '0', '2019-12-01 22:23:35', '18600000000');
INSERT INTO `upms_member` VALUES ('36', '36', '26', 'admin', '73', '18', '0', '0', '0', '2019-12-01 22:23:35', '13222229867');
INSERT INTO `upms_member` VALUES ('37', '37', '27', 'admin', '75', '19', '0', '0', '0', '2019-12-01 22:23:35', '13888888888');
INSERT INTO `upms_member` VALUES ('38', '37', '20', 'snx', '60', '19', '0', '0', '1', '2019-12-01 22:23:35', '室内线');
INSERT INTO `upms_member` VALUES ('39', '38', '28', 'admin', '81', '22', '0', '0', '0', '2019-12-01 22:23:35', '13511111111');
INSERT INTO `upms_member` VALUES ('40', '19', '29', 'admin', '84', '22', '0', '0', '0', '2019-12-01 22:23:35', '神石头');
INSERT INTO `upms_member` VALUES ('41', '19', '30', 'admin', '95', '18', '1', '0', '0', '2019-12-01 22:23:35', '神石头');
INSERT INTO `upms_member` VALUES ('42', '41', '30', 'shansc', '88', '18', '0', '0', '1', '2019-12-01 22:23:35', '单守臣shansclsjckjcom');
INSERT INTO `upms_member` VALUES ('43', '30', '30', 'testAdmin', '89', '19', '0', '0', '1', '2019-12-01 22:23:35', 'testAdmin');
INSERT INTO `upms_member` VALUES ('44', '42', '30', 'test1', '89', '19', '0', '0', '1', '2019-12-01 22:23:35', 'test');
INSERT INTO `upms_member` VALUES ('45', '43', '30', '17777777777', '107', '39', '0', '0', '1', '2020-08-11 04:23:05', '12');
INSERT INTO `upms_member` VALUES ('46', '44', '30', 'wp', '89', '19', '0', '0', '1', '2020-08-12 02:37:37', '111');
INSERT INTO `upms_member` VALUES ('47', '31', '30', '', '89', '19', '0', '0', '1', '2020-08-12 04:35:51', '18888888888');
INSERT INTO `upms_member` VALUES ('48', '46', '30', '18311111111', '95', '37', '0', '0', '1', '2020-08-12 09:30:05', '部长哦');
INSERT INTO `upms_member` VALUES ('188', '45', '23', '', '67', '42', '0', '0', '1', '0000-00-00 00:00:00', '23423423');
INSERT INTO `upms_member` VALUES ('189', '47', '30', '', '89', '19', '0', '0', '1', '2020-08-15 04:03:26', '刘某');
INSERT INTO `upms_member` VALUES ('190', '49', '30', '', '89', '19', '0', '0', '1', '2020-08-20 04:20:17', 'cloudy');

-- ----------------------------
-- Table structure for upms_menu
-- ----------------------------
DROP TABLE IF EXISTS `upms_menu`;
CREATE TABLE `upms_menu` (
  `menu_id` int(11) NOT NULL AUTO_INCREMENT COMMENT '菜单主键',
  `menu_name` varchar(255) NOT NULL DEFAULT '' COMMENT '菜单名称',
  `menu_code` varchar(255) NOT NULL DEFAULT '' COMMENT '菜单代码',
  `menu_type` int(11) NOT NULL DEFAULT '1' COMMENT '菜单类型 0-分类导航 1-菜单页面 2-查询类按钮 3-操作类按钮',
  `menu_source` tinyint(4) NOT NULL COMMENT '菜单来源，0-系统菜单，1-自定义菜单',
  `icon` varchar(255) DEFAULT NULL COMMENT '图标',
  `parent_id` bigint(20) NOT NULL COMMENT '父级id',
  `app_id` bigint(20) DEFAULT NULL COMMENT '应用id 菜单来源为 0 系统菜单时必填',
  `tenant_id` bigint(20) DEFAULT NULL COMMENT '租户id 菜单来源为 1 自定义菜单时必填',
  `path` varchar(255) DEFAULT NULL COMMENT '路径 资源类型为 分类导航 或 功能页面时必填',
  `open_type` tinyint(4) DEFAULT NULL COMMENT '打开方式 资源类型为 功能页面时必填 0-单页方式（前端项目中已经集成好的页面） 1-iframe方式（第三方开发的单页应用）',
  `api_id` bigint(20) DEFAULT NULL COMMENT '接口id 系统菜单有值 菜单来源为 0 系统菜单，菜单类型为2 或者 3 按钮类型时必填',
  `application_name` varchar(255) DEFAULT NULL COMMENT '接口应用名称 资源类型为 按钮事件时必填',
  `api_url` varchar(255) DEFAULT NULL COMMENT '接口地址 资源类型为 按钮事件时必填',
  `num` int(11) NOT NULL DEFAULT '0' COMMENT '排序号',
  `state` tinyint(4) NOT NULL DEFAULT '1' COMMENT '状态 -1-已删除，0-不可删除，1-可删除，2-冻结，3-不推荐使用',
  PRIMARY KEY (`menu_id`)
) ENGINE=InnoDB AUTO_INCREMENT=209 DEFAULT CHARSET=utf8;

-- ----------------------------
-- Records of upms_menu
-- ----------------------------
INSERT INTO `upms_menu` VALUES ('12', '系统权限管理', 'upms', '0', '0', 'appstore', '0', '12', null, '/upms', null, null, null, null, '0', '0');
INSERT INTO `upms_menu` VALUES ('13', '组织机构管理', 'org', '1', '0', 'bars', '12', '12', null, '/upms/org', '0', null, null, null, '1', '1');
INSERT INTO `upms_menu` VALUES ('14', '成员管理', 'member', '1', '0', 'user', '12', '12', null, '/upms/member', '0', null, null, null, '2', '1');
INSERT INTO `upms_menu` VALUES ('15', '角色管理', 'role', '1', '0', 'coffee', '12', '12', null, '/upms/role', '0', null, null, null, '3', '1');
INSERT INTO `upms_menu` VALUES ('16', '菜单管理', 'menu', '1', '0', 'appstore', '12', '12', null, '/upms/menu', '0', null, null, null, '4', '1');
INSERT INTO `upms_menu` VALUES ('17', '获取角色列表', 'getRoleList', '2', '0', null, '15', '12', null, null, null, '88', 'upms', '/role/getRoleList', '1', '1');
INSERT INTO `upms_menu` VALUES ('22', '添加角色', 'addRole', '3', '0', null, '17', '12', null, null, null, '85', 'upms', '/role/addRole', '1', '1');
INSERT INTO `upms_menu` VALUES ('23', '更新角色', 'updateRole', '3', '0', null, '17', '12', null, null, null, '86', 'upms', '/role/updateRole', '2', '1');
INSERT INTO `upms_menu` VALUES ('24', '删除角色', 'delRole', '3', '0', null, '17', '12', null, null, null, '87', 'upms', '/role/delRole', '3', '1');
INSERT INTO `upms_menu` VALUES ('25', '锁定/解锁角色', 'lockRole', '3', '0', null, '17', '12', null, null, null, '104', 'upms', '/role/lockRole', '4', '1');
INSERT INTO `upms_menu` VALUES ('26', '查询角色拥有成员列表', 'getMemberListByRoleId', '2', '0', null, '17', '12', null, null, null, '121', 'upms', '/role/getMemberListByRoleId', '5', '1');
INSERT INTO `upms_menu` VALUES ('27', '绑定角色成员关系', 'bindRoleMemberByRoleId', '3', '0', null, '26', '12', null, null, null, '118', 'upms', '/role/bindRoleMemberByRoleId', '1', '1');
INSERT INTO `upms_menu` VALUES ('28', '解绑角色成员关系', 'unbindRoleMember', '3', '0', null, '26', '12', null, null, null, '156', 'upms', '/role/unbindRoleMember', '2', '1');
INSERT INTO `upms_menu` VALUES ('29', '查询角色拥有菜单列表', 'getMenuListByRoleId', '2', '0', null, '17', '12', null, null, null, '116', 'upms', '/role/getMenuListByRoleId', '6', '1');
INSERT INTO `upms_menu` VALUES ('30', '绑定/解绑角色菜单关系', 'bindRoleMenuByRoleId', '3', '0', null, '29', '12', null, null, null, '117', 'upms', '/role/bindRoleMenuByRoleId', '1', '1');
INSERT INTO `upms_menu` VALUES ('31', '查询角色拥有组织机构列表', 'getOrgListByRoleId', '2', '0', null, '17', '12', null, null, null, '119', 'upms', '/role/getOrgListByRoleId', '7', '1');
INSERT INTO `upms_menu` VALUES ('32', '绑定/解绑角色组织机构关系', 'bindRoleOrgByRoleId', '3', '0', null, '31', '12', null, null, null, '120', 'upms', '/role/bindRoleOrgByRoleId', '1', '1');
INSERT INTO `upms_menu` VALUES ('33', '查询成员列表', 'getMemberList', '2', '0', null, '14', '12', null, null, null, '80', 'upms', '/member/getMemberList', '1', '1');
INSERT INTO `upms_menu` VALUES ('34', '邀请成员', 'inviteMember', '3', '0', ' ', '33', '12', null, null, null, '77', 'upms', '/member/inviteMember', '1', '1');
INSERT INTO `upms_menu` VALUES ('35', '更新成员信息', 'updateMember', '3', '0', null, '33', '12', null, null, null, '78', 'upms', '/member/updateMember', '2', '1');
INSERT INTO `upms_menu` VALUES ('36', '批次管理系统', 'pcgl', '0', '0', null, '0', '13', null, '/pcgl', null, null, null, null, '0', '0');
INSERT INTO `upms_menu` VALUES ('37', '呈批件', 'cpj', '1', '0', 'appstore', '36', '13', null, '/pcgl/cpj', '1', null, null, null, '1', '1');
INSERT INTO `upms_menu` VALUES ('38', '查询呈批件列表', 'getCpjList', '2', '0', ' ', '37', '13', null, null, null, '162', 'pcgl', '/pcgl/getList', '1', '1');
INSERT INTO `upms_menu` VALUES ('39', '添加呈批件', 'addCpj', '3', '0', ' ', '38', '13', null, null, null, '160', 'pcgl', '/pcgl/addPcgl', '1', '1');
INSERT INTO `upms_menu` VALUES ('40', '修改呈批件', 'updateCpj', '3', '0', ' ', '38', '13', null, null, null, '161', 'pcgl', '/pcgl/updatePcgl', '2', '1');
INSERT INTO `upms_menu` VALUES ('41', '删除呈批件', 'delCpj', '3', '0', ' ', '38', '13', null, null, null, '163', 'pcgl', '/pcgl/delPcgl', '3', '1');
INSERT INTO `upms_menu` VALUES ('42', '呈批文件专用单', 'cpwj', '1', '0', 'appstore', '36', '13', null, '/pcgl/cpwj', '1', null, null, null, '2', '1');
INSERT INTO `upms_menu` VALUES ('43', '查询列表', 'getCpwjList', '2', '0', ' ', '42', '13', null, null, null, '162', 'pcgl', '/pcgl/getList', '1', '1');
INSERT INTO `upms_menu` VALUES ('44', '添加呈批文件', 'addCpwj', '3', '0', ' ', '43', '13', null, null, null, '160', 'pcgl', '/pcgl/addPcgl', '1', '1');
INSERT INTO `upms_menu` VALUES ('45', '修改呈批文件', 'updateCpwj', '3', '0', ' ', '43', '13', null, null, null, '161', 'pcgl', '/pcgl/updatePcgl', '2', '1');
INSERT INTO `upms_menu` VALUES ('46', '删除呈批文件', 'delCpwj', '3', '0', ' ', '43', '13', null, null, null, '163', 'pcgl', '/pcgl/delPcgl', '3', '1');
INSERT INTO `upms_menu` VALUES ('47', '电话记录单', 'dhjld', '1', '0', 'appstore', '36', '13', null, '/pcgl/dhjl', '1', null, null, null, '3', '1');
INSERT INTO `upms_menu` VALUES ('48', '内部通知', 'nbtz', '1', '0', 'appstore', '36', '13', null, '/pcgl/nbtz', '1', null, null, null, '4', '1');
INSERT INTO `upms_menu` VALUES ('49', '信息网发文', 'xxwfw', '1', '0', 'appstore', '36', '13', null, '/pcgl/xxwfw', '1', null, null, null, '5', '1');
INSERT INTO `upms_menu` VALUES ('50', '保密室收文', 'bmssw', '1', '0', 'appstore', '36', '13', null, '/pcgl/bmssw', '1', null, null, null, '6', '1');
INSERT INTO `upms_menu` VALUES ('51', '机要件', 'jyj', '1', '0', 'appstore', '36', '13', null, '/pcgl/jyj', '1', null, null, null, '7', '1');
INSERT INTO `upms_menu` VALUES ('52', '其他收文', 'qtsw', '1', '0', 'appstore', '36', '13', null, '/pcgl/qtsw', '1', null, null, null, '8', '1');
INSERT INTO `upms_menu` VALUES ('53', '其他发文', 'qtfw', '1', '0', 'appstore', '36', '13', null, '/pcgl/qtfw', '1', null, null, null, '9', '1');
INSERT INTO `upms_menu` VALUES ('54', '查询电话记录单', 'getDhjldList', '2', '0', ' ', '47', '13', null, null, null, '162', 'pcgl', '/pcgl/getList', '1', '1');
INSERT INTO `upms_menu` VALUES ('55', '新增电话记录单', 'addDhjld', '3', '0', ' ', '54', '13', null, null, null, '160', 'pcgl', '/pcgl/addPcgl', '1', '1');
INSERT INTO `upms_menu` VALUES ('56', '修改电话记录单', 'updateDhjl', '3', '0', ' ', '54', '13', null, null, null, '161', 'pcgl', '/pcgl/updatePcgl', '2', '1');
INSERT INTO `upms_menu` VALUES ('57', '删除电话记录单', 'delDhjl', '3', '0', ' ', '54', '13', null, null, null, '163', 'pcgl', '/pcgl/delPcgl', '3', '1');
INSERT INTO `upms_menu` VALUES ('58', '查询内部通知', 'getNbtzList', '2', '0', ' ', '48', '13', null, null, null, '162', 'pcgl', '/pcgl/getList', '1', '1');
INSERT INTO `upms_menu` VALUES ('59', '新增内部通知', 'addNbtz', '3', '0', ' ', '58', '13', null, null, null, '160', 'pcgl', '/pcgl/addPcgl', '1', '1');
INSERT INTO `upms_menu` VALUES ('60', '修改内部通知', 'updateNbtz', '3', '0', ' ', '58', '13', null, null, null, '161', 'pcgl', '/pcgl/updatePcgl', '2', '1');
INSERT INTO `upms_menu` VALUES ('61', '删除内部通知', 'delNbtz', '3', '0', ' ', '58', '13', null, null, null, '163', 'pcgl', '/pcgl/delPcgl', '3', '1');
INSERT INTO `upms_menu` VALUES ('62', '查询信息网发文', 'getXxwfwList', '2', '0', ' ', '49', '13', null, null, null, '162', 'pcgl', '/pcgl/getList', '1', '1');
INSERT INTO `upms_menu` VALUES ('63', '新增信息网发文', 'addXxwfw', '3', '0', ' ', '62', '13', null, null, null, '160', 'pcgl', '/pcgl/addPcgl', '1', '1');
INSERT INTO `upms_menu` VALUES ('64', '修改信息网发文', 'updateXxwfw', '3', '0', ' ', '62', '13', null, null, null, '161', 'pcgl', '/pcgl/updatePcgl', '2', '1');
INSERT INTO `upms_menu` VALUES ('65', '删除信息网发文', 'delXxwfw', '3', '0', ' ', '62', '13', null, null, null, '163', 'pcgl', '/pcgl/delPcgl', '3', '1');
INSERT INTO `upms_menu` VALUES ('66', '查询保密室收文', 'getBmsswLIst', '2', '0', ' ', '50', '13', null, null, null, '162', 'pcgl', '/pcgl/getList', '1', '1');
INSERT INTO `upms_menu` VALUES ('67', '添加保密室收文', 'addBmssw', '3', '0', ' ', '66', '13', null, null, null, '160', 'pcgl', '/pcgl/addPcgl', '1', '1');
INSERT INTO `upms_menu` VALUES ('68', '更新保密室收文', 'updateBmssw', '3', '0', ' ', '66', '13', null, null, null, '161', 'pcgl', '/pcgl/updatePcgl', '2', '1');
INSERT INTO `upms_menu` VALUES ('69', '删除保密室收文', 'delBmssw', '3', '0', ' ', '66', '13', null, null, null, '163', 'pcgl', '/pcgl/delPcgl', '3', '1');
INSERT INTO `upms_menu` VALUES ('70', '查询机要件', 'getJyjList', '2', '0', ' ', '51', '13', null, null, null, '162', 'pcgl', '/pcgl/getList', '1', '1');
INSERT INTO `upms_menu` VALUES ('71', '添加机要件', 'addJyj', '3', '0', ' ', '70', '13', null, null, null, '160', 'pcgl', '/pcgl/addPcgl', '1', '1');
INSERT INTO `upms_menu` VALUES ('72', '更新机要件', 'updateJyj', '3', '0', ' ', '70', '13', null, null, null, '161', 'pcgl', '/pcgl/updatePcgl', '2', '1');
INSERT INTO `upms_menu` VALUES ('73', '删除机要件', 'delJyj', '3', '0', ' ', '70', '13', null, null, null, '163', 'pcgl', '/pcgl/delPcgl', '3', '1');
INSERT INTO `upms_menu` VALUES ('74', '查询其他收文', 'getQtswList', '2', '0', ' ', '52', '13', null, null, null, '162', 'pcgl', '/pcgl/getList', '1', '1');
INSERT INTO `upms_menu` VALUES ('75', '添加其他收文', 'addQtsw', '3', '0', ' ', '74', '13', null, null, null, '160', 'pcgl', '/pcgl/addPcgl', '1', '1');
INSERT INTO `upms_menu` VALUES ('76', '修改其他收文', 'updateQtsw', '3', '0', ' ', '74', '13', null, null, null, '161', 'pcgl', '/pcgl/updatePcgl', '2', '1');
INSERT INTO `upms_menu` VALUES ('77', '删除其他收文', 'delQtsw', '3', '0', ' ', '74', '13', null, null, null, '163', 'pcgl', '/pcgl/delPcgl', '3', '1');
INSERT INTO `upms_menu` VALUES ('78', '查询其他发文', 'getQtfwList', '2', '0', ' ', '53', '13', null, null, null, '162', 'pcgl', '/pcgl/getList', '1', '1');
INSERT INTO `upms_menu` VALUES ('79', '添加其他发文', 'addQtfw', '3', '0', ' ', '78', '13', null, null, null, '160', 'pcgl', '/pcgl/addPcgl', '1', '1');
INSERT INTO `upms_menu` VALUES ('80', '更新其他发文', 'updateQtfw', '3', '0', ' ', '78', '13', null, null, null, '161', 'pcgl', '/pcgl/updatePcgl', '2', '1');
INSERT INTO `upms_menu` VALUES ('81', '删除其他发文', 'delQtfw', '3', '0', ' ', '78', '13', null, null, null, '163', 'pcgl', '/pcgl/delPcgl', '3', '1');
INSERT INTO `upms_menu` VALUES ('82', '个人中心', 'userCenter', '0', '0', null, '0', '14', null, '/userCenter', null, null, null, null, '0', '0');
INSERT INTO `upms_menu` VALUES ('83', '我的企业', 'myTenant', '1', '0', ' ', '82', '14', null, '/userCenter/tenant', '0', null, null, null, '1', '1');
INSERT INTO `upms_menu` VALUES ('84', '查询我的企业', 'getTenantList', '2', '0', ' ', '83', '14', null, null, null, '89', 'upms', '/userCentre/getTenantList', '1', '1');
INSERT INTO `upms_menu` VALUES ('85', '注册企业', 'registerTenant', '3', '0', ' ', '84', '14', null, null, null, '90', 'upms', '/userCentre/registerTenant', '1', '1');
INSERT INTO `upms_menu` VALUES ('86', '查询组织机构信息', 'getOrgTree', '2', '0', ' ', '14', '12', null, null, null, '81', 'upms', '/org/getOrgTree', '2', '1');
INSERT INTO `upms_menu` VALUES ('87', '查询授权组织机构信息', 'getOrgListByMemberId', '2', '0', ' ', '86', '12', null, null, null, '108', 'upms', '/member/getOrgListByMemberId', '1', '1');
INSERT INTO `upms_menu` VALUES ('88', '绑定/解绑组织机构', 'bindOrgMember', '3', '0', ' ', '87', '12', null, null, null, '109', 'upms', '/member/bindOrgMemberByMemberId', '1', '1');
INSERT INTO `upms_menu` VALUES ('89', '查询授权角色信息', 'getRoleListByMemberId', '2', '0', ' ', '14', '12', null, null, null, '110', 'upms', '/member/getRoleListByMemberId', '3', '1');
INSERT INTO `upms_menu` VALUES ('90', '查询授权菜单信息', 'getMenuListByRoleId', '2', '0', ' ', '89', '12', null, null, null, '116', 'upms', '/role/getMenuListByRoleId', '1', '1');
INSERT INTO `upms_menu` VALUES ('91', '删除成员', 'delMember', '3', '0', ' ', '33', '12', null, null, null, '79', 'upms', '/member/delMember', '3', '1');
INSERT INTO `upms_menu` VALUES ('92', '查询组织机构树', 'getOrgTree', '2', '0', ' ', '13', '12', null, null, null, '81', 'upms', '/org/getOrgTree', '1', '1');
INSERT INTO `upms_menu` VALUES ('93', '新增组织机构', 'addOrg', '3', '0', ' ', '92', '12', null, null, null, '83', 'upms', '/org/addOrg', '1', '1');
INSERT INTO `upms_menu` VALUES ('94', '编辑组织机构', 'updateOrg', '3', '0', ' ', '92', '12', null, null, null, '84', 'upms', '/org/updateOrg', '2', '1');
INSERT INTO `upms_menu` VALUES ('95', '删除组织机构', 'delOrg', '3', '0', ' ', '92', '12', null, null, null, '82', 'upms', '/org/delOrg', '3', '1');
INSERT INTO `upms_menu` VALUES ('96', '查询授权角色列表', 'getRoleListByOrgId', '2', '0', ' ', '92', '12', null, null, null, '115', 'upms', '/org/getRoleListByOrgId', '4', '1');
INSERT INTO `upms_menu` VALUES ('97', '查询包含成员列表', 'getMemberListByOrgId', '2', '0', ' ', '92', '12', null, null, null, '155', 'upms', '/org/getMemberListByOrgId', '5', '1');
INSERT INTO `upms_menu` VALUES ('98', '查询绑定菜单信息', 'getMenuListByRoleId', '2', '0', ' ', '96', '12', null, null, null, '116', 'upms', '/role/getMenuListByRoleId', '1', '1');
INSERT INTO `upms_menu` VALUES ('99', '下载导入模板文件', 'exportTemplate', '3', '0', ' ', '38', '13', null, null, null, '174', 'pcgl', '/pcgl/exportTemplate', '4', '1');
INSERT INTO `upms_menu` VALUES ('100', '导入呈批件', 'importCpj', '3', '0', ' ', '38', '13', null, null, null, '173', 'pcgl', '/pcgl/importPcgl', '5', '1');
INSERT INTO `upms_menu` VALUES ('101', '导出呈批件', 'exportCpj', '3', '0', ' ', '38', '13', null, null, null, '175', 'pcgl', '/pcgl/exportPcgl', '6', '1');
INSERT INTO `upms_menu` VALUES ('102', '下载导入模板文件', 'exportCpwjTemplate', '3', '0', ' ', '43', '13', null, null, null, '174', 'pcgl', '/pcgl/exportTemplate', '4', '1');
INSERT INTO `upms_menu` VALUES ('103', '导入呈批文件', 'importCpwj', '3', '0', ' ', '43', '13', null, null, null, '173', 'pcgl', '/pcgl/importPcgl', '5', '1');
INSERT INTO `upms_menu` VALUES ('104', '导出呈批文件', 'exportCpwj', '3', '0', ' ', '43', '13', null, null, null, '175', 'pcgl', '/pcgl/exportPcgl', '6', '1');
INSERT INTO `upms_menu` VALUES ('105', '下载电话记录单模板文件', 'exportDhjldT', '3', '0', '  ', '54', '13', null, null, null, '174', 'pcgl', '/pcgl/exportTemplate', '4', '1');
INSERT INTO `upms_menu` VALUES ('106', '导出电话记录单', 'exportDhjld', '3', '0', ' ', '54', '13', null, null, null, '175', 'pcgl', '/pcgl/exportPcgl', '6', '1');
INSERT INTO `upms_menu` VALUES ('107', '导入电话记录单', 'importDhjl', '3', '0', ' ', '54', '13', null, null, null, '173', 'pcgl', '/pcgl/importPcgl', '5', '1');
INSERT INTO `upms_menu` VALUES ('108', '下载内部通知模板', 'exportNbtzT', '3', '0', ' ', '58', '13', null, null, null, '174', 'pcgl', '/pcgl/exportTemplate', '4', '1');
INSERT INTO `upms_menu` VALUES ('109', '导入内部通知', 'importNbtz', '3', '0', ' ', '58', '13', null, null, null, '173', 'pcgl', '/pcgl/importPcgl', '5', '1');
INSERT INTO `upms_menu` VALUES ('110', '导出内部通知', 'exportNbtz', '3', '0', ' ', '58', '13', null, null, null, '175', 'pcgl', '/pcgl/exportPcgl', '6', '1');
INSERT INTO `upms_menu` VALUES ('111', '下载信息网发文模板', 'exportXxwfwT', '3', '0', ' ', '62', '13', null, null, null, '174', 'pcgl', '/pcgl/exportTemplate', '4', '1');
INSERT INTO `upms_menu` VALUES ('112', '导入信息网发文', 'importXxwfw', '3', '0', ' ', '62', '13', null, null, null, '173', 'pcgl', '/pcgl/importPcgl', '5', '1');
INSERT INTO `upms_menu` VALUES ('113', '导出信息网发文', 'exportXxwfw', '3', '0', ' ', '62', '13', null, null, null, '175', 'pcgl', '/pcgl/exportPcgl', '6', '1');
INSERT INTO `upms_menu` VALUES ('114', '下载保密室收文模板', 'exportBmsswT', '3', '0', ' ', '66', '13', null, null, null, '174', 'pcgl', '/pcgl/exportTemplate', '4', '1');
INSERT INTO `upms_menu` VALUES ('115', '导入保密室收文', 'importBmssw', '3', '0', ' ', '66', '13', null, null, null, '173', 'pcgl', '/pcgl/importPcgl', '4', '1');
INSERT INTO `upms_menu` VALUES ('116', '导出保密室收文', 'exportBmssw', '3', '0', ' ', '66', '13', null, null, null, '175', 'pcgl', '/pcgl/exportPcgl', '6', '1');
INSERT INTO `upms_menu` VALUES ('117', '下载机要件模板', 'exportJyjT', '3', '0', ' ', '70', '13', null, null, null, '174', 'pcgl', '/pcgl/exportTemplate', '4', '1');
INSERT INTO `upms_menu` VALUES ('118', '导入机要件', 'importJyj', '3', '0', ' ', '70', '13', null, null, null, '173', 'pcgl', '/pcgl/importPcgl', '5', '1');
INSERT INTO `upms_menu` VALUES ('119', '导出机要件', 'exportJyj', '3', '0', ' ', '70', '13', null, null, null, '175', 'pcgl', '/pcgl/exportPcgl', '6', '1');
INSERT INTO `upms_menu` VALUES ('120', '下载其他收文模板', 'exportQtswT', '3', '0', ' ', '74', '13', null, null, null, '174', 'pcgl', '/pcgl/exportTemplate', '4', '1');
INSERT INTO `upms_menu` VALUES ('121', '导入其他收文', 'importQtsw', '3', '0', ' ', '74', '13', null, null, null, '173', 'pcgl', '/pcgl/importPcgl', '5', '1');
INSERT INTO `upms_menu` VALUES ('122', '导出其他收文', 'exportQtsw', '3', '0', ' ', '74', '13', null, null, null, '175', 'pcgl', '/pcgl/exportPcgl', '6', '1');
INSERT INTO `upms_menu` VALUES ('123', '下载其他发文模板', 'exportQtfwT', '3', '0', ' ', '78', '13', null, null, null, '174', 'pcgl', '/pcgl/exportTemplate', '4', '1');
INSERT INTO `upms_menu` VALUES ('124', '导入其他发文', 'importQtfw', '3', '0', ' ', '78', '13', null, null, null, '173', 'pcgl', '/pcgl/importPcgl', '5', '1');
INSERT INTO `upms_menu` VALUES ('125', '导出其他发文', 'exportQtfw', '3', '0', ' ', '78', '13', null, null, null, '175', 'pcgl', '/pcgl/exportPcgl', '6', '1');
INSERT INTO `upms_menu` VALUES ('126', '运营管理', 'opMsg', '0', '0', 'appstore', '0', '15', null, '/admin', null, null, null, null, '0', '0');
INSERT INTO `upms_menu` VALUES ('127', '租户管理', 'tenant', '1', '0', 'bars', '126', '15', null, '/admin/', '0', null, null, null, '1', '1');
INSERT INTO `upms_menu` VALUES ('128', '应用管理', 'app', '1', '0', 'appstore', '126', '15', null, '/admin/app', '0', null, null, null, '2', '1');
INSERT INTO `upms_menu` VALUES ('129', '管理员管理', 'admin', '1', '0', 'coffee', '126', '15', null, '/admin/admin', '0', null, null, null, '3', '1');
INSERT INTO `upms_menu` VALUES ('130', '运营角色管理', 'opRole', '1', '0', 'coffee', '126', '15', null, '/admin/opRole', '0', null, null, null, '4', '1');
INSERT INTO `upms_menu` VALUES ('131', '用户管理', 'user', '1', '0', 'user', '126', '15', null, '/admin/user', '0', null, null, null, '5', '1');
INSERT INTO `upms_menu` VALUES ('132', '配置管理', 'config', '1', '0', 'read', '126', '15', null, '/admin/config', '0', null, null, null, '6', '1');
INSERT INTO `upms_menu` VALUES ('133', '接口管理', 'api', '1', '0', 'api', '126', '15', null, '/admin/api', '0', null, null, null, '7', '1');
INSERT INTO `upms_menu` VALUES ('134', '接口访问统计', 'apiVisit', '1', '0', 'api', '126', '15', null, '/admin/apiVisit', '0', null, null, null, '8', '1');
INSERT INTO `upms_menu` VALUES ('135', '查询租户列表', 'getTenantList', '2', '0', ' ', '127', '15', null, null, null, '67', 'upms', '/admin/tenant/getTenantList', '1', '1');
INSERT INTO `upms_menu` VALUES ('136', '更新租户信息', 'updateTenant', '3', '0', ' ', '135', '15', null, null, null, '66', 'upms', '/admin/tenant/updateTenant', '1', '1');
INSERT INTO `upms_menu` VALUES ('137', '查询租户应用列表', 'getTenantAppList', '2', '0', ' ', '135', '15', null, null, null, '100', 'upms', '/admin/tenant/getTenantAppListCache', '2', '1');
INSERT INTO `upms_menu` VALUES ('138', '绑定租户应用', 'bindTenantApp', '3', '0', ' ', '137', '15', null, null, null, '95', 'upms', '/admin/tenant/bindTenantApp', '1', '1');
INSERT INTO `upms_menu` VALUES ('139', '锁定/解锁租户应用', 'lockTenantApp', '3', '0', ' ', '137', '15', null, null, null, '105', 'upms', '/admin/tenant/lockTenantApp', '2', '1');
INSERT INTO `upms_menu` VALUES ('140', '查询租户应用菜单列表', 'getMenuListByTenantId', '2', '0', ' ', '137', '15', null, null, null, '144', 'upms', '/admin/tenant/getMenuListByTenantId', '3', '1');
INSERT INTO `upms_menu` VALUES ('141', '绑定租户应用资源', 'bindTenantMenu', '3', '0', ' ', '140', '15', null, null, null, '146', 'upms', '/admin/tenant/bindTenantMenu', '1', '1');
INSERT INTO `upms_menu` VALUES ('142', '锁定/解锁租户菜单', 'lockTenantMenu', '3', '0', ' ', '140', '15', null, null, null, '145', 'upms', '/admin/tenant/lockTenantMenu', '2', '1');
INSERT INTO `upms_menu` VALUES ('143', '查询应用列表', 'getAppList', '2', '0', ' ', '128', '15', null, null, null, '60', 'upms', '/app/getAppList', '1', '1');
INSERT INTO `upms_menu` VALUES ('144', '添加应用', 'addApp', '3', '0', ' ', '143', '15', null, null, null, '61', 'upms', '/app/addApp', '1', '1');
INSERT INTO `upms_menu` VALUES ('145', '修改应用', 'updateApp', '3', '0', ' ', '143', '15', null, null, null, '62', 'upms', '/app/updateApp', '2', '1');
INSERT INTO `upms_menu` VALUES ('146', '删除应用', 'delApp', '3', '0', ' ', '143', '15', null, null, null, '63', 'upms', '/app/delApp', '3', '1');
INSERT INTO `upms_menu` VALUES ('147', '获取应用菜单树', 'getMenuTreeByAppId', '2', '0', ' ', '143', '15', null, null, null, '139', 'upms', '/app/getMenuTreeByAppId', '4', '1');
INSERT INTO `upms_menu` VALUES ('148', '添加应用菜单', 'addMenuByAppId', '3', '0', ' ', '147', '15', null, null, null, '142', 'upms', '/app/addMenuByAppId', '1', '1');
INSERT INTO `upms_menu` VALUES ('149', '修改应用菜单', 'updateMenuByAppId', '3', '0', ' ', '147', '15', null, null, null, '141', 'upms', '/app/updateMenuByAppId', '2', '1');
INSERT INTO `upms_menu` VALUES ('150', '删除应用菜单', 'delMenuByAppId', '3', '0', ' ', '147', '15', null, null, null, '143', 'upms', '/app/delMenuByAppId', '3', '1');
INSERT INTO `upms_menu` VALUES ('151', '查询应用预制角色列表', 'getRoleListByAppId', '2', '0', ' ', '143', '15', null, null, null, '149', 'upms', '/appRole/getRoleListByAppId', '5', '1');
INSERT INTO `upms_menu` VALUES ('152', '添加应用预制角色', 'addRoleByAppId', '3', '0', ' ', '151', '15', null, null, null, '153', 'upms', '/appRole/addRoleByAppId', '1', '1');
INSERT INTO `upms_menu` VALUES ('153', '更新应用预制角色', 'updateRoleByAppId', '3', '0', ' ', '151', '15', null, null, null, '148', 'upms', '/appRole/updateRoleByAppId', '2', '1');
INSERT INTO `upms_menu` VALUES ('154', '删除应用预制角色', 'delRoleByAppId', '3', '0', ' ', '151', '15', null, null, null, '151', 'upms', '/appRole/delRoleByAppId', '3', '1');
INSERT INTO `upms_menu` VALUES ('155', '锁定解锁应用预制角色', 'lockRoleByAppId', '3', '0', ' ', '151', '15', null, null, null, '152', 'upms', '/appRole/lockRoleByAppId', '4', '1');
INSERT INTO `upms_menu` VALUES ('156', '查询角色拥有菜单列表', 'getMenuListByRoleId', '2', '0', ' ', '151', '15', null, null, null, '150', 'upms', '/appRole/getMenuListByRoleId', '5', '1');
INSERT INTO `upms_menu` VALUES ('157', '绑定/解绑角色菜单关系', 'bindRoleMenuByRoleId', '3', '0', ' ', '156', '15', null, null, null, '147', 'upms', '/appRole/bindRoleMenuByRoleId', '1', '1');
INSERT INTO `upms_menu` VALUES ('158', '获取管理员列表', 'getAdminList', '2', '0', ' ', '129', '15', null, null, null, '51', 'upms', '/admin/admin/getAdminList', '1', '1');
INSERT INTO `upms_menu` VALUES ('159', '新增管理员', 'addAdmin', '3', '0', ' ', '158', '15', null, null, null, '49', 'upms', '/admin/admin/addAdmin', '1', '1');
INSERT INTO `upms_menu` VALUES ('160', '更新管理员', 'updateAdmin', '3', '0', ' ', '158', '15', null, null, null, '48', 'upms', '/admin/admin/updateAdmin', '2', '1');
INSERT INTO `upms_menu` VALUES ('161', '删除管理员', 'delAdmin', '3', '0', ' ', '158', '15', null, null, null, '50', 'upms', '/admin/admin/delAdmin', '3', '1');
INSERT INTO `upms_menu` VALUES ('162', '锁定/解锁管理员', 'lockAdmin', '3', '0', ' ', '158', '15', null, null, null, '102', 'upms', '/admin/admin/lockAdmin', '4', '1');
INSERT INTO `upms_menu` VALUES ('163', '查询运营角色列表', 'getOpRoleList', '2', '0', ' ', '130', '15', null, null, null, '186', 'upms', '/admin/opRole/getOpRoleList', '1', '1');
INSERT INTO `upms_menu` VALUES ('164', '添加运营角色', 'addOpRole', '2', '0', ' ', '130', '15', null, null, null, '183', 'upms', '/admin/opRole/addOpRole', '1', '-1');
INSERT INTO `upms_menu` VALUES ('165', '添加运营角色', 'addOpRole', '3', '0', ' ', '163', '15', null, null, null, '183', 'upms', '/admin/opRole/addOpRole', '1', '1');
INSERT INTO `upms_menu` VALUES ('166', '更新运营角色', 'updateOpRole', '3', '0', ' ', '163', '15', null, null, null, '180', 'upms', '/admin/opRole/updateOpRole', '2', '1');
INSERT INTO `upms_menu` VALUES ('167', '删除运营角色', 'delOpRole', '3', '0', ' ', '163', '15', null, null, null, '181', 'upms', '/admin/opRole/delOpRole', '3', '1');
INSERT INTO `upms_menu` VALUES ('168', '查询所有运营菜单树', 'getOpMenuTree', '2', '0', ' ', '163', '15', null, null, null, '182', 'upms', '/admin/opRole/getOpMenuTree', '4', '1');
INSERT INTO `upms_menu` VALUES ('169', '根据运营角色查询运营菜单', 'getOpRoleMenuList', '2', '0', ' ', '168', '15', null, null, null, '177', 'upms', '/admin/opRole/getOpRoleMenuList', '1', '1');
INSERT INTO `upms_menu` VALUES ('170', '绑定解绑运营角色菜单信息', 'bindOpRoleMenu', '3', '0', ' ', '168', '15', null, null, null, '184', 'upms', '/admin/opRole/bindOpRoleMenu', '2', '1');
INSERT INTO `upms_menu` VALUES ('171', '查询绑定的管理员', 'getAdminListByOpRole', '2', '0', ' ', '163', '15', null, null, null, '178', 'upms', '/admin/opRole/getAdminListByOpRole', '5', '-1');
INSERT INTO `upms_menu` VALUES ('172', '查询管理员列表', 'getMenuList', '2', '0', ' ', '163', '15', null, null, null, '51', 'upms', '/admin/admin/getAdminList', '5', '1');
INSERT INTO `upms_menu` VALUES ('173', '查询绑定的管理员', 'getAdminListByOpRole', '2', '0', ' ', '172', '15', null, null, null, '178', 'upms', '/admin/opRole/getAdminListByOpRole', '1', '1');
INSERT INTO `upms_menu` VALUES ('174', '绑定角色管理员', 'bindOpRoleAdmin', '3', '0', ' ', '173', '15', null, null, null, '185', 'upms', '/admin/opRole/bindOpRoleAdmin', '1', '1');
INSERT INTO `upms_menu` VALUES ('175', '解绑角色管理员', 'unBindOpRoleAdmin', '3', '0', ' ', '173', '15', null, null, null, '179', 'upms', '/admin/opRole/unBindOpRoleAdmin', '2', '1');
INSERT INTO `upms_menu` VALUES ('176', '获取所有用户信息', 'getUserList', '2', '0', ' ', '131', '15', null, null, null, '71', 'upms', '/user/getUserList', '1', '1');
INSERT INTO `upms_menu` VALUES ('177', '更新用户信息', 'update', '3', '0', ' ', '176', '15', null, null, null, '68', 'upms', '/user/update', '1', '1');
INSERT INTO `upms_menu` VALUES ('178', '删除用户信息', 'delete', '3', '0', ' ', '176', '15', null, null, null, '69', 'upms', '/user/delete', '2', '1');
INSERT INTO `upms_menu` VALUES ('179', '重置密码', 'resetPwd', '3', '0', ' ', '176', '15', null, null, null, '70', 'upms', '/user/resetPwd', '3', '1');
INSERT INTO `upms_menu` VALUES ('180', '查询配置列表', 'getConfigList', '2', '0', ' ', '132', '15', null, null, null, '171', 'upms', '/admin/config/getConfigList', '1', '1');
INSERT INTO `upms_menu` VALUES ('181', '添加配置', 'addConfig', '3', '0', ' ', '180', '15', null, null, null, '170', 'upms', '/admin/config/addConfig', '1', '1');
INSERT INTO `upms_menu` VALUES ('182', '修改配置', 'updateConfig', '3', '0', ' ', '180', '15', null, null, null, '169', 'upms', '/admin/config/updateConfig', '2', '1');
INSERT INTO `upms_menu` VALUES ('183', '删除配置', 'delConfig', '3', '0', ' ', '180', '15', null, null, null, '172', 'upms', '/admin/config/delConfig', '3', '1');
INSERT INTO `upms_menu` VALUES ('184', '查询应用列表', 'getAppList', '2', '0', ' ', '132', '15', null, null, null, '60', 'upms', '/app/getAppList', '2', '1');
INSERT INTO `upms_menu` VALUES ('185', '查询应用预制角色列表', 'getRoleListByAppId', '2', '0', ' ', '184', '15', null, null, null, '149', 'upms', '/appRole/getRoleListByAppId', '1', '1');
INSERT INTO `upms_menu` VALUES ('186', '获取接口树', 'getApiTree', '2', '0', ' ', '133', '15', null, null, null, '56', 'upms', '/api/getApiTree', '1', '1');
INSERT INTO `upms_menu` VALUES ('187', '查询接口访问情况', 'getApiVisitList', '2', '0', ' ', '134', '15', null, null, null, '101', 'upms', '/api/getApiVisitList', '1', '1');
INSERT INTO `upms_menu` VALUES ('188', '获取接口树', 'getApiTree', '2', '0', ' ', '187', '15', null, null, null, '56', 'upms', '/api/getApiTree', '1', '1');
INSERT INTO `upms_menu` VALUES ('189', '重置管理员密码', 'resetPwd', '3', '0', ' ', '158', '15', null, null, null, '187', 'upms', '/admin/admin/resetPwd', '5', '1');
INSERT INTO `upms_menu` VALUES ('190', '第三方系统', '1212', '0', '0', null, '0', '16', null, '/a', null, null, null, null, '0', '0');
INSERT INTO `upms_menu` VALUES ('191', '通天塔', 'admin002', '0', '0', null, '0', '17', null, 'adminindex', null, null, null, null, '0', '0');
INSERT INTO `upms_menu` VALUES ('192', '测试引用', '1231', '0', '0', null, '0', '18', null, '123123', null, null, null, null, '0', '0');
INSERT INTO `upms_menu` VALUES ('193', '555', '放假的考拉', '0', '0', null, '0', '19', null, '22222222', null, null, null, null, '0', '-1');
INSERT INTO `upms_menu` VALUES ('194', 'test', 'test', '1', '0', 'test', '12', '15', null, '/test', '0', null, null, null, '0', '1');
INSERT INTO `upms_menu` VALUES ('195', 'tttttt', 'ttt', '0', '0', 't', '36', '13', null, '/22', null, null, null, null, '11', '1');
INSERT INTO `upms_menu` VALUES ('196', '产品管理', 'yingyongid', '0', '0', null, '0', '20', null, 'ccccccc', null, null, null, null, '0', '0');
INSERT INTO `upms_menu` VALUES ('197', '测试', '111', '0', '0', null, '0', '21', null, '1', null, null, null, null, '0', '0');
INSERT INTO `upms_menu` VALUES ('198', '测试新增应用菜单', 'code1', '0', '0', '', '0', '22', null, '/app1', null, null, null, null, '1', '1');
INSERT INTO `upms_menu` VALUES ('200', '左边框菜单1', 'zuo1', '1', '0', '1', '198', '22', null, '/zuo1', '0', null, null, null, '1', '1');
INSERT INTO `upms_menu` VALUES ('201', '左边菜单2', 'zuo2', '1', '0', '11', '198', '22', null, '/zuo2', '0', null, null, null, '2', '1');
INSERT INTO `upms_menu` VALUES ('202', '左一**管理', 'zuo1**1', '2', '0', '11', '200', '22', null, null, null, '47', 'upms', '/admin/centre/updateInfo', '1', '1');
INSERT INTO `upms_menu` VALUES ('203', '左一**管理查询按钮', 'zuo1**11', '3', '0', '11', '202', '22', null, null, null, '47', 'upms', '/admin/centre/updateInfo', '1', '-1');
INSERT INTO `upms_menu` VALUES ('204', '左一**管理修改按钮', 'code1123', '3', '0', '123', '202', '22', null, null, null, '47', 'upms', '/admin/centre/updateInfo', '2', '-1');
INSERT INTO `upms_menu` VALUES ('205', '22233', '22233', '0', '0', '333', '0', '23', null, '222', null, null, null, null, '0', '0');
INSERT INTO `upms_menu` VALUES ('206', '333', '333', '0', '0', '333', '205', '23', null, '333', null, null, null, null, '33', '1');
INSERT INTO `upms_menu` VALUES ('207', '111', '1111', '0', '0', null, '0', '24', null, '11', null, null, null, null, '0', '0');
INSERT INTO `upms_menu` VALUES ('208', '555', '555', '0', '0', null, '0', '26', null, '555', null, null, null, null, '0', '0');

-- ----------------------------
-- Table structure for upms_op_role
-- ----------------------------
DROP TABLE IF EXISTS `upms_op_role`;
CREATE TABLE `upms_op_role` (
  `op_role_id` int(11) NOT NULL AUTO_INCREMENT,
  `role_name` varchar(255) NOT NULL,
  `num` int(11) NOT NULL DEFAULT '1',
  `create_time` datetime NOT NULL,
  `state` int(11) NOT NULL DEFAULT '1',
  PRIMARY KEY (`op_role_id`)
) ENGINE=InnoDB AUTO_INCREMENT=8 DEFAULT CHARSET=utf8;

-- ----------------------------
-- Records of upms_op_role
-- ----------------------------
INSERT INTO `upms_op_role` VALUES ('1', '管理员角色', '1', '2019-12-01 22:23:35', '0');
INSERT INTO `upms_op_role` VALUES ('4', '租户管理员角色', '2', '2019-12-01 22:23:35', '1');
INSERT INTO `upms_op_role` VALUES ('5', '审批管理员', '3', '2019-12-01 22:23:35', '1');
INSERT INTO `upms_op_role` VALUES ('6', '测试', '1', '2019-12-01 22:23:35', '1');
INSERT INTO `upms_op_role` VALUES ('7', '测试人员', '5', '2020-08-07 02:47:45', '1');

-- ----------------------------
-- Table structure for upms_op_role_admin
-- ----------------------------
DROP TABLE IF EXISTS `upms_op_role_admin`;
CREATE TABLE `upms_op_role_admin` (
  `op_role_admin_id` int(11) NOT NULL AUTO_INCREMENT,
  `op_role_id` bigint(20) NOT NULL,
  `admin_id` bigint(20) NOT NULL,
  `state` int(11) NOT NULL DEFAULT '1',
  PRIMARY KEY (`op_role_admin_id`)
) ENGINE=InnoDB AUTO_INCREMENT=48 DEFAULT CHARSET=utf8;

-- ----------------------------
-- Records of upms_op_role_admin
-- ----------------------------
INSERT INTO `upms_op_role_admin` VALUES ('3', '1', '6', '0');
INSERT INTO `upms_op_role_admin` VALUES ('5', '4', '13', '1');
INSERT INTO `upms_op_role_admin` VALUES ('8', '4', '20', '1');
INSERT INTO `upms_op_role_admin` VALUES ('11', '4', '22', '1');
INSERT INTO `upms_op_role_admin` VALUES ('16', '4', '6', '1');
INSERT INTO `upms_op_role_admin` VALUES ('17', '1', '21', '1');
INSERT INTO `upms_op_role_admin` VALUES ('18', '5', '21', '1');
INSERT INTO `upms_op_role_admin` VALUES ('19', '4', '21', '1');
INSERT INTO `upms_op_role_admin` VALUES ('20', '1', '22', '1');
INSERT INTO `upms_op_role_admin` VALUES ('22', '6', '24', '1');
INSERT INTO `upms_op_role_admin` VALUES ('25', '4', '23', '1');
INSERT INTO `upms_op_role_admin` VALUES ('26', '4', '24', '1');
INSERT INTO `upms_op_role_admin` VALUES ('28', '6', '21', '1');
INSERT INTO `upms_op_role_admin` VALUES ('29', '6', '23', '1');
INSERT INTO `upms_op_role_admin` VALUES ('30', '6', '22', '1');
INSERT INTO `upms_op_role_admin` VALUES ('31', '6', '25', '1');
INSERT INTO `upms_op_role_admin` VALUES ('32', '5', '26', '1');
INSERT INTO `upms_op_role_admin` VALUES ('33', '4', '26', '1');
INSERT INTO `upms_op_role_admin` VALUES ('35', '5', '25', '1');
INSERT INTO `upms_op_role_admin` VALUES ('37', '5', '13', '1');
INSERT INTO `upms_op_role_admin` VALUES ('38', '6', '13', '1');
INSERT INTO `upms_op_role_admin` VALUES ('39', '6', '27', '1');
INSERT INTO `upms_op_role_admin` VALUES ('42', '1', '13', '1');
INSERT INTO `upms_op_role_admin` VALUES ('45', '7', '29', '1');
INSERT INTO `upms_op_role_admin` VALUES ('46', '7', '13', '1');
INSERT INTO `upms_op_role_admin` VALUES ('47', '7', '6', '1');

-- ----------------------------
-- Table structure for upms_op_role_menu
-- ----------------------------
DROP TABLE IF EXISTS `upms_op_role_menu`;
CREATE TABLE `upms_op_role_menu` (
  `op_role_menu_id` int(11) NOT NULL AUTO_INCREMENT,
  `op_role_id` bigint(20) NOT NULL,
  `menu_id` bigint(20) NOT NULL,
  `state` int(11) NOT NULL DEFAULT '1',
  PRIMARY KEY (`op_role_menu_id`)
) ENGINE=InnoDB AUTO_INCREMENT=164 DEFAULT CHARSET=utf8;

-- ----------------------------
-- Records of upms_op_role_menu
-- ----------------------------
INSERT INTO `upms_op_role_menu` VALUES ('1', '1', '129', '0');
INSERT INTO `upms_op_role_menu` VALUES ('2', '1', '126', '0');
INSERT INTO `upms_op_role_menu` VALUES ('5', '1', '142', '0');
INSERT INTO `upms_op_role_menu` VALUES ('6', '1', '140', '0');
INSERT INTO `upms_op_role_menu` VALUES ('7', '1', '137', '0');
INSERT INTO `upms_op_role_menu` VALUES ('8', '1', '135', '0');
INSERT INTO `upms_op_role_menu` VALUES ('9', '1', '127', '0');
INSERT INTO `upms_op_role_menu` VALUES ('10', '1', '141', '0');
INSERT INTO `upms_op_role_menu` VALUES ('11', '1', '139', '0');
INSERT INTO `upms_op_role_menu` VALUES ('12', '1', '138', '0');
INSERT INTO `upms_op_role_menu` VALUES ('13', '1', '136', '0');
INSERT INTO `upms_op_role_menu` VALUES ('14', '1', '157', '0');
INSERT INTO `upms_op_role_menu` VALUES ('15', '1', '156', '0');
INSERT INTO `upms_op_role_menu` VALUES ('16', '1', '151', '0');
INSERT INTO `upms_op_role_menu` VALUES ('17', '1', '143', '0');
INSERT INTO `upms_op_role_menu` VALUES ('18', '1', '128', '0');
INSERT INTO `upms_op_role_menu` VALUES ('19', '1', '155', '0');
INSERT INTO `upms_op_role_menu` VALUES ('20', '1', '154', '0');
INSERT INTO `upms_op_role_menu` VALUES ('21', '1', '153', '0');
INSERT INTO `upms_op_role_menu` VALUES ('22', '1', '152', '0');
INSERT INTO `upms_op_role_menu` VALUES ('23', '1', '150', '0');
INSERT INTO `upms_op_role_menu` VALUES ('24', '1', '147', '0');
INSERT INTO `upms_op_role_menu` VALUES ('25', '1', '149', '0');
INSERT INTO `upms_op_role_menu` VALUES ('26', '1', '148', '0');
INSERT INTO `upms_op_role_menu` VALUES ('27', '1', '146', '0');
INSERT INTO `upms_op_role_menu` VALUES ('28', '1', '145', '0');
INSERT INTO `upms_op_role_menu` VALUES ('29', '1', '144', '0');
INSERT INTO `upms_op_role_menu` VALUES ('30', '1', '162', '0');
INSERT INTO `upms_op_role_menu` VALUES ('31', '1', '158', '0');
INSERT INTO `upms_op_role_menu` VALUES ('32', '1', '161', '0');
INSERT INTO `upms_op_role_menu` VALUES ('33', '1', '160', '0');
INSERT INTO `upms_op_role_menu` VALUES ('34', '1', '159', '0');
INSERT INTO `upms_op_role_menu` VALUES ('35', '1', '188', '0');
INSERT INTO `upms_op_role_menu` VALUES ('36', '1', '187', '0');
INSERT INTO `upms_op_role_menu` VALUES ('37', '1', '134', '0');
INSERT INTO `upms_op_role_menu` VALUES ('38', '1', '186', '0');
INSERT INTO `upms_op_role_menu` VALUES ('39', '1', '133', '0');
INSERT INTO `upms_op_role_menu` VALUES ('40', '1', '185', '0');
INSERT INTO `upms_op_role_menu` VALUES ('41', '1', '184', '0');
INSERT INTO `upms_op_role_menu` VALUES ('42', '1', '132', '0');
INSERT INTO `upms_op_role_menu` VALUES ('43', '1', '183', '0');
INSERT INTO `upms_op_role_menu` VALUES ('44', '1', '180', '0');
INSERT INTO `upms_op_role_menu` VALUES ('45', '1', '182', '0');
INSERT INTO `upms_op_role_menu` VALUES ('46', '1', '181', '0');
INSERT INTO `upms_op_role_menu` VALUES ('47', '1', '179', '0');
INSERT INTO `upms_op_role_menu` VALUES ('48', '1', '176', '0');
INSERT INTO `upms_op_role_menu` VALUES ('49', '1', '131', '0');
INSERT INTO `upms_op_role_menu` VALUES ('50', '1', '178', '0');
INSERT INTO `upms_op_role_menu` VALUES ('51', '1', '177', '0');
INSERT INTO `upms_op_role_menu` VALUES ('52', '1', '175', '0');
INSERT INTO `upms_op_role_menu` VALUES ('53', '1', '173', '0');
INSERT INTO `upms_op_role_menu` VALUES ('54', '1', '172', '0');
INSERT INTO `upms_op_role_menu` VALUES ('55', '1', '163', '0');
INSERT INTO `upms_op_role_menu` VALUES ('56', '1', '130', '0');
INSERT INTO `upms_op_role_menu` VALUES ('57', '1', '174', '0');
INSERT INTO `upms_op_role_menu` VALUES ('58', '1', '170', '0');
INSERT INTO `upms_op_role_menu` VALUES ('59', '1', '168', '0');
INSERT INTO `upms_op_role_menu` VALUES ('60', '1', '169', '0');
INSERT INTO `upms_op_role_menu` VALUES ('61', '1', '167', '0');
INSERT INTO `upms_op_role_menu` VALUES ('62', '1', '166', '0');
INSERT INTO `upms_op_role_menu` VALUES ('63', '1', '165', '0');
INSERT INTO `upms_op_role_menu` VALUES ('73', '4', '142', '1');
INSERT INTO `upms_op_role_menu` VALUES ('74', '4', '140', '1');
INSERT INTO `upms_op_role_menu` VALUES ('75', '4', '137', '1');
INSERT INTO `upms_op_role_menu` VALUES ('76', '4', '135', '1');
INSERT INTO `upms_op_role_menu` VALUES ('77', '4', '127', '1');
INSERT INTO `upms_op_role_menu` VALUES ('78', '4', '126', '1');
INSERT INTO `upms_op_role_menu` VALUES ('79', '4', '141', '1');
INSERT INTO `upms_op_role_menu` VALUES ('80', '4', '139', '1');
INSERT INTO `upms_op_role_menu` VALUES ('81', '4', '138', '1');
INSERT INTO `upms_op_role_menu` VALUES ('82', '4', '136', '1');
INSERT INTO `upms_op_role_menu` VALUES ('84', '4', '143', '1');
INSERT INTO `upms_op_role_menu` VALUES ('85', '4', '128', '1');
INSERT INTO `upms_op_role_menu` VALUES ('87', '4', '147', '1');
INSERT INTO `upms_op_role_menu` VALUES ('90', '4', '151', '1');
INSERT INTO `upms_op_role_menu` VALUES ('93', '4', '156', '1');
INSERT INTO `upms_op_role_menu` VALUES ('95', '4', '158', '1');
INSERT INTO `upms_op_role_menu` VALUES ('96', '4', '129', '1');
INSERT INTO `upms_op_role_menu` VALUES ('100', '4', '163', '1');
INSERT INTO `upms_op_role_menu` VALUES ('101', '4', '130', '1');
INSERT INTO `upms_op_role_menu` VALUES ('102', '4', '168', '1');
INSERT INTO `upms_op_role_menu` VALUES ('103', '4', '169', '1');
INSERT INTO `upms_op_role_menu` VALUES ('106', '4', '173', '1');
INSERT INTO `upms_op_role_menu` VALUES ('107', '4', '172', '1');
INSERT INTO `upms_op_role_menu` VALUES ('109', '4', '176', '1');
INSERT INTO `upms_op_role_menu` VALUES ('110', '4', '131', '1');
INSERT INTO `upms_op_role_menu` VALUES ('111', '4', '180', '1');
INSERT INTO `upms_op_role_menu` VALUES ('112', '4', '132', '1');
INSERT INTO `upms_op_role_menu` VALUES ('113', '4', '186', '1');
INSERT INTO `upms_op_role_menu` VALUES ('114', '4', '133', '1');
INSERT INTO `upms_op_role_menu` VALUES ('115', '4', '188', '1');
INSERT INTO `upms_op_role_menu` VALUES ('116', '4', '187', '1');
INSERT INTO `upms_op_role_menu` VALUES ('117', '4', '134', '1');
INSERT INTO `upms_op_role_menu` VALUES ('118', '1', '189', '1');
INSERT INTO `upms_op_role_menu` VALUES ('119', '4', '184', '1');
INSERT INTO `upms_op_role_menu` VALUES ('120', '4', '185', '1');
INSERT INTO `upms_op_role_menu` VALUES ('121', '4', '146', '1');
INSERT INTO `upms_op_role_menu` VALUES ('122', '4', '145', '1');
INSERT INTO `upms_op_role_menu` VALUES ('123', '4', '150', '1');
INSERT INTO `upms_op_role_menu` VALUES ('124', '4', '149', '1');
INSERT INTO `upms_op_role_menu` VALUES ('125', '4', '154', '1');
INSERT INTO `upms_op_role_menu` VALUES ('126', '4', '153', '1');
INSERT INTO `upms_op_role_menu` VALUES ('127', '4', '157', '1');
INSERT INTO `upms_op_role_menu` VALUES ('128', '4', '189', '1');
INSERT INTO `upms_op_role_menu` VALUES ('129', '4', '161', '1');
INSERT INTO `upms_op_role_menu` VALUES ('130', '4', '160', '1');
INSERT INTO `upms_op_role_menu` VALUES ('131', '4', '167', '1');
INSERT INTO `upms_op_role_menu` VALUES ('132', '4', '166', '1');
INSERT INTO `upms_op_role_menu` VALUES ('133', '4', '174', '1');
INSERT INTO `upms_op_role_menu` VALUES ('134', '4', '175', '1');
INSERT INTO `upms_op_role_menu` VALUES ('135', '4', '170', '1');
INSERT INTO `upms_op_role_menu` VALUES ('136', '4', '177', '1');
INSERT INTO `upms_op_role_menu` VALUES ('137', '4', '183', '1');
INSERT INTO `upms_op_role_menu` VALUES ('138', '4', '182', '1');
INSERT INTO `upms_op_role_menu` VALUES ('139', '4', '144', '1');
INSERT INTO `upms_op_role_menu` VALUES ('140', '4', '148', '1');
INSERT INTO `upms_op_role_menu` VALUES ('141', '4', '152', '1');
INSERT INTO `upms_op_role_menu` VALUES ('142', '4', '155', '1');
INSERT INTO `upms_op_role_menu` VALUES ('143', '4', '159', '1');
INSERT INTO `upms_op_role_menu` VALUES ('144', '4', '162', '1');
INSERT INTO `upms_op_role_menu` VALUES ('145', '4', '165', '1');
INSERT INTO `upms_op_role_menu` VALUES ('146', '4', '178', '1');
INSERT INTO `upms_op_role_menu` VALUES ('147', '4', '179', '1');
INSERT INTO `upms_op_role_menu` VALUES ('148', '4', '181', '1');
INSERT INTO `upms_op_role_menu` VALUES ('149', '6', '127', '1');
INSERT INTO `upms_op_role_menu` VALUES ('150', '6', '126', '1');
INSERT INTO `upms_op_role_menu` VALUES ('152', '4', '193', '1');
INSERT INTO `upms_op_role_menu` VALUES ('153', '6', '135', '1');
INSERT INTO `upms_op_role_menu` VALUES ('154', '6', '136', '1');
INSERT INTO `upms_op_role_menu` VALUES ('155', '6', '137', '1');
INSERT INTO `upms_op_role_menu` VALUES ('156', '6', '138', '1');
INSERT INTO `upms_op_role_menu` VALUES ('157', '6', '139', '1');
INSERT INTO `upms_op_role_menu` VALUES ('158', '6', '140', '1');
INSERT INTO `upms_op_role_menu` VALUES ('159', '6', '141', '1');
INSERT INTO `upms_op_role_menu` VALUES ('160', '6', '142', '1');
INSERT INTO `upms_op_role_menu` VALUES ('161', '6', '134', '1');
INSERT INTO `upms_op_role_menu` VALUES ('162', '6', '187', '1');
INSERT INTO `upms_op_role_menu` VALUES ('163', '6', '188', '1');

-- ----------------------------
-- Table structure for upms_org
-- ----------------------------
DROP TABLE IF EXISTS `upms_org`;
CREATE TABLE `upms_org` (
  `org_id` int(11) NOT NULL AUTO_INCREMENT,
  `org_code` varchar(255) DEFAULT NULL,
  `org_name` varchar(255) DEFAULT NULL,
  `parent_id` bigint(20) NOT NULL DEFAULT '0',
  `state` int(11) NOT NULL DEFAULT '1',
  `num` int(11) NOT NULL DEFAULT '1',
  `tenant_id` bigint(20) NOT NULL,
  `org_type` tinyint(4) DEFAULT NULL,
  PRIMARY KEY (`org_id`)
) ENGINE=InnoDB AUTO_INCREMENT=110 DEFAULT CHARSET=utf8;

-- ----------------------------
-- Records of upms_org
-- ----------------------------
INSERT INTO `upms_org` VALUES ('41', '123', '第一家企业', '0', '0', '0', '15', '0');
INSERT INTO `upms_org` VALUES ('42', 'newMemberDefaultOrg', '新成员默认组织', '41', '0', '0', '15', '0');
INSERT INTO `upms_org` VALUES ('43', 'money', '财务部', '41', '1', '2', '15', null);
INSERT INTO `upms_org` VALUES ('44', 'moneyBeijing', '北京财务部', '43', '1', '1', '15', null);
INSERT INTO `upms_org` VALUES ('45', 'moneyTijin', '天津财务部', '43', '1', '2', '15', null);
INSERT INTO `upms_org` VALUES ('46', 'moneySjz', '石家庄财务部', '43', '-1', '3', '15', null);
INSERT INTO `upms_org` VALUES ('47', 'test1', 'test1', '41', '1', '2', '15', null);
INSERT INTO `upms_org` VALUES ('48', 'ssdfdsadsf', 'first company', '0', '0', '0', '16', '0');
INSERT INTO `upms_org` VALUES ('49', 'newMemberDefaultOrg', '新成员默认组织', '48', '0', '0', '16', '0');
INSERT INTO `upms_org` VALUES ('50', 'vvvv', 'vvv', '0', '0', '0', '17', '0');
INSERT INTO `upms_org` VALUES ('51', 'newMemberDefaultOrg', '新成员默认组织', '50', '0', '0', '17', '0');
INSERT INTO `upms_org` VALUES ('52', '123456', '合生', '0', '0', '0', '18', '0');
INSERT INTO `upms_org` VALUES ('53', 'newMemberDefaultOrg', '新成员默认组织', '52', '0', '0', '18', '0');
INSERT INTO `upms_org` VALUES ('54', '002', '第二家组织机构', '41', '1', '2', '15', null);
INSERT INTO `upms_org` VALUES ('55', '1', '1', '0', '0', '0', '19', '0');
INSERT INTO `upms_org` VALUES ('56', 'newMemberDefaultOrg', '新成员默认组织', '55', '0', '0', '19', '0');
INSERT INTO `upms_org` VALUES ('57', 'njcwb', '南京财务部', '43', '1', '3', '15', null);
INSERT INTO `upms_org` VALUES ('58', 'sf234sdcfdsf', '添加测试', '45', '-1', '89', '15', null);
INSERT INTO `upms_org` VALUES ('59', '测试税号', '测试企业', '0', '0', '0', '20', '0');
INSERT INTO `upms_org` VALUES ('60', 'newMemberDefaultOrg', '新成员默认组织', '59', '0', '0', '20', '0');
INSERT INTO `upms_org` VALUES ('61', '954254254', '中国农博会', '41', '1', '222', '15', null);
INSERT INTO `upms_org` VALUES ('62', '1903993948', '北京神龙科技', '0', '0', '0', '21', '0');
INSERT INTO `upms_org` VALUES ('63', 'newMemberDefaultOrg', '新成员默认组织', '62', '0', '0', '21', '0');
INSERT INTO `upms_org` VALUES ('64', '123', 'test', '62', '1', '1', '21', null);
INSERT INTO `upms_org` VALUES ('65', '1111111111111', 'aaaaaaaaaaa', '0', '0', '0', '22', '0');
INSERT INTO `upms_org` VALUES ('66', 'newMemberDefaultOrg', '新成员默认组织', '65', '0', '0', '22', '0');
INSERT INTO `upms_org` VALUES ('67', '1231122222', '北京三和信息', '0', '0', '0', '23', '0');
INSERT INTO `upms_org` VALUES ('68', 'newMemberDefaultOrg', '新成员默认组织', '67', '0', '0', '23', '0');
INSERT INTO `upms_org` VALUES ('69', '13211111111', '13211111111', '0', '0', '0', '24', '0');
INSERT INTO `upms_org` VALUES ('70', 'newMemberDefaultOrg', '新成员默认组织', '69', '0', '0', '24', '0');
INSERT INTO `upms_org` VALUES ('71', 'asdfasdf', 'asdfasdf', '0', '0', '0', '25', '0');
INSERT INTO `upms_org` VALUES ('72', 'newMemberDefaultOrg', '新成员默认组织', '71', '0', '0', '25', '0');
INSERT INTO `upms_org` VALUES ('73', '1111111', 'dfdffd', '0', '0', '0', '26', '0');
INSERT INTO `upms_org` VALUES ('74', 'newMemberDefaultOrg', '新成员默认组织', '73', '0', '0', '26', '0');
INSERT INTO `upms_org` VALUES ('75', '111sww', '1111121', '0', '0', '0', '27', '0');
INSERT INTO `upms_org` VALUES ('76', 'newMemberDefaultOrg', '新成员默认组织', '75', '0', '0', '27', '0');
INSERT INTO `upms_org` VALUES ('77', '111', '111', '59', '1', '1', '20', null);
INSERT INTO `upms_org` VALUES ('78', '123132', '12312', '60', '1', '2', '20', null);
INSERT INTO `upms_org` VALUES ('79', '123', '123123', '77', '1', '12', '20', null);
INSERT INTO `upms_org` VALUES ('80', '1232332', '123321', '78', '1', '3', '20', null);
INSERT INTO `upms_org` VALUES ('81', '112321321', '1213123123213', '0', '0', '0', '28', '0');
INSERT INTO `upms_org` VALUES ('82', 'newMemberDefaultOrg', '新成员默认组织', '81', '0', '0', '28', '0');
INSERT INTO `upms_org` VALUES ('83', '01', '上海售后营业部', '41', '1', '1', '15', null);
INSERT INTO `upms_org` VALUES ('84', '12345678', 'test123', '0', '0', '0', '29', '0');
INSERT INTO `upms_org` VALUES ('85', 'newMemberDefaultOrg', '新成员默认组织', '84', '0', '0', '29', '0');
INSERT INTO `upms_org` VALUES ('86', '10001', '第二家', '41', '-1', '11', '15', null);
INSERT INTO `upms_org` VALUES ('87', 'ABC', '啊啊', '61', '1', '2', '15', null);
INSERT INTO `upms_org` VALUES ('88', '1111', '测试企业SSC', '0', '0', '0', '30', '0');
INSERT INTO `upms_org` VALUES ('89', 'newMemberDefaultOrg', '新成员默认组织', '88', '0', '0', '30', '0');
INSERT INTO `upms_org` VALUES ('90', 'org1', '机构1', '88', '1', '1', '30', null);
INSERT INTO `upms_org` VALUES ('91', 'org2', '结构2', '88', '1', '2', '30', null);
INSERT INTO `upms_org` VALUES ('92', 'testOrg', '测试组织', '91', '1', '1', '30', null);
INSERT INTO `upms_org` VALUES ('93', '11', '11', '88', '1', '1', '30', null);
INSERT INTO `upms_org` VALUES ('94', 'testCompany', '测试企业', '88', '1', '0', '30', null);
INSERT INTO `upms_org` VALUES ('95', 'yanfa', '研发部', '94', '1', '0', '30', null);
INSERT INTO `upms_org` VALUES ('96', '111', 'fast', '88', '1', '1', '30', null);
INSERT INTO `upms_org` VALUES ('97', 'csb', '测试部', '94', '1', '2', '30', null);
INSERT INTO `upms_org` VALUES ('98', 'gd', '广东分公司', '88', '1', '1', '30', null);
INSERT INTO `upms_org` VALUES ('99', '111111', '测试部门', '94', '1', '3', '30', null);
INSERT INTO `upms_org` VALUES ('100', 'test1', '测试岗位', '99', '-1', '1', '30', null);
INSERT INTO `upms_org` VALUES ('101', 'test2', '测试岗位1', '100', '-1', '1', '30', null);
INSERT INTO `upms_org` VALUES ('102', 'test22', '测试2', '101', '-1', '1', '30', null);
INSERT INTO `upms_org` VALUES ('103', 'test3', '测试3', '102', '-1', '1', '30', null);
INSERT INTO `upms_org` VALUES ('104', 'test4', '测试4', '103', '-1', '1', '30', null);
INSERT INTO `upms_org` VALUES ('105', 'test5', 'test5', '104', '-1', '1', '30', null);
INSERT INTO `upms_org` VALUES ('106', '333', 'wptest', '88', '1', '1', '30', null);
INSERT INTO `upms_org` VALUES ('107', '812组织机构代码', '812组织机构名称', '88', '1', '3', '30', null);
INSERT INTO `upms_org` VALUES ('108', 'cwb', '财务部', '98', '1', '1', '30', null);
INSERT INTO `upms_org` VALUES ('109', '011111111', 'testr', '95', '1', '10', '30', null);

-- ----------------------------
-- Table structure for upms_org_member
-- ----------------------------
DROP TABLE IF EXISTS `upms_org_member`;
CREATE TABLE `upms_org_member` (
  `org_member_id` int(11) NOT NULL AUTO_INCREMENT,
  `org_id` int(11) NOT NULL DEFAULT '0',
  `member_id` int(11) NOT NULL DEFAULT '0',
  `tenant_id` bigint(20) DEFAULT NULL,
  PRIMARY KEY (`org_member_id`)
) ENGINE=InnoDB AUTO_INCREMENT=117 DEFAULT CHARSET=utf8;

-- ----------------------------
-- Records of upms_org_member
-- ----------------------------
INSERT INTO `upms_org_member` VALUES ('38', '42', '25', '15');
INSERT INTO `upms_org_member` VALUES ('40', '48', '26', null);
INSERT INTO `upms_org_member` VALUES ('41', '50', '27', null);
INSERT INTO `upms_org_member` VALUES ('42', '52', '28', null);
INSERT INTO `upms_org_member` VALUES ('43', '55', '29', null);
INSERT INTO `upms_org_member` VALUES ('44', '42', '24', '15');
INSERT INTO `upms_org_member` VALUES ('51', '43', '25', '15');
INSERT INTO `upms_org_member` VALUES ('52', '44', '25', '15');
INSERT INTO `upms_org_member` VALUES ('53', '45', '25', '15');
INSERT INTO `upms_org_member` VALUES ('54', '57', '25', '15');
INSERT INTO `upms_org_member` VALUES ('55', '47', '25', '15');
INSERT INTO `upms_org_member` VALUES ('56', '54', '25', '15');
INSERT INTO `upms_org_member` VALUES ('57', '41', '25', '15');
INSERT INTO `upms_org_member` VALUES ('58', '59', '30', null);
INSERT INTO `upms_org_member` VALUES ('59', '43', '24', '15');
INSERT INTO `upms_org_member` VALUES ('60', '44', '24', '15');
INSERT INTO `upms_org_member` VALUES ('61', '62', '31', null);
INSERT INTO `upms_org_member` VALUES ('62', '65', '32', null);
INSERT INTO `upms_org_member` VALUES ('63', '67', '33', null);
INSERT INTO `upms_org_member` VALUES ('64', '69', '34', null);
INSERT INTO `upms_org_member` VALUES ('65', '71', '35', null);
INSERT INTO `upms_org_member` VALUES ('66', '73', '36', null);
INSERT INTO `upms_org_member` VALUES ('67', '75', '37', null);
INSERT INTO `upms_org_member` VALUES ('68', '59', '30', '20');
INSERT INTO `upms_org_member` VALUES ('69', '60', '30', '20');
INSERT INTO `upms_org_member` VALUES ('70', '60', '38', '20');
INSERT INTO `upms_org_member` VALUES ('71', '59', '38', '20');
INSERT INTO `upms_org_member` VALUES ('72', '77', '38', '20');
INSERT INTO `upms_org_member` VALUES ('73', '80', '38', '20');
INSERT INTO `upms_org_member` VALUES ('74', '81', '39', null);
INSERT INTO `upms_org_member` VALUES ('75', '83', '25', '15');
INSERT INTO `upms_org_member` VALUES ('76', '84', '40', null);
INSERT INTO `upms_org_member` VALUES ('78', '88', '41', null);
INSERT INTO `upms_org_member` VALUES ('79', '89', '42', '30');
INSERT INTO `upms_org_member` VALUES ('82', '88', '42', '30');
INSERT INTO `upms_org_member` VALUES ('83', '88', '41', '30');
INSERT INTO `upms_org_member` VALUES ('88', '94', '43', '30');
INSERT INTO `upms_org_member` VALUES ('89', '95', '43', '30');
INSERT INTO `upms_org_member` VALUES ('90', '94', '41', '30');
INSERT INTO `upms_org_member` VALUES ('91', '95', '41', '30');
INSERT INTO `upms_org_member` VALUES ('92', '89', '44', '30');
INSERT INTO `upms_org_member` VALUES ('93', '93', '44', '30');
INSERT INTO `upms_org_member` VALUES ('95', '89', '45', '30');
INSERT INTO `upms_org_member` VALUES ('97', '95', '46', '30');
INSERT INTO `upms_org_member` VALUES ('100', '107', '45', '30');
INSERT INTO `upms_org_member` VALUES ('101', '107', '47', '30');
INSERT INTO `upms_org_member` VALUES ('108', '107', '48', '30');
INSERT INTO `upms_org_member` VALUES ('109', '95', '48', '30');
INSERT INTO `upms_org_member` VALUES ('110', '97', '48', '30');
INSERT INTO `upms_org_member` VALUES ('111', '99', '48', '30');
INSERT INTO `upms_org_member` VALUES ('112', '89', '189', '30');
INSERT INTO `upms_org_member` VALUES ('113', '95', '189', '30');
INSERT INTO `upms_org_member` VALUES ('114', '97', '189', '30');
INSERT INTO `upms_org_member` VALUES ('115', '90', '189', '30');
INSERT INTO `upms_org_member` VALUES ('116', '89', '190', '30');

-- ----------------------------
-- Table structure for upms_role
-- ----------------------------
DROP TABLE IF EXISTS `upms_role`;
CREATE TABLE `upms_role` (
  `role_id` int(11) NOT NULL AUTO_INCREMENT,
  `role_name` varchar(255) DEFAULT NULL,
  `role_code` varchar(255) NOT NULL DEFAULT '',
  `role_source` int(11) DEFAULT NULL,
  `data_power` int(11) NOT NULL DEFAULT '0',
  `app_id` bigint(20) DEFAULT NULL,
  `tenant_id` bigint(20) DEFAULT NULL,
  `num` int(11) NOT NULL DEFAULT '0',
  `create_time` datetime DEFAULT NULL,
  `state` int(11) NOT NULL DEFAULT '1',
  `role_type` int(11) NOT NULL DEFAULT '1',
  `org_id` bigint(20) DEFAULT '0',
  PRIMARY KEY (`role_id`)
) ENGINE=InnoDB AUTO_INCREMENT=47 DEFAULT CHARSET=utf8;

-- ----------------------------
-- Records of upms_role
-- ----------------------------
INSERT INTO `upms_role` VALUES ('18', '系统权限管理员', 'upmsSuperRole', '0', '0', '12', null, '1', '2019-12-01 22:23:35', '1', '1', '0');
INSERT INTO `upms_role` VALUES ('19', '新成员默认角色', 'newMemberDefaultRole', '0', '6', '12', null, '2', '2019-12-01 22:23:35', '1', '0', '0');
INSERT INTO `upms_role` VALUES ('20', '自定义角色01', 'zdy01', '1', '3', null, '15', '0', '2019-12-01 22:23:35', '1', '0', '41');
INSERT INTO `upms_role` VALUES ('21', '新成员默认角色2', 'newMemberRole2', '1', '3', null, '15', '0', '2019-12-01 22:23:35', '1', '0', '42');
INSERT INTO `upms_role` VALUES ('22', '批次管理超级管理员', 'pcglSuperRole', '0', '0', '13', null, '1', '2019-12-01 22:23:35', '1', '1', '0');
INSERT INTO `upms_role` VALUES ('23', 'sxx', '3', '1', '0', null, '20', '0', '2019-12-01 22:23:35', '-1', '0', '60');
INSERT INTO `upms_role` VALUES ('24', '123123', '123', '1', '6', null, '20', '0', '2019-12-01 22:23:35', '-1', '1', '59');
INSERT INTO `upms_role` VALUES ('25', '99', '12321', '0', '0', '18', null, '213', '2019-12-01 22:23:35', '1', '1', '0');
INSERT INTO `upms_role` VALUES ('26', '批次1111', '123123', '0', '0', '16', null, '213123', '2019-12-01 22:23:35', '1', '1', '0');
INSERT INTO `upms_role` VALUES ('27', '营业部管理员', '营业部管理员', '1', '1', null, '15', '0', '2019-12-01 22:23:35', '1', '0', '41');
INSERT INTO `upms_role` VALUES ('28', '1', '1', '1', '5', null, '15', '0', '2019-12-01 22:23:35', '1', '0', '83');
INSERT INTO `upms_role` VALUES ('29', '22', '222', '1', '0', null, '15', '0', '2019-12-01 22:23:35', '1', '0', '83');
INSERT INTO `upms_role` VALUES ('30', '111', '111', '0', '1', '13', null, '1', '2019-12-01 22:23:35', '1', '0', '0');
INSERT INTO `upms_role` VALUES ('31', '2222', '2222', '0', '0', '13', null, '2', '2019-12-01 22:23:35', '1', '0', '0');
INSERT INTO `upms_role` VALUES ('32', '3333', '3333', '1', '0', null, '30', '0', '2019-12-01 22:23:35', '2', '1', '88');
INSERT INTO `upms_role` VALUES ('33', '测试组织角色', 'TestRole', '1', '1', null, '30', '0', '2019-12-01 22:23:35', '1', '0', '89');
INSERT INTO `upms_role` VALUES ('34', 'ceshi', '1111', '1', '5', null, '30', '0', '2019-12-01 22:23:35', '1', '0', '94');
INSERT INTO `upms_role` VALUES ('35', 'ceshi ', '11111', '0', '0', '12', null, '2', '2020-08-06 06:52:20', '1', '0', '0');
INSERT INTO `upms_role` VALUES ('36', '下单员', 'xdy', '1', '4', null, '30', '0', '2020-08-06 08:25:26', '1', '0', '95');
INSERT INTO `upms_role` VALUES ('37', 'wp', 'wp', '1', '4', null, '30', '0', '2020-08-12 02:41:27', '1', '0', '95');
INSERT INTO `upms_role` VALUES ('38', '812基础角色', '812管理员角色', '1', '4', null, '30', '0', '2020-08-12 04:14:35', '1', '0', '95');
INSERT INTO `upms_role` VALUES ('39', '812成员角色', '812成员角色', '1', '5', null, '30', '0', '2020-08-12 04:59:20', '1', '1', '88');
INSERT INTO `upms_role` VALUES ('40', '812预制角色', '812预制角色', '0', '0', '12', null, '3', '2020-08-12 05:08:39', '1', '1', '0');
INSERT INTO `upms_role` VALUES ('41', '812部长添加的角色', '123123', '1', '6', null, '30', '0', '2020-08-12 10:34:30', '1', '0', '107');
INSERT INTO `upms_role` VALUES ('42', '管理员', '1111111', '0', '4', '22', '23', '1', '2020-08-15 02:28:24', '1', '0', '0');
INSERT INTO `upms_role` VALUES ('43', '管理员组织成员角色', '12312321', '0', '4', '22', null, '2', '2020-08-15 03:17:16', '1', '1', '0');
INSERT INTO `upms_role` VALUES ('44', '自定义预制管理员角色', '342534', '0', '4', '13', null, '1', '2020-08-15 03:34:20', '1', '1', '0');
INSERT INTO `upms_role` VALUES ('45', '22', '333', '0', '0', '12', null, '333', '2020-08-20 02:21:21', '1', '1', '0');
INSERT INTO `upms_role` VALUES ('46', '测试111', '测试111', '0', '0', '12', null, '2', '2020-08-20 02:27:34', '1', '0', '0');

-- ----------------------------
-- Table structure for upms_role_member
-- ----------------------------
DROP TABLE IF EXISTS `upms_role_member`;
CREATE TABLE `upms_role_member` (
  `role_member_id` int(11) NOT NULL AUTO_INCREMENT,
  `role_id` int(11) NOT NULL,
  `member_id` int(11) NOT NULL,
  `tenant_id` bigint(20) NOT NULL,
  `state` tinyint(4) NOT NULL,
  PRIMARY KEY (`role_member_id`)
) ENGINE=InnoDB AUTO_INCREMENT=83 DEFAULT CHARSET=utf8;

-- ----------------------------
-- Records of upms_role_member
-- ----------------------------
INSERT INTO `upms_role_member` VALUES ('26', '18', '24', '15', '0');
INSERT INTO `upms_role_member` VALUES ('30', '22', '24', '15', '1');
INSERT INTO `upms_role_member` VALUES ('31', '18', '25', '15', '1');
INSERT INTO `upms_role_member` VALUES ('32', '18', '26', '16', '0');
INSERT INTO `upms_role_member` VALUES ('33', '18', '27', '17', '0');
INSERT INTO `upms_role_member` VALUES ('34', '18', '28', '18', '0');
INSERT INTO `upms_role_member` VALUES ('35', '18', '29', '19', '0');
INSERT INTO `upms_role_member` VALUES ('36', '18', '30', '20', '0');
INSERT INTO `upms_role_member` VALUES ('38', '22', '25', '15', '1');
INSERT INTO `upms_role_member` VALUES ('39', '22', '31', '21', '0');
INSERT INTO `upms_role_member` VALUES ('40', '19', '31', '21', '0');
INSERT INTO `upms_role_member` VALUES ('41', '18', '31', '21', '0');
INSERT INTO `upms_role_member` VALUES ('42', '22', '32', '22', '0');
INSERT INTO `upms_role_member` VALUES ('43', '19', '32', '22', '0');
INSERT INTO `upms_role_member` VALUES ('44', '18', '32', '22', '0');
INSERT INTO `upms_role_member` VALUES ('45', '22', '33', '23', '0');
INSERT INTO `upms_role_member` VALUES ('46', '19', '33', '23', '0');
INSERT INTO `upms_role_member` VALUES ('47', '18', '33', '23', '0');
INSERT INTO `upms_role_member` VALUES ('49', '22', '30', '20', '1');
INSERT INTO `upms_role_member` VALUES ('50', '22', '34', '24', '0');
INSERT INTO `upms_role_member` VALUES ('51', '19', '34', '24', '0');
INSERT INTO `upms_role_member` VALUES ('52', '18', '34', '24', '0');
INSERT INTO `upms_role_member` VALUES ('53', '22', '35', '25', '0');
INSERT INTO `upms_role_member` VALUES ('54', '19', '35', '25', '0');
INSERT INTO `upms_role_member` VALUES ('55', '18', '35', '25', '0');
INSERT INTO `upms_role_member` VALUES ('56', '22', '36', '26', '0');
INSERT INTO `upms_role_member` VALUES ('57', '19', '36', '26', '0');
INSERT INTO `upms_role_member` VALUES ('58', '18', '36', '26', '0');
INSERT INTO `upms_role_member` VALUES ('59', '22', '37', '27', '0');
INSERT INTO `upms_role_member` VALUES ('60', '19', '37', '27', '0');
INSERT INTO `upms_role_member` VALUES ('61', '18', '37', '27', '0');
INSERT INTO `upms_role_member` VALUES ('63', '22', '39', '28', '0');
INSERT INTO `upms_role_member` VALUES ('64', '19', '39', '28', '0');
INSERT INTO `upms_role_member` VALUES ('65', '18', '39', '28', '0');
INSERT INTO `upms_role_member` VALUES ('66', '22', '40', '29', '0');
INSERT INTO `upms_role_member` VALUES ('67', '19', '40', '29', '0');
INSERT INTO `upms_role_member` VALUES ('68', '18', '40', '29', '0');
INSERT INTO `upms_role_member` VALUES ('69', '22', '41', '30', '0');
INSERT INTO `upms_role_member` VALUES ('70', '19', '41', '30', '0');
INSERT INTO `upms_role_member` VALUES ('71', '18', '41', '30', '0');
INSERT INTO `upms_role_member` VALUES ('72', '26', '41', '30', '1');
INSERT INTO `upms_role_member` VALUES ('73', '18', '42', '30', '1');
INSERT INTO `upms_role_member` VALUES ('75', '18', '44', '30', '1');
INSERT INTO `upms_role_member` VALUES ('79', '40', '47', '30', '1');
INSERT INTO `upms_role_member` VALUES ('80', '40', '45', '30', '1');
INSERT INTO `upms_role_member` VALUES ('81', '39', '48', '30', '1');
INSERT INTO `upms_role_member` VALUES ('82', '39', '47', '30', '1');

-- ----------------------------
-- Table structure for upms_role_menu
-- ----------------------------
DROP TABLE IF EXISTS `upms_role_menu`;
CREATE TABLE `upms_role_menu` (
  `role_menu_id` int(11) NOT NULL AUTO_INCREMENT,
  `role_id` bigint(20) NOT NULL,
  `menu_id` bigint(20) NOT NULL,
  `tenant_id` bigint(20) DEFAULT NULL,
  `app_id` bigint(20) DEFAULT NULL,
  PRIMARY KEY (`role_menu_id`)
) ENGINE=InnoDB AUTO_INCREMENT=774 DEFAULT CHARSET=utf8;

-- ----------------------------
-- Records of upms_role_menu
-- ----------------------------
INSERT INTO `upms_role_menu` VALUES ('254', '19', '33', null, '12');
INSERT INTO `upms_role_menu` VALUES ('255', '19', '14', null, '12');
INSERT INTO `upms_role_menu` VALUES ('256', '19', '12', null, '12');
INSERT INTO `upms_role_menu` VALUES ('257', '18', '12', null, '12');
INSERT INTO `upms_role_menu` VALUES ('258', '18', '98', null, '12');
INSERT INTO `upms_role_menu` VALUES ('259', '18', '96', null, '12');
INSERT INTO `upms_role_menu` VALUES ('260', '18', '92', null, '12');
INSERT INTO `upms_role_menu` VALUES ('261', '18', '13', null, '12');
INSERT INTO `upms_role_menu` VALUES ('262', '18', '97', null, '12');
INSERT INTO `upms_role_menu` VALUES ('263', '18', '95', null, '12');
INSERT INTO `upms_role_menu` VALUES ('264', '18', '94', null, '12');
INSERT INTO `upms_role_menu` VALUES ('265', '18', '93', null, '12');
INSERT INTO `upms_role_menu` VALUES ('266', '18', '91', null, '12');
INSERT INTO `upms_role_menu` VALUES ('267', '18', '33', null, '12');
INSERT INTO `upms_role_menu` VALUES ('268', '18', '14', null, '12');
INSERT INTO `upms_role_menu` VALUES ('269', '18', '35', null, '12');
INSERT INTO `upms_role_menu` VALUES ('270', '18', '34', null, '12');
INSERT INTO `upms_role_menu` VALUES ('271', '18', '88', null, '12');
INSERT INTO `upms_role_menu` VALUES ('272', '18', '87', null, '12');
INSERT INTO `upms_role_menu` VALUES ('273', '18', '86', null, '12');
INSERT INTO `upms_role_menu` VALUES ('274', '18', '90', null, '12');
INSERT INTO `upms_role_menu` VALUES ('275', '18', '89', null, '12');
INSERT INTO `upms_role_menu` VALUES ('276', '18', '22', null, '12');
INSERT INTO `upms_role_menu` VALUES ('277', '18', '17', null, '12');
INSERT INTO `upms_role_menu` VALUES ('278', '18', '15', null, '12');
INSERT INTO `upms_role_menu` VALUES ('279', '18', '23', null, '12');
INSERT INTO `upms_role_menu` VALUES ('280', '18', '24', null, '12');
INSERT INTO `upms_role_menu` VALUES ('281', '18', '25', null, '12');
INSERT INTO `upms_role_menu` VALUES ('282', '18', '26', null, '12');
INSERT INTO `upms_role_menu` VALUES ('283', '18', '27', null, '12');
INSERT INTO `upms_role_menu` VALUES ('284', '18', '28', null, '12');
INSERT INTO `upms_role_menu` VALUES ('285', '18', '29', null, '12');
INSERT INTO `upms_role_menu` VALUES ('286', '18', '30', null, '12');
INSERT INTO `upms_role_menu` VALUES ('287', '18', '32', null, '12');
INSERT INTO `upms_role_menu` VALUES ('288', '18', '31', null, '12');
INSERT INTO `upms_role_menu` VALUES ('289', '18', '16', null, '12');
INSERT INTO `upms_role_menu` VALUES ('290', '20', '14', '15', null);
INSERT INTO `upms_role_menu` VALUES ('291', '20', '12', '15', null);
INSERT INTO `upms_role_menu` VALUES ('292', '20', '13', '15', null);
INSERT INTO `upms_role_menu` VALUES ('293', '20', '92', '15', null);
INSERT INTO `upms_role_menu` VALUES ('294', '20', '33', '15', null);
INSERT INTO `upms_role_menu` VALUES ('295', '20', '17', '15', null);
INSERT INTO `upms_role_menu` VALUES ('296', '20', '15', '15', null);
INSERT INTO `upms_role_menu` VALUES ('297', '19', '86', null, '12');
INSERT INTO `upms_role_menu` VALUES ('298', '20', '25', '15', null);
INSERT INTO `upms_role_menu` VALUES ('299', '20', '24', '15', null);
INSERT INTO `upms_role_menu` VALUES ('300', '20', '23', '15', null);
INSERT INTO `upms_role_menu` VALUES ('301', '20', '22', '15', null);
INSERT INTO `upms_role_menu` VALUES ('302', '20', '28', '15', null);
INSERT INTO `upms_role_menu` VALUES ('303', '20', '26', '15', null);
INSERT INTO `upms_role_menu` VALUES ('304', '20', '27', '15', null);
INSERT INTO `upms_role_menu` VALUES ('305', '20', '30', '15', null);
INSERT INTO `upms_role_menu` VALUES ('306', '20', '29', '15', null);
INSERT INTO `upms_role_menu` VALUES ('307', '20', '32', '15', null);
INSERT INTO `upms_role_menu` VALUES ('308', '20', '31', '15', null);
INSERT INTO `upms_role_menu` VALUES ('309', '22', '101', null, '13');
INSERT INTO `upms_role_menu` VALUES ('310', '22', '38', null, '13');
INSERT INTO `upms_role_menu` VALUES ('311', '22', '37', null, '13');
INSERT INTO `upms_role_menu` VALUES ('312', '22', '36', null, '13');
INSERT INTO `upms_role_menu` VALUES ('313', '22', '100', null, '13');
INSERT INTO `upms_role_menu` VALUES ('314', '22', '99', null, '13');
INSERT INTO `upms_role_menu` VALUES ('315', '22', '41', null, '13');
INSERT INTO `upms_role_menu` VALUES ('316', '22', '40', null, '13');
INSERT INTO `upms_role_menu` VALUES ('317', '22', '39', null, '13');
INSERT INTO `upms_role_menu` VALUES ('318', '22', '104', null, '13');
INSERT INTO `upms_role_menu` VALUES ('319', '22', '43', null, '13');
INSERT INTO `upms_role_menu` VALUES ('320', '22', '42', null, '13');
INSERT INTO `upms_role_menu` VALUES ('321', '22', '103', null, '13');
INSERT INTO `upms_role_menu` VALUES ('322', '22', '102', null, '13');
INSERT INTO `upms_role_menu` VALUES ('323', '22', '46', null, '13');
INSERT INTO `upms_role_menu` VALUES ('324', '22', '45', null, '13');
INSERT INTO `upms_role_menu` VALUES ('325', '22', '44', null, '13');
INSERT INTO `upms_role_menu` VALUES ('326', '22', '106', null, '13');
INSERT INTO `upms_role_menu` VALUES ('327', '22', '54', null, '13');
INSERT INTO `upms_role_menu` VALUES ('328', '22', '47', null, '13');
INSERT INTO `upms_role_menu` VALUES ('329', '22', '107', null, '13');
INSERT INTO `upms_role_menu` VALUES ('330', '22', '105', null, '13');
INSERT INTO `upms_role_menu` VALUES ('331', '22', '57', null, '13');
INSERT INTO `upms_role_menu` VALUES ('332', '22', '56', null, '13');
INSERT INTO `upms_role_menu` VALUES ('333', '22', '55', null, '13');
INSERT INTO `upms_role_menu` VALUES ('334', '22', '110', null, '13');
INSERT INTO `upms_role_menu` VALUES ('335', '22', '58', null, '13');
INSERT INTO `upms_role_menu` VALUES ('336', '22', '48', null, '13');
INSERT INTO `upms_role_menu` VALUES ('337', '22', '109', null, '13');
INSERT INTO `upms_role_menu` VALUES ('338', '22', '108', null, '13');
INSERT INTO `upms_role_menu` VALUES ('339', '22', '61', null, '13');
INSERT INTO `upms_role_menu` VALUES ('340', '22', '60', null, '13');
INSERT INTO `upms_role_menu` VALUES ('341', '22', '59', null, '13');
INSERT INTO `upms_role_menu` VALUES ('342', '22', '113', null, '13');
INSERT INTO `upms_role_menu` VALUES ('343', '22', '62', null, '13');
INSERT INTO `upms_role_menu` VALUES ('344', '22', '49', null, '13');
INSERT INTO `upms_role_menu` VALUES ('345', '22', '112', null, '13');
INSERT INTO `upms_role_menu` VALUES ('346', '22', '111', null, '13');
INSERT INTO `upms_role_menu` VALUES ('347', '22', '65', null, '13');
INSERT INTO `upms_role_menu` VALUES ('348', '22', '64', null, '13');
INSERT INTO `upms_role_menu` VALUES ('349', '22', '63', null, '13');
INSERT INTO `upms_role_menu` VALUES ('350', '22', '116', null, '13');
INSERT INTO `upms_role_menu` VALUES ('351', '22', '66', null, '13');
INSERT INTO `upms_role_menu` VALUES ('352', '22', '50', null, '13');
INSERT INTO `upms_role_menu` VALUES ('353', '22', '115', null, '13');
INSERT INTO `upms_role_menu` VALUES ('354', '22', '114', null, '13');
INSERT INTO `upms_role_menu` VALUES ('355', '22', '69', null, '13');
INSERT INTO `upms_role_menu` VALUES ('356', '22', '68', null, '13');
INSERT INTO `upms_role_menu` VALUES ('357', '22', '67', null, '13');
INSERT INTO `upms_role_menu` VALUES ('358', '22', '119', null, '13');
INSERT INTO `upms_role_menu` VALUES ('359', '22', '70', null, '13');
INSERT INTO `upms_role_menu` VALUES ('360', '22', '51', null, '13');
INSERT INTO `upms_role_menu` VALUES ('361', '22', '118', null, '13');
INSERT INTO `upms_role_menu` VALUES ('362', '22', '117', null, '13');
INSERT INTO `upms_role_menu` VALUES ('363', '22', '73', null, '13');
INSERT INTO `upms_role_menu` VALUES ('364', '22', '72', null, '13');
INSERT INTO `upms_role_menu` VALUES ('365', '22', '71', null, '13');
INSERT INTO `upms_role_menu` VALUES ('366', '22', '122', null, '13');
INSERT INTO `upms_role_menu` VALUES ('367', '22', '74', null, '13');
INSERT INTO `upms_role_menu` VALUES ('368', '22', '52', null, '13');
INSERT INTO `upms_role_menu` VALUES ('369', '22', '121', null, '13');
INSERT INTO `upms_role_menu` VALUES ('370', '22', '120', null, '13');
INSERT INTO `upms_role_menu` VALUES ('371', '22', '77', null, '13');
INSERT INTO `upms_role_menu` VALUES ('372', '22', '76', null, '13');
INSERT INTO `upms_role_menu` VALUES ('373', '22', '75', null, '13');
INSERT INTO `upms_role_menu` VALUES ('374', '22', '125', null, '13');
INSERT INTO `upms_role_menu` VALUES ('375', '22', '78', null, '13');
INSERT INTO `upms_role_menu` VALUES ('376', '22', '53', null, '13');
INSERT INTO `upms_role_menu` VALUES ('377', '22', '124', null, '13');
INSERT INTO `upms_role_menu` VALUES ('378', '22', '123', null, '13');
INSERT INTO `upms_role_menu` VALUES ('379', '22', '81', null, '13');
INSERT INTO `upms_role_menu` VALUES ('380', '22', '80', null, '13');
INSERT INTO `upms_role_menu` VALUES ('381', '22', '79', null, '13');
INSERT INTO `upms_role_menu` VALUES ('382', '19', '92', null, '12');
INSERT INTO `upms_role_menu` VALUES ('383', '19', '13', null, '12');
INSERT INTO `upms_role_menu` VALUES ('384', '26', '190', null, '16');
INSERT INTO `upms_role_menu` VALUES ('385', '29', '12', '15', null);
INSERT INTO `upms_role_menu` VALUES ('386', '29', '13', '15', null);
INSERT INTO `upms_role_menu` VALUES ('387', '29', '93', '15', null);
INSERT INTO `upms_role_menu` VALUES ('388', '29', '92', '15', null);
INSERT INTO `upms_role_menu` VALUES ('389', '29', '94', '15', null);
INSERT INTO `upms_role_menu` VALUES ('390', '29', '95', '15', null);
INSERT INTO `upms_role_menu` VALUES ('391', '29', '98', '15', null);
INSERT INTO `upms_role_menu` VALUES ('392', '29', '96', '15', null);
INSERT INTO `upms_role_menu` VALUES ('393', '29', '97', '15', null);
INSERT INTO `upms_role_menu` VALUES ('400', '30', '36', null, '13');
INSERT INTO `upms_role_menu` VALUES ('401', '30', '37', null, '13');
INSERT INTO `upms_role_menu` VALUES ('402', '30', '38', null, '13');
INSERT INTO `upms_role_menu` VALUES ('403', '30', '39', null, '13');
INSERT INTO `upms_role_menu` VALUES ('404', '30', '40', null, '13');
INSERT INTO `upms_role_menu` VALUES ('405', '30', '41', null, '13');
INSERT INTO `upms_role_menu` VALUES ('406', '30', '99', null, '13');
INSERT INTO `upms_role_menu` VALUES ('407', '30', '100', null, '13');
INSERT INTO `upms_role_menu` VALUES ('408', '30', '101', null, '13');
INSERT INTO `upms_role_menu` VALUES ('409', '19', '16', null, '12');
INSERT INTO `upms_role_menu` VALUES ('410', '30', '42', null, '13');
INSERT INTO `upms_role_menu` VALUES ('411', '30', '43', null, '13');
INSERT INTO `upms_role_menu` VALUES ('412', '30', '44', null, '13');
INSERT INTO `upms_role_menu` VALUES ('413', '30', '46', null, '13');
INSERT INTO `upms_role_menu` VALUES ('414', '30', '45', null, '13');
INSERT INTO `upms_role_menu` VALUES ('415', '30', '102', null, '13');
INSERT INTO `upms_role_menu` VALUES ('416', '30', '103', null, '13');
INSERT INTO `upms_role_menu` VALUES ('417', '30', '104', null, '13');
INSERT INTO `upms_role_menu` VALUES ('418', '22', '195', null, '13');
INSERT INTO `upms_role_menu` VALUES ('419', '31', '36', null, '13');
INSERT INTO `upms_role_menu` VALUES ('420', '31', '37', null, '13');
INSERT INTO `upms_role_menu` VALUES ('421', '31', '38', null, '13');
INSERT INTO `upms_role_menu` VALUES ('422', '31', '40', null, '13');
INSERT INTO `upms_role_menu` VALUES ('423', '31', '39', null, '13');
INSERT INTO `upms_role_menu` VALUES ('424', '31', '41', null, '13');
INSERT INTO `upms_role_menu` VALUES ('425', '31', '99', null, '13');
INSERT INTO `upms_role_menu` VALUES ('426', '31', '100', null, '13');
INSERT INTO `upms_role_menu` VALUES ('427', '31', '101', null, '13');
INSERT INTO `upms_role_menu` VALUES ('428', '31', '42', null, '13');
INSERT INTO `upms_role_menu` VALUES ('429', '31', '43', null, '13');
INSERT INTO `upms_role_menu` VALUES ('430', '31', '44', null, '13');
INSERT INTO `upms_role_menu` VALUES ('431', '31', '45', null, '13');
INSERT INTO `upms_role_menu` VALUES ('432', '31', '46', null, '13');
INSERT INTO `upms_role_menu` VALUES ('433', '31', '102', null, '13');
INSERT INTO `upms_role_menu` VALUES ('434', '31', '103', null, '13');
INSERT INTO `upms_role_menu` VALUES ('435', '31', '104', null, '13');
INSERT INTO `upms_role_menu` VALUES ('436', '32', '12', '30', null);
INSERT INTO `upms_role_menu` VALUES ('437', '32', '13', '30', null);
INSERT INTO `upms_role_menu` VALUES ('438', '32', '92', '30', null);
INSERT INTO `upms_role_menu` VALUES ('439', '32', '93', '30', null);
INSERT INTO `upms_role_menu` VALUES ('440', '32', '94', '30', null);
INSERT INTO `upms_role_menu` VALUES ('441', '32', '95', '30', null);
INSERT INTO `upms_role_menu` VALUES ('442', '32', '96', '30', null);
INSERT INTO `upms_role_menu` VALUES ('443', '32', '98', '30', null);
INSERT INTO `upms_role_menu` VALUES ('444', '32', '97', '30', null);
INSERT INTO `upms_role_menu` VALUES ('445', '33', '12', '30', null);
INSERT INTO `upms_role_menu` VALUES ('446', '33', '13', '30', null);
INSERT INTO `upms_role_menu` VALUES ('447', '33', '92', '30', null);
INSERT INTO `upms_role_menu` VALUES ('448', '33', '93', '30', null);
INSERT INTO `upms_role_menu` VALUES ('449', '33', '94', '30', null);
INSERT INTO `upms_role_menu` VALUES ('450', '33', '95', '30', null);
INSERT INTO `upms_role_menu` VALUES ('451', '33', '96', '30', null);
INSERT INTO `upms_role_menu` VALUES ('452', '33', '98', '30', null);
INSERT INTO `upms_role_menu` VALUES ('453', '33', '97', '30', null);
INSERT INTO `upms_role_menu` VALUES ('454', '33', '14', '30', null);
INSERT INTO `upms_role_menu` VALUES ('455', '33', '15', '30', null);
INSERT INTO `upms_role_menu` VALUES ('456', '33', '33', '30', null);
INSERT INTO `upms_role_menu` VALUES ('457', '33', '34', '30', null);
INSERT INTO `upms_role_menu` VALUES ('458', '33', '35', '30', null);
INSERT INTO `upms_role_menu` VALUES ('459', '33', '91', '30', null);
INSERT INTO `upms_role_menu` VALUES ('460', '33', '86', '30', null);
INSERT INTO `upms_role_menu` VALUES ('461', '33', '87', '30', null);
INSERT INTO `upms_role_menu` VALUES ('462', '33', '88', '30', null);
INSERT INTO `upms_role_menu` VALUES ('463', '33', '89', '30', null);
INSERT INTO `upms_role_menu` VALUES ('464', '33', '90', '30', null);
INSERT INTO `upms_role_menu` VALUES ('465', '33', '16', '30', null);
INSERT INTO `upms_role_menu` VALUES ('466', '33', '36', '30', null);
INSERT INTO `upms_role_menu` VALUES ('467', '33', '37', '30', null);
INSERT INTO `upms_role_menu` VALUES ('468', '33', '38', '30', null);
INSERT INTO `upms_role_menu` VALUES ('469', '33', '39', '30', null);
INSERT INTO `upms_role_menu` VALUES ('470', '33', '40', '30', null);
INSERT INTO `upms_role_menu` VALUES ('471', '33', '41', '30', null);
INSERT INTO `upms_role_menu` VALUES ('472', '33', '99', '30', null);
INSERT INTO `upms_role_menu` VALUES ('473', '33', '100', '30', null);
INSERT INTO `upms_role_menu` VALUES ('474', '33', '101', '30', null);
INSERT INTO `upms_role_menu` VALUES ('475', '33', '42', '30', null);
INSERT INTO `upms_role_menu` VALUES ('476', '33', '43', '30', null);
INSERT INTO `upms_role_menu` VALUES ('477', '33', '44', '30', null);
INSERT INTO `upms_role_menu` VALUES ('478', '33', '45', '30', null);
INSERT INTO `upms_role_menu` VALUES ('479', '33', '46', '30', null);
INSERT INTO `upms_role_menu` VALUES ('480', '33', '102', '30', null);
INSERT INTO `upms_role_menu` VALUES ('481', '33', '103', '30', null);
INSERT INTO `upms_role_menu` VALUES ('482', '33', '104', '30', null);
INSERT INTO `upms_role_menu` VALUES ('483', '33', '47', '30', null);
INSERT INTO `upms_role_menu` VALUES ('484', '33', '54', '30', null);
INSERT INTO `upms_role_menu` VALUES ('485', '33', '55', '30', null);
INSERT INTO `upms_role_menu` VALUES ('486', '33', '56', '30', null);
INSERT INTO `upms_role_menu` VALUES ('487', '33', '57', '30', null);
INSERT INTO `upms_role_menu` VALUES ('488', '33', '105', '30', null);
INSERT INTO `upms_role_menu` VALUES ('489', '33', '107', '30', null);
INSERT INTO `upms_role_menu` VALUES ('490', '33', '106', '30', null);
INSERT INTO `upms_role_menu` VALUES ('491', '33', '48', '30', null);
INSERT INTO `upms_role_menu` VALUES ('492', '33', '58', '30', null);
INSERT INTO `upms_role_menu` VALUES ('493', '33', '59', '30', null);
INSERT INTO `upms_role_menu` VALUES ('494', '33', '60', '30', null);
INSERT INTO `upms_role_menu` VALUES ('495', '33', '61', '30', null);
INSERT INTO `upms_role_menu` VALUES ('496', '33', '108', '30', null);
INSERT INTO `upms_role_menu` VALUES ('497', '33', '109', '30', null);
INSERT INTO `upms_role_menu` VALUES ('498', '33', '110', '30', null);
INSERT INTO `upms_role_menu` VALUES ('499', '33', '49', '30', null);
INSERT INTO `upms_role_menu` VALUES ('500', '33', '62', '30', null);
INSERT INTO `upms_role_menu` VALUES ('501', '33', '63', '30', null);
INSERT INTO `upms_role_menu` VALUES ('502', '33', '64', '30', null);
INSERT INTO `upms_role_menu` VALUES ('503', '33', '65', '30', null);
INSERT INTO `upms_role_menu` VALUES ('504', '33', '111', '30', null);
INSERT INTO `upms_role_menu` VALUES ('505', '33', '112', '30', null);
INSERT INTO `upms_role_menu` VALUES ('506', '33', '113', '30', null);
INSERT INTO `upms_role_menu` VALUES ('507', '34', '12', '30', null);
INSERT INTO `upms_role_menu` VALUES ('508', '34', '93', '30', null);
INSERT INTO `upms_role_menu` VALUES ('509', '34', '88', '30', null);
INSERT INTO `upms_role_menu` VALUES ('510', '34', '87', '30', null);
INSERT INTO `upms_role_menu` VALUES ('511', '34', '86', '30', null);
INSERT INTO `upms_role_menu` VALUES ('512', '34', '14', '30', null);
INSERT INTO `upms_role_menu` VALUES ('513', '34', '92', '30', null);
INSERT INTO `upms_role_menu` VALUES ('514', '34', '91', '30', null);
INSERT INTO `upms_role_menu` VALUES ('515', '34', '33', '30', null);
INSERT INTO `upms_role_menu` VALUES ('516', '34', '13', '30', null);
INSERT INTO `upms_role_menu` VALUES ('517', '34', '94', '30', null);
INSERT INTO `upms_role_menu` VALUES ('518', '34', '95', '30', null);
INSERT INTO `upms_role_menu` VALUES ('519', '34', '98', '30', null);
INSERT INTO `upms_role_menu` VALUES ('520', '34', '96', '30', null);
INSERT INTO `upms_role_menu` VALUES ('521', '34', '97', '30', null);
INSERT INTO `upms_role_menu` VALUES ('522', '34', '35', '30', null);
INSERT INTO `upms_role_menu` VALUES ('523', '34', '34', '30', null);
INSERT INTO `upms_role_menu` VALUES ('524', '34', '90', '30', null);
INSERT INTO `upms_role_menu` VALUES ('525', '34', '89', '30', null);
INSERT INTO `upms_role_menu` VALUES ('526', '34', '22', '30', null);
INSERT INTO `upms_role_menu` VALUES ('527', '34', '17', '30', null);
INSERT INTO `upms_role_menu` VALUES ('528', '34', '15', '30', null);
INSERT INTO `upms_role_menu` VALUES ('529', '34', '27', '30', null);
INSERT INTO `upms_role_menu` VALUES ('530', '34', '26', '30', null);
INSERT INTO `upms_role_menu` VALUES ('531', '34', '24', '30', null);
INSERT INTO `upms_role_menu` VALUES ('532', '34', '25', '30', null);
INSERT INTO `upms_role_menu` VALUES ('533', '34', '23', '30', null);
INSERT INTO `upms_role_menu` VALUES ('534', '34', '30', '30', null);
INSERT INTO `upms_role_menu` VALUES ('535', '34', '29', '30', null);
INSERT INTO `upms_role_menu` VALUES ('536', '34', '28', '30', null);
INSERT INTO `upms_role_menu` VALUES ('537', '34', '32', '30', null);
INSERT INTO `upms_role_menu` VALUES ('538', '34', '31', '30', null);
INSERT INTO `upms_role_menu` VALUES ('539', '34', '39', '30', null);
INSERT INTO `upms_role_menu` VALUES ('540', '34', '38', '30', null);
INSERT INTO `upms_role_menu` VALUES ('541', '34', '37', '30', null);
INSERT INTO `upms_role_menu` VALUES ('542', '34', '36', '30', null);
INSERT INTO `upms_role_menu` VALUES ('543', '34', '44', '30', null);
INSERT INTO `upms_role_menu` VALUES ('544', '34', '43', '30', null);
INSERT INTO `upms_role_menu` VALUES ('545', '34', '42', '30', null);
INSERT INTO `upms_role_menu` VALUES ('546', '34', '106', '30', null);
INSERT INTO `upms_role_menu` VALUES ('547', '34', '54', '30', null);
INSERT INTO `upms_role_menu` VALUES ('548', '34', '47', '30', null);
INSERT INTO `upms_role_menu` VALUES ('549', '34', '110', '30', null);
INSERT INTO `upms_role_menu` VALUES ('550', '34', '58', '30', null);
INSERT INTO `upms_role_menu` VALUES ('551', '34', '48', '30', null);
INSERT INTO `upms_role_menu` VALUES ('552', '34', '113', '30', null);
INSERT INTO `upms_role_menu` VALUES ('553', '34', '62', '30', null);
INSERT INTO `upms_role_menu` VALUES ('554', '34', '49', '30', null);
INSERT INTO `upms_role_menu` VALUES ('555', '34', '116', '30', null);
INSERT INTO `upms_role_menu` VALUES ('556', '34', '66', '30', null);
INSERT INTO `upms_role_menu` VALUES ('557', '34', '50', '30', null);
INSERT INTO `upms_role_menu` VALUES ('558', '35', '12', null, '12');
INSERT INTO `upms_role_menu` VALUES ('559', '35', '13', null, '12');
INSERT INTO `upms_role_menu` VALUES ('560', '35', '92', null, '12');
INSERT INTO `upms_role_menu` VALUES ('561', '35', '93', null, '12');
INSERT INTO `upms_role_menu` VALUES ('562', '35', '94', null, '12');
INSERT INTO `upms_role_menu` VALUES ('563', '35', '95', null, '12');
INSERT INTO `upms_role_menu` VALUES ('564', '35', '96', null, '12');
INSERT INTO `upms_role_menu` VALUES ('565', '35', '98', null, '12');
INSERT INTO `upms_role_menu` VALUES ('566', '35', '97', null, '12');
INSERT INTO `upms_role_menu` VALUES ('567', '35', '14', null, '12');
INSERT INTO `upms_role_menu` VALUES ('568', '35', '33', null, '12');
INSERT INTO `upms_role_menu` VALUES ('569', '37', '92', '30', null);
INSERT INTO `upms_role_menu` VALUES ('570', '37', '91', '30', null);
INSERT INTO `upms_role_menu` VALUES ('571', '37', '88', '30', null);
INSERT INTO `upms_role_menu` VALUES ('572', '37', '87', '30', null);
INSERT INTO `upms_role_menu` VALUES ('573', '37', '86', '30', null);
INSERT INTO `upms_role_menu` VALUES ('574', '37', '14', '30', null);
INSERT INTO `upms_role_menu` VALUES ('575', '37', '12', '30', null);
INSERT INTO `upms_role_menu` VALUES ('576', '37', '33', '30', null);
INSERT INTO `upms_role_menu` VALUES ('577', '37', '13', '30', null);
INSERT INTO `upms_role_menu` VALUES ('578', '37', '94', '30', null);
INSERT INTO `upms_role_menu` VALUES ('579', '37', '93', '30', null);
INSERT INTO `upms_role_menu` VALUES ('583', '38', '12', '30', null);
INSERT INTO `upms_role_menu` VALUES ('589', '38', '14', '30', null);
INSERT INTO `upms_role_menu` VALUES ('590', '38', '33', '30', null);
INSERT INTO `upms_role_menu` VALUES ('591', '38', '34', '30', null);
INSERT INTO `upms_role_menu` VALUES ('592', '38', '35', '30', null);
INSERT INTO `upms_role_menu` VALUES ('593', '38', '91', '30', null);
INSERT INTO `upms_role_menu` VALUES ('594', '38', '86', '30', null);
INSERT INTO `upms_role_menu` VALUES ('595', '38', '87', '30', null);
INSERT INTO `upms_role_menu` VALUES ('596', '38', '89', '30', null);
INSERT INTO `upms_role_menu` VALUES ('597', '38', '15', '30', null);
INSERT INTO `upms_role_menu` VALUES ('598', '38', '17', '30', null);
INSERT INTO `upms_role_menu` VALUES ('599', '38', '22', '30', null);
INSERT INTO `upms_role_menu` VALUES ('600', '38', '23', '30', null);
INSERT INTO `upms_role_menu` VALUES ('601', '38', '24', '30', null);
INSERT INTO `upms_role_menu` VALUES ('602', '38', '25', '30', null);
INSERT INTO `upms_role_menu` VALUES ('603', '38', '26', '30', null);
INSERT INTO `upms_role_menu` VALUES ('604', '38', '36', '30', null);
INSERT INTO `upms_role_menu` VALUES ('605', '38', '38', '30', null);
INSERT INTO `upms_role_menu` VALUES ('606', '38', '37', '30', null);
INSERT INTO `upms_role_menu` VALUES ('607', '38', '67', '30', null);
INSERT INTO `upms_role_menu` VALUES ('608', '38', '66', '30', null);
INSERT INTO `upms_role_menu` VALUES ('609', '38', '50', '30', null);
INSERT INTO `upms_role_menu` VALUES ('616', '40', '12', null, '12');
INSERT INTO `upms_role_menu` VALUES ('617', '40', '13', null, '12');
INSERT INTO `upms_role_menu` VALUES ('618', '40', '92', null, '12');
INSERT INTO `upms_role_menu` VALUES ('619', '40', '93', null, '12');
INSERT INTO `upms_role_menu` VALUES ('620', '40', '94', null, '12');
INSERT INTO `upms_role_menu` VALUES ('621', '40', '95', null, '12');
INSERT INTO `upms_role_menu` VALUES ('622', '40', '96', null, '12');
INSERT INTO `upms_role_menu` VALUES ('623', '40', '98', null, '12');
INSERT INTO `upms_role_menu` VALUES ('624', '40', '97', null, '12');
INSERT INTO `upms_role_menu` VALUES ('625', '40', '14', null, '12');
INSERT INTO `upms_role_menu` VALUES ('626', '40', '33', null, '12');
INSERT INTO `upms_role_menu` VALUES ('627', '40', '34', null, '12');
INSERT INTO `upms_role_menu` VALUES ('628', '40', '35', null, '12');
INSERT INTO `upms_role_menu` VALUES ('629', '40', '91', null, '12');
INSERT INTO `upms_role_menu` VALUES ('630', '40', '86', null, '12');
INSERT INTO `upms_role_menu` VALUES ('631', '40', '87', null, '12');
INSERT INTO `upms_role_menu` VALUES ('632', '40', '88', null, '12');
INSERT INTO `upms_role_menu` VALUES ('633', '40', '89', null, '12');
INSERT INTO `upms_role_menu` VALUES ('634', '40', '90', null, '12');
INSERT INTO `upms_role_menu` VALUES ('635', '40', '15', null, '12');
INSERT INTO `upms_role_menu` VALUES ('636', '40', '17', null, '12');
INSERT INTO `upms_role_menu` VALUES ('637', '40', '22', null, '12');
INSERT INTO `upms_role_menu` VALUES ('638', '40', '23', null, '12');
INSERT INTO `upms_role_menu` VALUES ('639', '40', '24', null, '12');
INSERT INTO `upms_role_menu` VALUES ('640', '40', '25', null, '12');
INSERT INTO `upms_role_menu` VALUES ('641', '40', '26', null, '12');
INSERT INTO `upms_role_menu` VALUES ('642', '40', '27', null, '12');
INSERT INTO `upms_role_menu` VALUES ('643', '40', '28', null, '12');
INSERT INTO `upms_role_menu` VALUES ('644', '40', '29', null, '12');
INSERT INTO `upms_role_menu` VALUES ('645', '40', '30', null, '12');
INSERT INTO `upms_role_menu` VALUES ('646', '40', '31', null, '12');
INSERT INTO `upms_role_menu` VALUES ('647', '40', '32', null, '12');
INSERT INTO `upms_role_menu` VALUES ('648', '40', '16', null, '12');
INSERT INTO `upms_role_menu` VALUES ('649', '38', '13', '30', null);
INSERT INTO `upms_role_menu` VALUES ('650', '38', '92', '30', null);
INSERT INTO `upms_role_menu` VALUES ('651', '38', '93', '30', null);
INSERT INTO `upms_role_menu` VALUES ('652', '38', '94', '30', null);
INSERT INTO `upms_role_menu` VALUES ('653', '38', '95', '30', null);
INSERT INTO `upms_role_menu` VALUES ('654', '38', '96', '30', null);
INSERT INTO `upms_role_menu` VALUES ('655', '38', '98', '30', null);
INSERT INTO `upms_role_menu` VALUES ('656', '38', '97', '30', null);
INSERT INTO `upms_role_menu` VALUES ('657', '39', '26', '30', null);
INSERT INTO `upms_role_menu` VALUES ('658', '39', '17', '30', null);
INSERT INTO `upms_role_menu` VALUES ('659', '39', '15', '30', null);
INSERT INTO `upms_role_menu` VALUES ('660', '39', '12', '30', null);
INSERT INTO `upms_role_menu` VALUES ('661', '39', '22', '30', null);
INSERT INTO `upms_role_menu` VALUES ('662', '39', '23', '30', null);
INSERT INTO `upms_role_menu` VALUES ('663', '39', '24', '30', null);
INSERT INTO `upms_role_menu` VALUES ('664', '39', '25', '30', null);
INSERT INTO `upms_role_menu` VALUES ('665', '39', '27', '30', null);
INSERT INTO `upms_role_menu` VALUES ('666', '39', '28', '30', null);
INSERT INTO `upms_role_menu` VALUES ('667', '39', '29', '30', null);
INSERT INTO `upms_role_menu` VALUES ('668', '39', '30', '30', null);
INSERT INTO `upms_role_menu` VALUES ('669', '39', '31', '30', null);
INSERT INTO `upms_role_menu` VALUES ('670', '39', '32', '30', null);
INSERT INTO `upms_role_menu` VALUES ('671', '41', '90', '30', null);
INSERT INTO `upms_role_menu` VALUES ('672', '41', '89', '30', null);
INSERT INTO `upms_role_menu` VALUES ('673', '41', '14', '30', null);
INSERT INTO `upms_role_menu` VALUES ('674', '41', '12', '30', null);
INSERT INTO `upms_role_menu` VALUES ('675', '42', '198', null, '22');
INSERT INTO `upms_role_menu` VALUES ('676', '42', '200', null, '22');
INSERT INTO `upms_role_menu` VALUES ('677', '42', '202', null, '22');
INSERT INTO `upms_role_menu` VALUES ('680', '42', '201', null, '22');
INSERT INTO `upms_role_menu` VALUES ('681', '43', '200', null, '22');
INSERT INTO `upms_role_menu` VALUES ('682', '43', '198', null, '22');
INSERT INTO `upms_role_menu` VALUES ('684', '43', '202', null, '22');
INSERT INTO `upms_role_menu` VALUES ('686', '43', '201', null, '22');
INSERT INTO `upms_role_menu` VALUES ('687', '44', '36', null, '13');
INSERT INTO `upms_role_menu` VALUES ('688', '44', '37', null, '13');
INSERT INTO `upms_role_menu` VALUES ('689', '44', '38', null, '13');
INSERT INTO `upms_role_menu` VALUES ('690', '44', '39', null, '13');
INSERT INTO `upms_role_menu` VALUES ('691', '44', '40', null, '13');
INSERT INTO `upms_role_menu` VALUES ('692', '44', '41', null, '13');
INSERT INTO `upms_role_menu` VALUES ('693', '44', '99', null, '13');
INSERT INTO `upms_role_menu` VALUES ('694', '44', '100', null, '13');
INSERT INTO `upms_role_menu` VALUES ('695', '44', '101', null, '13');
INSERT INTO `upms_role_menu` VALUES ('696', '44', '42', null, '13');
INSERT INTO `upms_role_menu` VALUES ('697', '44', '43', null, '13');
INSERT INTO `upms_role_menu` VALUES ('698', '44', '44', null, '13');
INSERT INTO `upms_role_menu` VALUES ('699', '44', '45', null, '13');
INSERT INTO `upms_role_menu` VALUES ('700', '44', '46', null, '13');
INSERT INTO `upms_role_menu` VALUES ('701', '44', '102', null, '13');
INSERT INTO `upms_role_menu` VALUES ('702', '44', '103', null, '13');
INSERT INTO `upms_role_menu` VALUES ('703', '44', '104', null, '13');
INSERT INTO `upms_role_menu` VALUES ('704', '44', '47', null, '13');
INSERT INTO `upms_role_menu` VALUES ('705', '44', '54', null, '13');
INSERT INTO `upms_role_menu` VALUES ('706', '44', '55', null, '13');
INSERT INTO `upms_role_menu` VALUES ('707', '44', '56', null, '13');
INSERT INTO `upms_role_menu` VALUES ('708', '44', '57', null, '13');
INSERT INTO `upms_role_menu` VALUES ('709', '44', '105', null, '13');
INSERT INTO `upms_role_menu` VALUES ('710', '44', '107', null, '13');
INSERT INTO `upms_role_menu` VALUES ('711', '44', '106', null, '13');
INSERT INTO `upms_role_menu` VALUES ('712', '44', '48', null, '13');
INSERT INTO `upms_role_menu` VALUES ('713', '44', '58', null, '13');
INSERT INTO `upms_role_menu` VALUES ('714', '44', '59', null, '13');
INSERT INTO `upms_role_menu` VALUES ('715', '44', '60', null, '13');
INSERT INTO `upms_role_menu` VALUES ('716', '44', '61', null, '13');
INSERT INTO `upms_role_menu` VALUES ('717', '44', '108', null, '13');
INSERT INTO `upms_role_menu` VALUES ('718', '44', '109', null, '13');
INSERT INTO `upms_role_menu` VALUES ('719', '44', '110', null, '13');
INSERT INTO `upms_role_menu` VALUES ('720', '44', '49', null, '13');
INSERT INTO `upms_role_menu` VALUES ('721', '44', '62', null, '13');
INSERT INTO `upms_role_menu` VALUES ('722', '44', '63', null, '13');
INSERT INTO `upms_role_menu` VALUES ('723', '44', '64', null, '13');
INSERT INTO `upms_role_menu` VALUES ('724', '44', '65', null, '13');
INSERT INTO `upms_role_menu` VALUES ('725', '44', '111', null, '13');
INSERT INTO `upms_role_menu` VALUES ('726', '44', '112', null, '13');
INSERT INTO `upms_role_menu` VALUES ('727', '44', '113', null, '13');
INSERT INTO `upms_role_menu` VALUES ('728', '44', '50', null, '13');
INSERT INTO `upms_role_menu` VALUES ('729', '44', '66', null, '13');
INSERT INTO `upms_role_menu` VALUES ('730', '44', '67', null, '13');
INSERT INTO `upms_role_menu` VALUES ('731', '44', '68', null, '13');
INSERT INTO `upms_role_menu` VALUES ('732', '44', '69', null, '13');
INSERT INTO `upms_role_menu` VALUES ('733', '44', '114', null, '13');
INSERT INTO `upms_role_menu` VALUES ('734', '44', '115', null, '13');
INSERT INTO `upms_role_menu` VALUES ('735', '44', '116', null, '13');
INSERT INTO `upms_role_menu` VALUES ('736', '44', '51', null, '13');
INSERT INTO `upms_role_menu` VALUES ('737', '44', '70', null, '13');
INSERT INTO `upms_role_menu` VALUES ('738', '44', '71', null, '13');
INSERT INTO `upms_role_menu` VALUES ('739', '44', '72', null, '13');
INSERT INTO `upms_role_menu` VALUES ('740', '44', '73', null, '13');
INSERT INTO `upms_role_menu` VALUES ('741', '44', '117', null, '13');
INSERT INTO `upms_role_menu` VALUES ('742', '44', '118', null, '13');
INSERT INTO `upms_role_menu` VALUES ('743', '44', '119', null, '13');
INSERT INTO `upms_role_menu` VALUES ('744', '44', '52', null, '13');
INSERT INTO `upms_role_menu` VALUES ('745', '44', '74', null, '13');
INSERT INTO `upms_role_menu` VALUES ('746', '44', '75', null, '13');
INSERT INTO `upms_role_menu` VALUES ('747', '44', '76', null, '13');
INSERT INTO `upms_role_menu` VALUES ('748', '44', '77', null, '13');
INSERT INTO `upms_role_menu` VALUES ('749', '44', '120', null, '13');
INSERT INTO `upms_role_menu` VALUES ('750', '44', '121', null, '13');
INSERT INTO `upms_role_menu` VALUES ('751', '44', '122', null, '13');
INSERT INTO `upms_role_menu` VALUES ('752', '44', '53', null, '13');
INSERT INTO `upms_role_menu` VALUES ('753', '44', '78', null, '13');
INSERT INTO `upms_role_menu` VALUES ('754', '44', '79', null, '13');
INSERT INTO `upms_role_menu` VALUES ('755', '44', '80', null, '13');
INSERT INTO `upms_role_menu` VALUES ('756', '44', '81', null, '13');
INSERT INTO `upms_role_menu` VALUES ('757', '44', '123', null, '13');
INSERT INTO `upms_role_menu` VALUES ('758', '44', '124', null, '13');
INSERT INTO `upms_role_menu` VALUES ('759', '44', '125', null, '13');
INSERT INTO `upms_role_menu` VALUES ('760', '35', '15', null, '12');
INSERT INTO `upms_role_menu` VALUES ('761', '35', '17', null, '12');
INSERT INTO `upms_role_menu` VALUES ('762', '35', '22', null, '12');
INSERT INTO `upms_role_menu` VALUES ('763', '35', '23', null, '12');
INSERT INTO `upms_role_menu` VALUES ('764', '35', '24', null, '12');
INSERT INTO `upms_role_menu` VALUES ('765', '35', '25', null, '12');
INSERT INTO `upms_role_menu` VALUES ('766', '35', '26', null, '12');
INSERT INTO `upms_role_menu` VALUES ('767', '35', '27', null, '12');
INSERT INTO `upms_role_menu` VALUES ('768', '35', '28', null, '12');
INSERT INTO `upms_role_menu` VALUES ('769', '35', '29', null, '12');
INSERT INTO `upms_role_menu` VALUES ('770', '35', '30', null, '12');
INSERT INTO `upms_role_menu` VALUES ('771', '35', '31', null, '12');
INSERT INTO `upms_role_menu` VALUES ('772', '35', '32', null, '12');
INSERT INTO `upms_role_menu` VALUES ('773', '41', '13', '30', null);

-- ----------------------------
-- Table structure for upms_role_org
-- ----------------------------
DROP TABLE IF EXISTS `upms_role_org`;
CREATE TABLE `upms_role_org` (
  `role_org_id` int(11) NOT NULL AUTO_INCREMENT,
  `role_id` int(11) NOT NULL,
  `org_id` int(11) NOT NULL,
  `tenant_id` bigint(20) DEFAULT NULL,
  `state` tinyint(4) NOT NULL DEFAULT '1',
  PRIMARY KEY (`role_org_id`)
) ENGINE=InnoDB AUTO_INCREMENT=150 DEFAULT CHARSET=utf8;

-- ----------------------------
-- Records of upms_role_org
-- ----------------------------
INSERT INTO `upms_role_org` VALUES ('42', '19', '42', '15', '0');
INSERT INTO `upms_role_org` VALUES ('43', '18', '41', '15', '0');
INSERT INTO `upms_role_org` VALUES ('44', '20', '42', '15', '1');
INSERT INTO `upms_role_org` VALUES ('45', '22', '41', '15', '1');
INSERT INTO `upms_role_org` VALUES ('46', '18', '42', '15', '1');
INSERT INTO `upms_role_org` VALUES ('47', '19', '49', '16', '0');
INSERT INTO `upms_role_org` VALUES ('48', '18', '48', '16', '0');
INSERT INTO `upms_role_org` VALUES ('49', '19', '51', '17', '0');
INSERT INTO `upms_role_org` VALUES ('50', '18', '50', '17', '0');
INSERT INTO `upms_role_org` VALUES ('51', '19', '53', '18', '0');
INSERT INTO `upms_role_org` VALUES ('52', '18', '52', '18', '0');
INSERT INTO `upms_role_org` VALUES ('53', '19', '56', '19', '0');
INSERT INTO `upms_role_org` VALUES ('54', '18', '55', '19', '0');
INSERT INTO `upms_role_org` VALUES ('55', '19', '60', '20', '0');
INSERT INTO `upms_role_org` VALUES ('56', '18', '59', '20', '0');
INSERT INTO `upms_role_org` VALUES ('57', '22', '59', '20', '1');
INSERT INTO `upms_role_org` VALUES ('58', '19', '63', '21', '0');
INSERT INTO `upms_role_org` VALUES ('59', '22', '62', '21', '0');
INSERT INTO `upms_role_org` VALUES ('60', '19', '62', '21', '0');
INSERT INTO `upms_role_org` VALUES ('61', '18', '62', '21', '0');
INSERT INTO `upms_role_org` VALUES ('62', '19', '66', '22', '0');
INSERT INTO `upms_role_org` VALUES ('63', '22', '65', '22', '0');
INSERT INTO `upms_role_org` VALUES ('64', '19', '65', '22', '0');
INSERT INTO `upms_role_org` VALUES ('65', '18', '65', '22', '0');
INSERT INTO `upms_role_org` VALUES ('66', '19', '68', '23', '0');
INSERT INTO `upms_role_org` VALUES ('67', '22', '67', '23', '0');
INSERT INTO `upms_role_org` VALUES ('68', '19', '67', '23', '0');
INSERT INTO `upms_role_org` VALUES ('69', '18', '67', '23', '0');
INSERT INTO `upms_role_org` VALUES ('70', '18', '60', '20', '1');
INSERT INTO `upms_role_org` VALUES ('71', '19', '70', '24', '0');
INSERT INTO `upms_role_org` VALUES ('72', '22', '69', '24', '0');
INSERT INTO `upms_role_org` VALUES ('73', '19', '69', '24', '0');
INSERT INTO `upms_role_org` VALUES ('74', '18', '69', '24', '0');
INSERT INTO `upms_role_org` VALUES ('75', '19', '72', '25', '0');
INSERT INTO `upms_role_org` VALUES ('76', '22', '71', '25', '0');
INSERT INTO `upms_role_org` VALUES ('77', '19', '71', '25', '0');
INSERT INTO `upms_role_org` VALUES ('78', '18', '71', '25', '0');
INSERT INTO `upms_role_org` VALUES ('79', '19', '74', '26', '0');
INSERT INTO `upms_role_org` VALUES ('80', '22', '73', '26', '0');
INSERT INTO `upms_role_org` VALUES ('81', '19', '73', '26', '0');
INSERT INTO `upms_role_org` VALUES ('82', '18', '73', '26', '0');
INSERT INTO `upms_role_org` VALUES ('83', '19', '76', '27', '0');
INSERT INTO `upms_role_org` VALUES ('84', '22', '75', '27', '0');
INSERT INTO `upms_role_org` VALUES ('85', '19', '75', '27', '0');
INSERT INTO `upms_role_org` VALUES ('86', '18', '75', '27', '0');
INSERT INTO `upms_role_org` VALUES ('87', '23', '60', '20', '1');
INSERT INTO `upms_role_org` VALUES ('88', '23', '59', '20', '1');
INSERT INTO `upms_role_org` VALUES ('89', '19', '82', '28', '0');
INSERT INTO `upms_role_org` VALUES ('90', '22', '81', '28', '0');
INSERT INTO `upms_role_org` VALUES ('91', '19', '81', '28', '0');
INSERT INTO `upms_role_org` VALUES ('92', '18', '81', '28', '0');
INSERT INTO `upms_role_org` VALUES ('93', '19', '85', '29', '0');
INSERT INTO `upms_role_org` VALUES ('94', '22', '84', '29', '0');
INSERT INTO `upms_role_org` VALUES ('95', '19', '84', '29', '0');
INSERT INTO `upms_role_org` VALUES ('96', '18', '84', '29', '0');
INSERT INTO `upms_role_org` VALUES ('97', '27', '44', '15', '1');
INSERT INTO `upms_role_org` VALUES ('98', '27', '45', '15', '1');
INSERT INTO `upms_role_org` VALUES ('99', '27', '57', '15', '1');
INSERT INTO `upms_role_org` VALUES ('100', '28', '61', '15', '1');
INSERT INTO `upms_role_org` VALUES ('101', '28', '54', '15', '1');
INSERT INTO `upms_role_org` VALUES ('102', '28', '47', '15', '1');
INSERT INTO `upms_role_org` VALUES ('103', '19', '89', '30', '0');
INSERT INTO `upms_role_org` VALUES ('104', '22', '88', '30', '0');
INSERT INTO `upms_role_org` VALUES ('105', '19', '88', '30', '0');
INSERT INTO `upms_role_org` VALUES ('106', '18', '88', '30', '0');
INSERT INTO `upms_role_org` VALUES ('109', '26', '88', '30', '1');
INSERT INTO `upms_role_org` VALUES ('119', '22', '94', '30', '1');
INSERT INTO `upms_role_org` VALUES ('120', '22', '95', '30', '1');
INSERT INTO `upms_role_org` VALUES ('122', '33', '94', '30', '1');
INSERT INTO `upms_role_org` VALUES ('123', '33', '88', '30', '1');
INSERT INTO `upms_role_org` VALUES ('124', '33', '89', '30', '1');
INSERT INTO `upms_role_org` VALUES ('125', '18', '94', '30', '1');
INSERT INTO `upms_role_org` VALUES ('127', '18', '95', '30', '1');
INSERT INTO `upms_role_org` VALUES ('129', '18', '91', '30', '1');
INSERT INTO `upms_role_org` VALUES ('130', '18', '92', '30', '1');
INSERT INTO `upms_role_org` VALUES ('131', '31', '94', '30', '1');
INSERT INTO `upms_role_org` VALUES ('132', '36', '98', '30', '1');
INSERT INTO `upms_role_org` VALUES ('134', '36', '96', '30', '1');
INSERT INTO `upms_role_org` VALUES ('135', '36', '95', '30', '1');
INSERT INTO `upms_role_org` VALUES ('136', '37', '93', '30', '1');
INSERT INTO `upms_role_org` VALUES ('137', '37', '95', '30', '1');
INSERT INTO `upms_role_org` VALUES ('143', '38', '107', '30', '1');
INSERT INTO `upms_role_org` VALUES ('144', '39', '107', '30', '1');
INSERT INTO `upms_role_org` VALUES ('145', '46', '88', '30', '1');
INSERT INTO `upms_role_org` VALUES ('146', '46', '89', '30', '1');
INSERT INTO `upms_role_org` VALUES ('147', '45', '88', '30', '1');
INSERT INTO `upms_role_org` VALUES ('148', '45', '89', '30', '1');
INSERT INTO `upms_role_org` VALUES ('149', '45', '94', '30', '1');

-- ----------------------------
-- Table structure for upms_tenant
-- ----------------------------
DROP TABLE IF EXISTS `upms_tenant`;
CREATE TABLE `upms_tenant` (
  `tenant_id` int(11) NOT NULL AUTO_INCREMENT,
  `tenant_name` varchar(255) NOT NULL DEFAULT '',
  `tenant_code` varchar(255) NOT NULL DEFAULT '',
  `introduce` varchar(255) NOT NULL DEFAULT '',
  `create_time` datetime DEFAULT NULL,
  `create_user_id` bigint(20) NOT NULL,
  `state` tinyint(4) NOT NULL DEFAULT '1',
  PRIMARY KEY (`tenant_id`)
) ENGINE=InnoDB AUTO_INCREMENT=31 DEFAULT CHARSET=utf8;

-- ----------------------------
-- Records of upms_tenant
-- ----------------------------
INSERT INTO `upms_tenant` VALUES ('15', '第一家企业2', '123', '第一家企业2', '2019-12-01 22:23:35', '18', '0');
INSERT INTO `upms_tenant` VALUES ('16', 'first company', 'ssdfdsadsf', '第二企业', '2019-12-01 22:23:35', '20', '0');
INSERT INTO `upms_tenant` VALUES ('17', 'vvv', 'vvvv', '第三企业', '2019-12-01 22:23:35', '22', '0');
INSERT INTO `upms_tenant` VALUES ('18', '合生', '123456', '第四企业', '2019-12-01 22:23:35', '23', '0');
INSERT INTO `upms_tenant` VALUES ('19', '1', '1', '第五企业', '2019-12-01 22:23:35', '28', '0');
INSERT INTO `upms_tenant` VALUES ('20', '测试企业', '测试税号', '测试', '2019-12-01 22:23:35', '19', '0');
INSERT INTO `upms_tenant` VALUES ('21', '北京神龙科技', '1903993948', '1111111', '2019-12-01 22:23:35', '19', '0');
INSERT INTO `upms_tenant` VALUES ('22', 'aaaaaaaaaaa', '1111111111111', 'assss', '2019-12-01 22:23:35', '32', '0');
INSERT INTO `upms_tenant` VALUES ('23', '北京三和信息', '1231122222', '三和信息', '2019-12-01 22:23:35', '19', '0');
INSERT INTO `upms_tenant` VALUES ('24', '13211111111', '13211111111', '13211111111', '2019-12-01 22:23:35', '34', '0');
INSERT INTO `upms_tenant` VALUES ('25', 'asdfasdf', 'asdfasdf', 'asdfasdfasdf', '2019-12-01 22:23:35', '35', '0');
INSERT INTO `upms_tenant` VALUES ('26', 'dfdffd', '111111111', '111', '2019-12-01 22:23:35', '36', '0');
INSERT INTO `upms_tenant` VALUES ('27', '1111121', 'wwwwwwwww', '111wew', '2019-12-01 22:23:35', '37', '0');
INSERT INTO `upms_tenant` VALUES ('28', '1213123123213', '112321321', '132132', '2019-12-01 22:23:35', '38', '0');
INSERT INTO `upms_tenant` VALUES ('29', 'test123', '12345678', '阿萨德刚好', '2019-12-01 22:23:35', '19', '0');
INSERT INTO `upms_tenant` VALUES ('30', '测试企业SSC', '1111', '测试企业介绍SSC', '2019-12-01 22:23:35', '19', '0');

-- ----------------------------
-- Table structure for upms_tenant_app
-- ----------------------------
DROP TABLE IF EXISTS `upms_tenant_app`;
CREATE TABLE `upms_tenant_app` (
  `tenant_app_id` int(11) NOT NULL AUTO_INCREMENT,
  `tenant_id` bigint(20) NOT NULL,
  `app_id` bigint(20) NOT NULL,
  `state` tinyint(4) NOT NULL DEFAULT '1',
  PRIMARY KEY (`tenant_app_id`)
) ENGINE=InnoDB AUTO_INCREMENT=68 DEFAULT CHARSET=utf8;

-- ----------------------------
-- Records of upms_tenant_app
-- ----------------------------
INSERT INTO `upms_tenant_app` VALUES ('22', '15', '12', '1');
INSERT INTO `upms_tenant_app` VALUES ('23', '15', '13', '1');
INSERT INTO `upms_tenant_app` VALUES ('24', '16', '12', '1');
INSERT INTO `upms_tenant_app` VALUES ('25', '17', '12', '1');
INSERT INTO `upms_tenant_app` VALUES ('26', '18', '12', '1');
INSERT INTO `upms_tenant_app` VALUES ('27', '19', '12', '1');
INSERT INTO `upms_tenant_app` VALUES ('28', '19', '13', '2');
INSERT INTO `upms_tenant_app` VALUES ('29', '20', '12', '1');
INSERT INTO `upms_tenant_app` VALUES ('30', '20', '13', '1');
INSERT INTO `upms_tenant_app` VALUES ('31', '18', '13', '1');
INSERT INTO `upms_tenant_app` VALUES ('32', '21', '12', '1');
INSERT INTO `upms_tenant_app` VALUES ('33', '21', '13', '1');
INSERT INTO `upms_tenant_app` VALUES ('34', '21', '14', '1');
INSERT INTO `upms_tenant_app` VALUES ('35', '21', '15', '1');
INSERT INTO `upms_tenant_app` VALUES ('36', '22', '12', '1');
INSERT INTO `upms_tenant_app` VALUES ('37', '22', '13', '1');
INSERT INTO `upms_tenant_app` VALUES ('38', '23', '12', '2');
INSERT INTO `upms_tenant_app` VALUES ('39', '23', '13', '1');
INSERT INTO `upms_tenant_app` VALUES ('40', '24', '12', '1');
INSERT INTO `upms_tenant_app` VALUES ('41', '24', '13', '1');
INSERT INTO `upms_tenant_app` VALUES ('42', '25', '12', '2');
INSERT INTO `upms_tenant_app` VALUES ('43', '25', '13', '1');
INSERT INTO `upms_tenant_app` VALUES ('44', '26', '12', '1');
INSERT INTO `upms_tenant_app` VALUES ('45', '26', '13', '1');
INSERT INTO `upms_tenant_app` VALUES ('46', '20', '16', '1');
INSERT INTO `upms_tenant_app` VALUES ('47', '26', '16', '1');
INSERT INTO `upms_tenant_app` VALUES ('48', '27', '12', '1');
INSERT INTO `upms_tenant_app` VALUES ('49', '27', '13', '1');
INSERT INTO `upms_tenant_app` VALUES ('50', '27', '16', '2');
INSERT INTO `upms_tenant_app` VALUES ('51', '28', '12', '1');
INSERT INTO `upms_tenant_app` VALUES ('52', '28', '13', '1');
INSERT INTO `upms_tenant_app` VALUES ('53', '28', '16', '1');
INSERT INTO `upms_tenant_app` VALUES ('54', '29', '12', '1');
INSERT INTO `upms_tenant_app` VALUES ('55', '29', '13', '1');
INSERT INTO `upms_tenant_app` VALUES ('56', '30', '12', '1');
INSERT INTO `upms_tenant_app` VALUES ('57', '30', '13', '1');
INSERT INTO `upms_tenant_app` VALUES ('58', '30', '14', '1');
INSERT INTO `upms_tenant_app` VALUES ('59', '30', '15', '1');
INSERT INTO `upms_tenant_app` VALUES ('60', '30', '20', '1');
INSERT INTO `upms_tenant_app` VALUES ('61', '25', '20', '2');
INSERT INTO `upms_tenant_app` VALUES ('62', '23', '22', '2');
INSERT INTO `upms_tenant_app` VALUES ('63', '30', '22', '1');
INSERT INTO `upms_tenant_app` VALUES ('64', '15', '22', '1');
INSERT INTO `upms_tenant_app` VALUES ('65', '19', '22', '1');
INSERT INTO `upms_tenant_app` VALUES ('66', '16', '13', '1');
INSERT INTO `upms_tenant_app` VALUES ('67', '16', '22', '1');

-- ----------------------------
-- Table structure for upms_tenant_menu
-- ----------------------------
DROP TABLE IF EXISTS `upms_tenant_menu`;
CREATE TABLE `upms_tenant_menu` (
  `tenant_menu_id` int(11) NOT NULL AUTO_INCREMENT,
  `tenant_id` bigint(20) NOT NULL,
  `menu_id` bigint(20) NOT NULL,
  `state` tinyint(4) NOT NULL DEFAULT '1',
  `app_id` bigint(20) DEFAULT NULL,
  PRIMARY KEY (`tenant_menu_id`)
) ENGINE=InnoDB AUTO_INCREMENT=968 DEFAULT CHARSET=utf8;

-- ----------------------------
-- Records of upms_tenant_menu
-- ----------------------------
INSERT INTO `upms_tenant_menu` VALUES ('346', '15', '12', '1', '12');
INSERT INTO `upms_tenant_menu` VALUES ('347', '15', '16', '2', '12');
INSERT INTO `upms_tenant_menu` VALUES ('348', '15', '32', '2', '12');
INSERT INTO `upms_tenant_menu` VALUES ('349', '15', '31', '2', '12');
INSERT INTO `upms_tenant_menu` VALUES ('350', '15', '17', '2', '12');
INSERT INTO `upms_tenant_menu` VALUES ('351', '15', '15', '2', '12');
INSERT INTO `upms_tenant_menu` VALUES ('352', '15', '30', '2', '12');
INSERT INTO `upms_tenant_menu` VALUES ('353', '15', '29', '2', '12');
INSERT INTO `upms_tenant_menu` VALUES ('354', '15', '28', '2', '12');
INSERT INTO `upms_tenant_menu` VALUES ('355', '15', '26', '2', '12');
INSERT INTO `upms_tenant_menu` VALUES ('356', '15', '27', '2', '12');
INSERT INTO `upms_tenant_menu` VALUES ('357', '15', '25', '2', '12');
INSERT INTO `upms_tenant_menu` VALUES ('358', '15', '24', '2', '12');
INSERT INTO `upms_tenant_menu` VALUES ('359', '15', '23', '2', '12');
INSERT INTO `upms_tenant_menu` VALUES ('360', '15', '22', '2', '12');
INSERT INTO `upms_tenant_menu` VALUES ('361', '15', '90', '2', '12');
INSERT INTO `upms_tenant_menu` VALUES ('362', '15', '89', '1', '12');
INSERT INTO `upms_tenant_menu` VALUES ('363', '15', '14', '1', '12');
INSERT INTO `upms_tenant_menu` VALUES ('364', '15', '88', '1', '12');
INSERT INTO `upms_tenant_menu` VALUES ('365', '15', '87', '1', '12');
INSERT INTO `upms_tenant_menu` VALUES ('366', '15', '86', '1', '12');
INSERT INTO `upms_tenant_menu` VALUES ('367', '15', '91', '2', '12');
INSERT INTO `upms_tenant_menu` VALUES ('368', '15', '33', '1', '12');
INSERT INTO `upms_tenant_menu` VALUES ('369', '15', '35', '2', '12');
INSERT INTO `upms_tenant_menu` VALUES ('370', '15', '34', '2', '12');
INSERT INTO `upms_tenant_menu` VALUES ('371', '15', '97', '2', '12');
INSERT INTO `upms_tenant_menu` VALUES ('372', '15', '92', '1', '12');
INSERT INTO `upms_tenant_menu` VALUES ('373', '15', '13', '1', '12');
INSERT INTO `upms_tenant_menu` VALUES ('374', '15', '98', '2', '12');
INSERT INTO `upms_tenant_menu` VALUES ('375', '15', '96', '2', '12');
INSERT INTO `upms_tenant_menu` VALUES ('376', '15', '95', '1', '12');
INSERT INTO `upms_tenant_menu` VALUES ('377', '15', '94', '1', '12');
INSERT INTO `upms_tenant_menu` VALUES ('378', '15', '93', '1', '12');
INSERT INTO `upms_tenant_menu` VALUES ('379', '15', '101', '1', '13');
INSERT INTO `upms_tenant_menu` VALUES ('380', '15', '38', '1', '13');
INSERT INTO `upms_tenant_menu` VALUES ('381', '15', '37', '1', '13');
INSERT INTO `upms_tenant_menu` VALUES ('382', '15', '36', '1', '13');
INSERT INTO `upms_tenant_menu` VALUES ('383', '15', '100', '1', '13');
INSERT INTO `upms_tenant_menu` VALUES ('384', '15', '99', '1', '13');
INSERT INTO `upms_tenant_menu` VALUES ('385', '15', '41', '1', '13');
INSERT INTO `upms_tenant_menu` VALUES ('386', '15', '40', '1', '13');
INSERT INTO `upms_tenant_menu` VALUES ('387', '15', '39', '1', '13');
INSERT INTO `upms_tenant_menu` VALUES ('388', '15', '42', '1', '13');
INSERT INTO `upms_tenant_menu` VALUES ('389', '15', '58', '1', '13');
INSERT INTO `upms_tenant_menu` VALUES ('390', '15', '48', '1', '13');
INSERT INTO `upms_tenant_menu` VALUES ('391', '16', '91', '1', '12');
INSERT INTO `upms_tenant_menu` VALUES ('392', '16', '33', '1', '12');
INSERT INTO `upms_tenant_menu` VALUES ('393', '16', '14', '1', '12');
INSERT INTO `upms_tenant_menu` VALUES ('394', '16', '12', '1', '12');
INSERT INTO `upms_tenant_menu` VALUES ('395', '16', '35', '1', '12');
INSERT INTO `upms_tenant_menu` VALUES ('396', '16', '34', '1', '12');
INSERT INTO `upms_tenant_menu` VALUES ('397', '16', '88', '1', '12');
INSERT INTO `upms_tenant_menu` VALUES ('398', '16', '87', '1', '12');
INSERT INTO `upms_tenant_menu` VALUES ('399', '16', '86', '1', '12');
INSERT INTO `upms_tenant_menu` VALUES ('400', '16', '90', '1', '12');
INSERT INTO `upms_tenant_menu` VALUES ('401', '16', '89', '1', '12');
INSERT INTO `upms_tenant_menu` VALUES ('402', '16', '32', '1', '12');
INSERT INTO `upms_tenant_menu` VALUES ('403', '16', '31', '1', '12');
INSERT INTO `upms_tenant_menu` VALUES ('404', '16', '17', '1', '12');
INSERT INTO `upms_tenant_menu` VALUES ('405', '16', '15', '1', '12');
INSERT INTO `upms_tenant_menu` VALUES ('406', '16', '30', '1', '12');
INSERT INTO `upms_tenant_menu` VALUES ('407', '16', '29', '1', '12');
INSERT INTO `upms_tenant_menu` VALUES ('408', '16', '28', '1', '12');
INSERT INTO `upms_tenant_menu` VALUES ('409', '16', '26', '1', '12');
INSERT INTO `upms_tenant_menu` VALUES ('410', '16', '27', '1', '12');
INSERT INTO `upms_tenant_menu` VALUES ('411', '16', '25', '1', '12');
INSERT INTO `upms_tenant_menu` VALUES ('412', '16', '24', '1', '12');
INSERT INTO `upms_tenant_menu` VALUES ('413', '16', '23', '1', '12');
INSERT INTO `upms_tenant_menu` VALUES ('414', '16', '22', '1', '12');
INSERT INTO `upms_tenant_menu` VALUES ('415', '16', '16', '1', '12');
INSERT INTO `upms_tenant_menu` VALUES ('416', '16', '97', '1', '12');
INSERT INTO `upms_tenant_menu` VALUES ('417', '16', '92', '1', '12');
INSERT INTO `upms_tenant_menu` VALUES ('418', '16', '13', '1', '12');
INSERT INTO `upms_tenant_menu` VALUES ('419', '16', '98', '1', '12');
INSERT INTO `upms_tenant_menu` VALUES ('420', '16', '96', '1', '12');
INSERT INTO `upms_tenant_menu` VALUES ('421', '16', '95', '1', '12');
INSERT INTO `upms_tenant_menu` VALUES ('422', '16', '94', '1', '12');
INSERT INTO `upms_tenant_menu` VALUES ('423', '16', '93', '1', '12');
INSERT INTO `upms_tenant_menu` VALUES ('424', '17', '16', '1', '12');
INSERT INTO `upms_tenant_menu` VALUES ('425', '17', '12', '1', '12');
INSERT INTO `upms_tenant_menu` VALUES ('426', '17', '15', '1', '12');
INSERT INTO `upms_tenant_menu` VALUES ('427', '17', '14', '1', '12');
INSERT INTO `upms_tenant_menu` VALUES ('428', '17', '97', '1', '12');
INSERT INTO `upms_tenant_menu` VALUES ('429', '17', '92', '1', '12');
INSERT INTO `upms_tenant_menu` VALUES ('430', '17', '13', '1', '12');
INSERT INTO `upms_tenant_menu` VALUES ('431', '17', '96', '1', '12');
INSERT INTO `upms_tenant_menu` VALUES ('432', '17', '95', '1', '12');
INSERT INTO `upms_tenant_menu` VALUES ('433', '17', '94', '1', '12');
INSERT INTO `upms_tenant_menu` VALUES ('434', '17', '93', '1', '12');
INSERT INTO `upms_tenant_menu` VALUES ('435', '17', '98', '1', '12');
INSERT INTO `upms_tenant_menu` VALUES ('436', '17', '90', '1', '12');
INSERT INTO `upms_tenant_menu` VALUES ('437', '17', '89', '1', '12');
INSERT INTO `upms_tenant_menu` VALUES ('438', '17', '88', '1', '12');
INSERT INTO `upms_tenant_menu` VALUES ('439', '17', '87', '1', '12');
INSERT INTO `upms_tenant_menu` VALUES ('440', '17', '86', '1', '12');
INSERT INTO `upms_tenant_menu` VALUES ('441', '17', '91', '1', '12');
INSERT INTO `upms_tenant_menu` VALUES ('442', '17', '33', '1', '12');
INSERT INTO `upms_tenant_menu` VALUES ('443', '17', '35', '1', '12');
INSERT INTO `upms_tenant_menu` VALUES ('444', '17', '32', '1', '12');
INSERT INTO `upms_tenant_menu` VALUES ('445', '17', '31', '1', '12');
INSERT INTO `upms_tenant_menu` VALUES ('446', '17', '17', '1', '12');
INSERT INTO `upms_tenant_menu` VALUES ('447', '17', '30', '1', '12');
INSERT INTO `upms_tenant_menu` VALUES ('448', '17', '29', '1', '12');
INSERT INTO `upms_tenant_menu` VALUES ('449', '17', '28', '1', '12');
INSERT INTO `upms_tenant_menu` VALUES ('450', '17', '26', '1', '12');
INSERT INTO `upms_tenant_menu` VALUES ('451', '17', '27', '1', '12');
INSERT INTO `upms_tenant_menu` VALUES ('452', '17', '25', '1', '12');
INSERT INTO `upms_tenant_menu` VALUES ('453', '17', '24', '1', '12');
INSERT INTO `upms_tenant_menu` VALUES ('454', '17', '23', '1', '12');
INSERT INTO `upms_tenant_menu` VALUES ('455', '17', '22', '1', '12');
INSERT INTO `upms_tenant_menu` VALUES ('456', '17', '34', '1', '12');
INSERT INTO `upms_tenant_menu` VALUES ('457', '18', '16', '1', '12');
INSERT INTO `upms_tenant_menu` VALUES ('458', '18', '12', '1', '12');
INSERT INTO `upms_tenant_menu` VALUES ('459', '18', '32', '1', '12');
INSERT INTO `upms_tenant_menu` VALUES ('460', '18', '31', '1', '12');
INSERT INTO `upms_tenant_menu` VALUES ('461', '18', '17', '1', '12');
INSERT INTO `upms_tenant_menu` VALUES ('462', '18', '15', '1', '12');
INSERT INTO `upms_tenant_menu` VALUES ('463', '18', '30', '1', '12');
INSERT INTO `upms_tenant_menu` VALUES ('464', '18', '29', '1', '12');
INSERT INTO `upms_tenant_menu` VALUES ('465', '18', '28', '1', '12');
INSERT INTO `upms_tenant_menu` VALUES ('466', '18', '26', '1', '12');
INSERT INTO `upms_tenant_menu` VALUES ('467', '18', '27', '1', '12');
INSERT INTO `upms_tenant_menu` VALUES ('468', '18', '25', '1', '12');
INSERT INTO `upms_tenant_menu` VALUES ('469', '18', '24', '1', '12');
INSERT INTO `upms_tenant_menu` VALUES ('470', '18', '23', '1', '12');
INSERT INTO `upms_tenant_menu` VALUES ('471', '18', '22', '1', '12');
INSERT INTO `upms_tenant_menu` VALUES ('472', '18', '90', '1', '12');
INSERT INTO `upms_tenant_menu` VALUES ('473', '18', '89', '1', '12');
INSERT INTO `upms_tenant_menu` VALUES ('474', '18', '14', '1', '12');
INSERT INTO `upms_tenant_menu` VALUES ('475', '18', '88', '1', '12');
INSERT INTO `upms_tenant_menu` VALUES ('476', '18', '87', '1', '12');
INSERT INTO `upms_tenant_menu` VALUES ('477', '18', '86', '1', '12');
INSERT INTO `upms_tenant_menu` VALUES ('478', '18', '91', '1', '12');
INSERT INTO `upms_tenant_menu` VALUES ('479', '18', '33', '1', '12');
INSERT INTO `upms_tenant_menu` VALUES ('480', '18', '35', '1', '12');
INSERT INTO `upms_tenant_menu` VALUES ('481', '18', '34', '1', '12');
INSERT INTO `upms_tenant_menu` VALUES ('482', '18', '97', '1', '12');
INSERT INTO `upms_tenant_menu` VALUES ('483', '18', '92', '1', '12');
INSERT INTO `upms_tenant_menu` VALUES ('484', '18', '13', '1', '12');
INSERT INTO `upms_tenant_menu` VALUES ('485', '18', '98', '1', '12');
INSERT INTO `upms_tenant_menu` VALUES ('486', '18', '96', '1', '12');
INSERT INTO `upms_tenant_menu` VALUES ('487', '18', '95', '1', '12');
INSERT INTO `upms_tenant_menu` VALUES ('488', '18', '94', '1', '12');
INSERT INTO `upms_tenant_menu` VALUES ('489', '18', '93', '1', '12');
INSERT INTO `upms_tenant_menu` VALUES ('490', '19', '12', '1', '12');
INSERT INTO `upms_tenant_menu` VALUES ('491', '19', '36', '1', '13');
INSERT INTO `upms_tenant_menu` VALUES ('492', '19', '37', '1', '13');
INSERT INTO `upms_tenant_menu` VALUES ('493', '19', '42', '1', '13');
INSERT INTO `upms_tenant_menu` VALUES ('494', '19', '47', '1', '13');
INSERT INTO `upms_tenant_menu` VALUES ('495', '19', '48', '1', '13');
INSERT INTO `upms_tenant_menu` VALUES ('496', '19', '49', '1', '13');
INSERT INTO `upms_tenant_menu` VALUES ('497', '19', '50', '1', '13');
INSERT INTO `upms_tenant_menu` VALUES ('498', '19', '51', '1', '13');
INSERT INTO `upms_tenant_menu` VALUES ('499', '19', '52', '1', '13');
INSERT INTO `upms_tenant_menu` VALUES ('500', '19', '13', '1', '12');
INSERT INTO `upms_tenant_menu` VALUES ('501', '19', '14', '1', '12');
INSERT INTO `upms_tenant_menu` VALUES ('502', '19', '15', '1', '12');
INSERT INTO `upms_tenant_menu` VALUES ('503', '19', '16', '1', '12');
INSERT INTO `upms_tenant_menu` VALUES ('504', '19', '17', '1', '12');
INSERT INTO `upms_tenant_menu` VALUES ('505', '19', '97', '1', '12');
INSERT INTO `upms_tenant_menu` VALUES ('506', '19', '92', '1', '12');
INSERT INTO `upms_tenant_menu` VALUES ('507', '19', '96', '1', '12');
INSERT INTO `upms_tenant_menu` VALUES ('508', '19', '95', '1', '12');
INSERT INTO `upms_tenant_menu` VALUES ('509', '19', '94', '1', '12');
INSERT INTO `upms_tenant_menu` VALUES ('510', '19', '93', '1', '12');
INSERT INTO `upms_tenant_menu` VALUES ('511', '19', '98', '1', '12');
INSERT INTO `upms_tenant_menu` VALUES ('512', '19', '89', '1', '12');
INSERT INTO `upms_tenant_menu` VALUES ('513', '19', '90', '1', '12');
INSERT INTO `upms_tenant_menu` VALUES ('514', '19', '88', '1', '12');
INSERT INTO `upms_tenant_menu` VALUES ('515', '19', '87', '1', '12');
INSERT INTO `upms_tenant_menu` VALUES ('516', '19', '86', '1', '12');
INSERT INTO `upms_tenant_menu` VALUES ('517', '19', '91', '1', '12');
INSERT INTO `upms_tenant_menu` VALUES ('518', '19', '33', '1', '12');
INSERT INTO `upms_tenant_menu` VALUES ('519', '19', '35', '1', '12');
INSERT INTO `upms_tenant_menu` VALUES ('520', '19', '34', '1', '12');
INSERT INTO `upms_tenant_menu` VALUES ('521', '19', '32', '1', '12');
INSERT INTO `upms_tenant_menu` VALUES ('522', '19', '31', '1', '12');
INSERT INTO `upms_tenant_menu` VALUES ('523', '19', '30', '1', '12');
INSERT INTO `upms_tenant_menu` VALUES ('524', '19', '29', '1', '12');
INSERT INTO `upms_tenant_menu` VALUES ('525', '19', '28', '1', '12');
INSERT INTO `upms_tenant_menu` VALUES ('526', '19', '26', '1', '12');
INSERT INTO `upms_tenant_menu` VALUES ('527', '19', '27', '1', '12');
INSERT INTO `upms_tenant_menu` VALUES ('528', '19', '25', '1', '12');
INSERT INTO `upms_tenant_menu` VALUES ('529', '19', '24', '1', '12');
INSERT INTO `upms_tenant_menu` VALUES ('530', '19', '23', '1', '12');
INSERT INTO `upms_tenant_menu` VALUES ('531', '19', '22', '1', '12');
INSERT INTO `upms_tenant_menu` VALUES ('532', '19', '101', '1', '13');
INSERT INTO `upms_tenant_menu` VALUES ('533', '19', '38', '1', '13');
INSERT INTO `upms_tenant_menu` VALUES ('534', '19', '100', '1', '13');
INSERT INTO `upms_tenant_menu` VALUES ('535', '19', '99', '1', '13');
INSERT INTO `upms_tenant_menu` VALUES ('536', '19', '41', '1', '13');
INSERT INTO `upms_tenant_menu` VALUES ('537', '19', '40', '1', '13');
INSERT INTO `upms_tenant_menu` VALUES ('538', '19', '39', '1', '13');
INSERT INTO `upms_tenant_menu` VALUES ('539', '19', '43', '1', '13');
INSERT INTO `upms_tenant_menu` VALUES ('540', '19', '53', '2', '13');
INSERT INTO `upms_tenant_menu` VALUES ('541', '15', '47', '1', '13');
INSERT INTO `upms_tenant_menu` VALUES ('542', '20', '12', '1', '12');
INSERT INTO `upms_tenant_menu` VALUES ('543', '20', '13', '2', '12');
INSERT INTO `upms_tenant_menu` VALUES ('544', '20', '92', '2', '12');
INSERT INTO `upms_tenant_menu` VALUES ('545', '20', '96', '2', '12');
INSERT INTO `upms_tenant_menu` VALUES ('546', '20', '97', '2', '12');
INSERT INTO `upms_tenant_menu` VALUES ('547', '20', '98', '2', '12');
INSERT INTO `upms_tenant_menu` VALUES ('548', '20', '14', '2', '12');
INSERT INTO `upms_tenant_menu` VALUES ('549', '20', '33', '2', '12');
INSERT INTO `upms_tenant_menu` VALUES ('550', '20', '34', '2', '12');
INSERT INTO `upms_tenant_menu` VALUES ('551', '20', '35', '2', '12');
INSERT INTO `upms_tenant_menu` VALUES ('552', '20', '91', '2', '12');
INSERT INTO `upms_tenant_menu` VALUES ('553', '20', '86', '2', '12');
INSERT INTO `upms_tenant_menu` VALUES ('554', '20', '87', '2', '12');
INSERT INTO `upms_tenant_menu` VALUES ('555', '20', '88', '2', '12');
INSERT INTO `upms_tenant_menu` VALUES ('556', '20', '89', '2', '12');
INSERT INTO `upms_tenant_menu` VALUES ('557', '20', '90', '2', '12');
INSERT INTO `upms_tenant_menu` VALUES ('558', '20', '15', '2', '12');
INSERT INTO `upms_tenant_menu` VALUES ('559', '20', '17', '2', '12');
INSERT INTO `upms_tenant_menu` VALUES ('560', '20', '22', '2', '12');
INSERT INTO `upms_tenant_menu` VALUES ('561', '20', '23', '2', '12');
INSERT INTO `upms_tenant_menu` VALUES ('562', '20', '24', '2', '12');
INSERT INTO `upms_tenant_menu` VALUES ('563', '20', '25', '2', '12');
INSERT INTO `upms_tenant_menu` VALUES ('564', '20', '26', '2', '12');
INSERT INTO `upms_tenant_menu` VALUES ('565', '20', '27', '2', '12');
INSERT INTO `upms_tenant_menu` VALUES ('566', '20', '28', '2', '12');
INSERT INTO `upms_tenant_menu` VALUES ('567', '20', '29', '2', '12');
INSERT INTO `upms_tenant_menu` VALUES ('568', '20', '30', '2', '12');
INSERT INTO `upms_tenant_menu` VALUES ('569', '20', '31', '2', '12');
INSERT INTO `upms_tenant_menu` VALUES ('570', '20', '32', '2', '12');
INSERT INTO `upms_tenant_menu` VALUES ('571', '20', '16', '2', '12');
INSERT INTO `upms_tenant_menu` VALUES ('572', '20', '36', '1', '13');
INSERT INTO `upms_tenant_menu` VALUES ('573', '20', '37', '1', '13');
INSERT INTO `upms_tenant_menu` VALUES ('574', '20', '38', '1', '13');
INSERT INTO `upms_tenant_menu` VALUES ('575', '20', '48', '1', '13');
INSERT INTO `upms_tenant_menu` VALUES ('576', '20', '58', '1', '13');
INSERT INTO `upms_tenant_menu` VALUES ('577', '20', '42', '1', '13');
INSERT INTO `upms_tenant_menu` VALUES ('578', '20', '43', '1', '13');
INSERT INTO `upms_tenant_menu` VALUES ('579', '20', '93', '2', '12');
INSERT INTO `upms_tenant_menu` VALUES ('580', '21', '12', '1', '12');
INSERT INTO `upms_tenant_menu` VALUES ('581', '21', '13', '1', '12');
INSERT INTO `upms_tenant_menu` VALUES ('582', '21', '92', '1', '12');
INSERT INTO `upms_tenant_menu` VALUES ('583', '21', '93', '1', '12');
INSERT INTO `upms_tenant_menu` VALUES ('584', '21', '94', '1', '12');
INSERT INTO `upms_tenant_menu` VALUES ('585', '21', '95', '1', '12');
INSERT INTO `upms_tenant_menu` VALUES ('586', '21', '96', '1', '12');
INSERT INTO `upms_tenant_menu` VALUES ('587', '21', '98', '1', '12');
INSERT INTO `upms_tenant_menu` VALUES ('588', '21', '97', '1', '12');
INSERT INTO `upms_tenant_menu` VALUES ('589', '21', '14', '1', '12');
INSERT INTO `upms_tenant_menu` VALUES ('590', '21', '33', '1', '12');
INSERT INTO `upms_tenant_menu` VALUES ('591', '21', '86', '1', '12');
INSERT INTO `upms_tenant_menu` VALUES ('592', '21', '89', '1', '12');
INSERT INTO `upms_tenant_menu` VALUES ('593', '21', '15', '1', '12');
INSERT INTO `upms_tenant_menu` VALUES ('594', '21', '16', '1', '12');
INSERT INTO `upms_tenant_menu` VALUES ('595', '21', '17', '1', '12');
INSERT INTO `upms_tenant_menu` VALUES ('596', '21', '22', '1', '12');
INSERT INTO `upms_tenant_menu` VALUES ('597', '21', '23', '1', '12');
INSERT INTO `upms_tenant_menu` VALUES ('598', '21', '24', '1', '12');
INSERT INTO `upms_tenant_menu` VALUES ('599', '21', '25', '1', '12');
INSERT INTO `upms_tenant_menu` VALUES ('600', '21', '34', '1', '12');
INSERT INTO `upms_tenant_menu` VALUES ('601', '21', '35', '1', '12');
INSERT INTO `upms_tenant_menu` VALUES ('602', '21', '91', '1', '12');
INSERT INTO `upms_tenant_menu` VALUES ('603', '21', '36', '1', '13');
INSERT INTO `upms_tenant_menu` VALUES ('604', '21', '37', '1', '13');
INSERT INTO `upms_tenant_menu` VALUES ('605', '21', '38', '1', '13');
INSERT INTO `upms_tenant_menu` VALUES ('606', '21', '39', '1', '13');
INSERT INTO `upms_tenant_menu` VALUES ('607', '21', '40', '1', '13');
INSERT INTO `upms_tenant_menu` VALUES ('608', '21', '41', '1', '13');
INSERT INTO `upms_tenant_menu` VALUES ('609', '21', '99', '1', '13');
INSERT INTO `upms_tenant_menu` VALUES ('610', '21', '100', '1', '13');
INSERT INTO `upms_tenant_menu` VALUES ('611', '21', '88', '1', '12');
INSERT INTO `upms_tenant_menu` VALUES ('612', '21', '87', '1', '12');
INSERT INTO `upms_tenant_menu` VALUES ('613', '22', '12', '1', '12');
INSERT INTO `upms_tenant_menu` VALUES ('614', '22', '13', '1', '12');
INSERT INTO `upms_tenant_menu` VALUES ('615', '22', '34', '1', '12');
INSERT INTO `upms_tenant_menu` VALUES ('616', '22', '33', '1', '12');
INSERT INTO `upms_tenant_menu` VALUES ('617', '22', '14', '1', '12');
INSERT INTO `upms_tenant_menu` VALUES ('618', '22', '91', '1', '12');
INSERT INTO `upms_tenant_menu` VALUES ('619', '22', '86', '1', '12');
INSERT INTO `upms_tenant_menu` VALUES ('620', '22', '89', '1', '12');
INSERT INTO `upms_tenant_menu` VALUES ('621', '22', '15', '1', '12');
INSERT INTO `upms_tenant_menu` VALUES ('622', '22', '16', '1', '12');
INSERT INTO `upms_tenant_menu` VALUES ('623', '23', '13', '1', '12');
INSERT INTO `upms_tenant_menu` VALUES ('624', '23', '12', '1', '12');
INSERT INTO `upms_tenant_menu` VALUES ('625', '23', '92', '1', '12');
INSERT INTO `upms_tenant_menu` VALUES ('626', '23', '36', '1', '13');
INSERT INTO `upms_tenant_menu` VALUES ('627', '23', '14', '1', '12');
INSERT INTO `upms_tenant_menu` VALUES ('628', '23', '15', '1', '12');
INSERT INTO `upms_tenant_menu` VALUES ('629', '23', '16', '1', '12');
INSERT INTO `upms_tenant_menu` VALUES ('630', '24', '36', '1', '13');
INSERT INTO `upms_tenant_menu` VALUES ('631', '24', '37', '2', '13');
INSERT INTO `upms_tenant_menu` VALUES ('632', '24', '42', '2', '13');
INSERT INTO `upms_tenant_menu` VALUES ('633', '24', '47', '2', '13');
INSERT INTO `upms_tenant_menu` VALUES ('634', '24', '48', '2', '13');
INSERT INTO `upms_tenant_menu` VALUES ('635', '24', '49', '2', '13');
INSERT INTO `upms_tenant_menu` VALUES ('636', '24', '50', '2', '13');
INSERT INTO `upms_tenant_menu` VALUES ('637', '24', '51', '2', '13');
INSERT INTO `upms_tenant_menu` VALUES ('638', '24', '52', '2', '13');
INSERT INTO `upms_tenant_menu` VALUES ('639', '24', '53', '2', '13');
INSERT INTO `upms_tenant_menu` VALUES ('640', '24', '38', '2', '13');
INSERT INTO `upms_tenant_menu` VALUES ('641', '24', '39', '2', '13');
INSERT INTO `upms_tenant_menu` VALUES ('642', '24', '40', '2', '13');
INSERT INTO `upms_tenant_menu` VALUES ('643', '24', '41', '2', '13');
INSERT INTO `upms_tenant_menu` VALUES ('644', '24', '99', '2', '13');
INSERT INTO `upms_tenant_menu` VALUES ('645', '24', '100', '2', '13');
INSERT INTO `upms_tenant_menu` VALUES ('646', '24', '101', '2', '13');
INSERT INTO `upms_tenant_menu` VALUES ('647', '24', '43', '2', '13');
INSERT INTO `upms_tenant_menu` VALUES ('648', '24', '44', '2', '13');
INSERT INTO `upms_tenant_menu` VALUES ('649', '24', '45', '2', '13');
INSERT INTO `upms_tenant_menu` VALUES ('650', '24', '46', '2', '13');
INSERT INTO `upms_tenant_menu` VALUES ('651', '24', '102', '2', '13');
INSERT INTO `upms_tenant_menu` VALUES ('652', '24', '103', '2', '13');
INSERT INTO `upms_tenant_menu` VALUES ('653', '24', '104', '2', '13');
INSERT INTO `upms_tenant_menu` VALUES ('654', '24', '54', '2', '13');
INSERT INTO `upms_tenant_menu` VALUES ('655', '24', '12', '1', '12');
INSERT INTO `upms_tenant_menu` VALUES ('656', '24', '13', '1', '12');
INSERT INTO `upms_tenant_menu` VALUES ('657', '24', '15', '1', '12');
INSERT INTO `upms_tenant_menu` VALUES ('658', '24', '16', '1', '12');
INSERT INTO `upms_tenant_menu` VALUES ('659', '24', '14', '1', '12');
INSERT INTO `upms_tenant_menu` VALUES ('660', '25', '12', '2', '12');
INSERT INTO `upms_tenant_menu` VALUES ('661', '25', '97', '2', '12');
INSERT INTO `upms_tenant_menu` VALUES ('662', '25', '92', '2', '12');
INSERT INTO `upms_tenant_menu` VALUES ('663', '25', '13', '2', '12');
INSERT INTO `upms_tenant_menu` VALUES ('664', '25', '98', '2', '12');
INSERT INTO `upms_tenant_menu` VALUES ('665', '25', '96', '2', '12');
INSERT INTO `upms_tenant_menu` VALUES ('666', '25', '95', '2', '12');
INSERT INTO `upms_tenant_menu` VALUES ('667', '25', '94', '2', '12');
INSERT INTO `upms_tenant_menu` VALUES ('668', '25', '93', '2', '12');
INSERT INTO `upms_tenant_menu` VALUES ('669', '25', '90', '2', '12');
INSERT INTO `upms_tenant_menu` VALUES ('670', '25', '89', '2', '12');
INSERT INTO `upms_tenant_menu` VALUES ('671', '25', '14', '2', '12');
INSERT INTO `upms_tenant_menu` VALUES ('672', '25', '88', '2', '12');
INSERT INTO `upms_tenant_menu` VALUES ('673', '25', '87', '2', '12');
INSERT INTO `upms_tenant_menu` VALUES ('674', '25', '86', '2', '12');
INSERT INTO `upms_tenant_menu` VALUES ('675', '25', '91', '2', '12');
INSERT INTO `upms_tenant_menu` VALUES ('676', '25', '33', '2', '12');
INSERT INTO `upms_tenant_menu` VALUES ('677', '25', '35', '2', '12');
INSERT INTO `upms_tenant_menu` VALUES ('678', '25', '34', '2', '12');
INSERT INTO `upms_tenant_menu` VALUES ('679', '25', '32', '2', '12');
INSERT INTO `upms_tenant_menu` VALUES ('680', '25', '31', '2', '12');
INSERT INTO `upms_tenant_menu` VALUES ('681', '25', '17', '2', '12');
INSERT INTO `upms_tenant_menu` VALUES ('682', '25', '15', '2', '12');
INSERT INTO `upms_tenant_menu` VALUES ('683', '25', '30', '2', '12');
INSERT INTO `upms_tenant_menu` VALUES ('684', '25', '29', '2', '12');
INSERT INTO `upms_tenant_menu` VALUES ('685', '25', '28', '2', '12');
INSERT INTO `upms_tenant_menu` VALUES ('686', '25', '26', '2', '12');
INSERT INTO `upms_tenant_menu` VALUES ('687', '25', '27', '2', '12');
INSERT INTO `upms_tenant_menu` VALUES ('688', '25', '25', '2', '12');
INSERT INTO `upms_tenant_menu` VALUES ('689', '25', '24', '2', '12');
INSERT INTO `upms_tenant_menu` VALUES ('690', '25', '23', '2', '12');
INSERT INTO `upms_tenant_menu` VALUES ('691', '25', '22', '2', '12');
INSERT INTO `upms_tenant_menu` VALUES ('692', '25', '16', '2', '12');
INSERT INTO `upms_tenant_menu` VALUES ('693', '24', '97', '1', '12');
INSERT INTO `upms_tenant_menu` VALUES ('694', '24', '92', '1', '12');
INSERT INTO `upms_tenant_menu` VALUES ('695', '24', '98', '1', '12');
INSERT INTO `upms_tenant_menu` VALUES ('696', '24', '96', '1', '12');
INSERT INTO `upms_tenant_menu` VALUES ('697', '24', '95', '1', '12');
INSERT INTO `upms_tenant_menu` VALUES ('698', '24', '94', '1', '12');
INSERT INTO `upms_tenant_menu` VALUES ('699', '24', '93', '1', '12');
INSERT INTO `upms_tenant_menu` VALUES ('700', '24', '90', '1', '12');
INSERT INTO `upms_tenant_menu` VALUES ('701', '24', '89', '1', '12');
INSERT INTO `upms_tenant_menu` VALUES ('702', '24', '88', '1', '12');
INSERT INTO `upms_tenant_menu` VALUES ('703', '24', '87', '1', '12');
INSERT INTO `upms_tenant_menu` VALUES ('704', '24', '86', '1', '12');
INSERT INTO `upms_tenant_menu` VALUES ('705', '24', '91', '1', '12');
INSERT INTO `upms_tenant_menu` VALUES ('706', '24', '33', '1', '12');
INSERT INTO `upms_tenant_menu` VALUES ('707', '24', '35', '1', '12');
INSERT INTO `upms_tenant_menu` VALUES ('708', '24', '34', '1', '12');
INSERT INTO `upms_tenant_menu` VALUES ('709', '24', '32', '1', '12');
INSERT INTO `upms_tenant_menu` VALUES ('710', '24', '31', '1', '12');
INSERT INTO `upms_tenant_menu` VALUES ('711', '24', '17', '1', '12');
INSERT INTO `upms_tenant_menu` VALUES ('712', '24', '30', '1', '12');
INSERT INTO `upms_tenant_menu` VALUES ('713', '24', '29', '1', '12');
INSERT INTO `upms_tenant_menu` VALUES ('714', '24', '28', '1', '12');
INSERT INTO `upms_tenant_menu` VALUES ('715', '24', '26', '1', '12');
INSERT INTO `upms_tenant_menu` VALUES ('716', '24', '27', '1', '12');
INSERT INTO `upms_tenant_menu` VALUES ('717', '24', '25', '1', '12');
INSERT INTO `upms_tenant_menu` VALUES ('718', '24', '24', '1', '12');
INSERT INTO `upms_tenant_menu` VALUES ('719', '24', '23', '1', '12');
INSERT INTO `upms_tenant_menu` VALUES ('720', '24', '22', '1', '12');
INSERT INTO `upms_tenant_menu` VALUES ('721', '27', '16', '2', '12');
INSERT INTO `upms_tenant_menu` VALUES ('722', '27', '12', '2', '12');
INSERT INTO `upms_tenant_menu` VALUES ('723', '27', '13', '2', '12');
INSERT INTO `upms_tenant_menu` VALUES ('724', '27', '36', '2', '13');
INSERT INTO `upms_tenant_menu` VALUES ('725', '27', '47', '2', '13');
INSERT INTO `upms_tenant_menu` VALUES ('726', '27', '37', '2', '13');
INSERT INTO `upms_tenant_menu` VALUES ('727', '27', '38', '2', '13');
INSERT INTO `upms_tenant_menu` VALUES ('728', '27', '97', '2', '12');
INSERT INTO `upms_tenant_menu` VALUES ('729', '27', '92', '2', '12');
INSERT INTO `upms_tenant_menu` VALUES ('730', '27', '98', '2', '12');
INSERT INTO `upms_tenant_menu` VALUES ('731', '27', '96', '2', '12');
INSERT INTO `upms_tenant_menu` VALUES ('732', '27', '95', '2', '12');
INSERT INTO `upms_tenant_menu` VALUES ('733', '27', '94', '2', '12');
INSERT INTO `upms_tenant_menu` VALUES ('734', '27', '93', '2', '12');
INSERT INTO `upms_tenant_menu` VALUES ('735', '26', '97', '1', '12');
INSERT INTO `upms_tenant_menu` VALUES ('736', '26', '92', '1', '12');
INSERT INTO `upms_tenant_menu` VALUES ('737', '26', '13', '1', '12');
INSERT INTO `upms_tenant_menu` VALUES ('738', '26', '12', '1', '12');
INSERT INTO `upms_tenant_menu` VALUES ('739', '26', '96', '1', '12');
INSERT INTO `upms_tenant_menu` VALUES ('740', '26', '98', '1', '12');
INSERT INTO `upms_tenant_menu` VALUES ('741', '26', '95', '1', '12');
INSERT INTO `upms_tenant_menu` VALUES ('742', '26', '94', '1', '12');
INSERT INTO `upms_tenant_menu` VALUES ('743', '26', '93', '1', '12');
INSERT INTO `upms_tenant_menu` VALUES ('744', '27', '190', '1', '16');
INSERT INTO `upms_tenant_menu` VALUES ('745', '25', '36', '1', '13');
INSERT INTO `upms_tenant_menu` VALUES ('746', '20', '190', '1', '16');
INSERT INTO `upms_tenant_menu` VALUES ('747', '20', '192', '1', '18');
INSERT INTO `upms_tenant_menu` VALUES ('748', '20', '47', '1', '13');
INSERT INTO `upms_tenant_menu` VALUES ('749', '28', '12', '1', '12');
INSERT INTO `upms_tenant_menu` VALUES ('750', '28', '13', '1', '12');
INSERT INTO `upms_tenant_menu` VALUES ('751', '29', '12', '1', '12');
INSERT INTO `upms_tenant_menu` VALUES ('752', '29', '36', '1', '13');
INSERT INTO `upms_tenant_menu` VALUES ('753', '29', '13', '1', '12');
INSERT INTO `upms_tenant_menu` VALUES ('754', '29', '37', '1', '13');
INSERT INTO `upms_tenant_menu` VALUES ('755', '29', '42', '1', '13');
INSERT INTO `upms_tenant_menu` VALUES ('756', '29', '47', '1', '13');
INSERT INTO `upms_tenant_menu` VALUES ('757', '29', '48', '1', '13');
INSERT INTO `upms_tenant_menu` VALUES ('758', '29', '49', '1', '13');
INSERT INTO `upms_tenant_menu` VALUES ('759', '29', '50', '1', '13');
INSERT INTO `upms_tenant_menu` VALUES ('760', '29', '51', '1', '13');
INSERT INTO `upms_tenant_menu` VALUES ('761', '29', '52', '1', '13');
INSERT INTO `upms_tenant_menu` VALUES ('762', '29', '53', '1', '13');
INSERT INTO `upms_tenant_menu` VALUES ('763', '27', '14', '1', '12');
INSERT INTO `upms_tenant_menu` VALUES ('764', '27', '15', '1', '12');
INSERT INTO `upms_tenant_menu` VALUES ('765', '29', '17', '2', '12');
INSERT INTO `upms_tenant_menu` VALUES ('766', '29', '15', '1', '12');
INSERT INTO `upms_tenant_menu` VALUES ('767', '29', '92', '1', '12');
INSERT INTO `upms_tenant_menu` VALUES ('768', '29', '93', '1', '12');
INSERT INTO `upms_tenant_menu` VALUES ('769', '15', '49', '1', '13');
INSERT INTO `upms_tenant_menu` VALUES ('770', '15', '50', '1', '13');
INSERT INTO `upms_tenant_menu` VALUES ('771', '15', '51', '1', '13');
INSERT INTO `upms_tenant_menu` VALUES ('772', '15', '52', '1', '13');
INSERT INTO `upms_tenant_menu` VALUES ('773', '15', '53', '1', '13');
INSERT INTO `upms_tenant_menu` VALUES ('774', '15', '78', '1', '13');
INSERT INTO `upms_tenant_menu` VALUES ('775', '15', '125', '1', '13');
INSERT INTO `upms_tenant_menu` VALUES ('776', '15', '124', '1', '13');
INSERT INTO `upms_tenant_menu` VALUES ('777', '15', '123', '1', '13');
INSERT INTO `upms_tenant_menu` VALUES ('778', '15', '81', '1', '13');
INSERT INTO `upms_tenant_menu` VALUES ('779', '15', '80', '1', '13');
INSERT INTO `upms_tenant_menu` VALUES ('780', '15', '79', '1', '13');
INSERT INTO `upms_tenant_menu` VALUES ('781', '15', '43', '1', '13');
INSERT INTO `upms_tenant_menu` VALUES ('782', '15', '44', '1', '13');
INSERT INTO `upms_tenant_menu` VALUES ('783', '15', '45', '1', '13');
INSERT INTO `upms_tenant_menu` VALUES ('784', '15', '46', '1', '13');
INSERT INTO `upms_tenant_menu` VALUES ('785', '15', '102', '1', '13');
INSERT INTO `upms_tenant_menu` VALUES ('786', '15', '103', '1', '13');
INSERT INTO `upms_tenant_menu` VALUES ('787', '15', '104', '1', '13');
INSERT INTO `upms_tenant_menu` VALUES ('788', '15', '54', '2', '13');
INSERT INTO `upms_tenant_menu` VALUES ('789', '15', '55', '2', '13');
INSERT INTO `upms_tenant_menu` VALUES ('790', '15', '56', '2', '13');
INSERT INTO `upms_tenant_menu` VALUES ('791', '15', '57', '2', '13');
INSERT INTO `upms_tenant_menu` VALUES ('792', '15', '105', '2', '13');
INSERT INTO `upms_tenant_menu` VALUES ('793', '15', '107', '2', '13');
INSERT INTO `upms_tenant_menu` VALUES ('794', '15', '106', '2', '13');
INSERT INTO `upms_tenant_menu` VALUES ('795', '30', '12', '1', '12');
INSERT INTO `upms_tenant_menu` VALUES ('796', '30', '36', '1', '13');
INSERT INTO `upms_tenant_menu` VALUES ('797', '30', '13', '1', '12');
INSERT INTO `upms_tenant_menu` VALUES ('798', '30', '14', '1', '12');
INSERT INTO `upms_tenant_menu` VALUES ('799', '30', '15', '2', '12');
INSERT INTO `upms_tenant_menu` VALUES ('800', '30', '16', '1', '12');
INSERT INTO `upms_tenant_menu` VALUES ('801', '30', '92', '1', '12');
INSERT INTO `upms_tenant_menu` VALUES ('802', '30', '93', '1', '12');
INSERT INTO `upms_tenant_menu` VALUES ('803', '30', '94', '1', '12');
INSERT INTO `upms_tenant_menu` VALUES ('804', '30', '95', '1', '12');
INSERT INTO `upms_tenant_menu` VALUES ('805', '30', '96', '1', '12');
INSERT INTO `upms_tenant_menu` VALUES ('806', '30', '97', '1', '12');
INSERT INTO `upms_tenant_menu` VALUES ('807', '30', '33', '1', '12');
INSERT INTO `upms_tenant_menu` VALUES ('808', '30', '86', '1', '12');
INSERT INTO `upms_tenant_menu` VALUES ('809', '30', '89', '1', '12');
INSERT INTO `upms_tenant_menu` VALUES ('810', '30', '34', '1', '12');
INSERT INTO `upms_tenant_menu` VALUES ('811', '30', '35', '1', '12');
INSERT INTO `upms_tenant_menu` VALUES ('812', '30', '91', '1', '12');
INSERT INTO `upms_tenant_menu` VALUES ('813', '30', '88', '1', '12');
INSERT INTO `upms_tenant_menu` VALUES ('814', '30', '87', '1', '12');
INSERT INTO `upms_tenant_menu` VALUES ('815', '30', '90', '1', '12');
INSERT INTO `upms_tenant_menu` VALUES ('816', '30', '31', '2', '12');
INSERT INTO `upms_tenant_menu` VALUES ('817', '30', '17', '2', '12');
INSERT INTO `upms_tenant_menu` VALUES ('818', '30', '29', '2', '12');
INSERT INTO `upms_tenant_menu` VALUES ('819', '30', '26', '2', '12');
INSERT INTO `upms_tenant_menu` VALUES ('820', '30', '25', '2', '12');
INSERT INTO `upms_tenant_menu` VALUES ('821', '30', '24', '2', '12');
INSERT INTO `upms_tenant_menu` VALUES ('822', '30', '23', '2', '12');
INSERT INTO `upms_tenant_menu` VALUES ('823', '30', '22', '2', '12');
INSERT INTO `upms_tenant_menu` VALUES ('824', '30', '27', '2', '12');
INSERT INTO `upms_tenant_menu` VALUES ('825', '30', '28', '2', '12');
INSERT INTO `upms_tenant_menu` VALUES ('826', '30', '30', '2', '12');
INSERT INTO `upms_tenant_menu` VALUES ('827', '30', '32', '2', '12');
INSERT INTO `upms_tenant_menu` VALUES ('828', '30', '37', '1', '13');
INSERT INTO `upms_tenant_menu` VALUES ('829', '30', '38', '1', '13');
INSERT INTO `upms_tenant_menu` VALUES ('830', '30', '39', '1', '13');
INSERT INTO `upms_tenant_menu` VALUES ('831', '30', '40', '1', '13');
INSERT INTO `upms_tenant_menu` VALUES ('832', '30', '41', '1', '13');
INSERT INTO `upms_tenant_menu` VALUES ('833', '30', '99', '1', '13');
INSERT INTO `upms_tenant_menu` VALUES ('834', '30', '100', '1', '13');
INSERT INTO `upms_tenant_menu` VALUES ('835', '30', '101', '1', '13');
INSERT INTO `upms_tenant_menu` VALUES ('836', '30', '42', '1', '13');
INSERT INTO `upms_tenant_menu` VALUES ('837', '30', '43', '1', '13');
INSERT INTO `upms_tenant_menu` VALUES ('838', '30', '44', '1', '13');
INSERT INTO `upms_tenant_menu` VALUES ('839', '30', '45', '1', '13');
INSERT INTO `upms_tenant_menu` VALUES ('840', '30', '46', '1', '13');
INSERT INTO `upms_tenant_menu` VALUES ('841', '30', '102', '1', '13');
INSERT INTO `upms_tenant_menu` VALUES ('842', '30', '103', '1', '13');
INSERT INTO `upms_tenant_menu` VALUES ('843', '30', '104', '1', '13');
INSERT INTO `upms_tenant_menu` VALUES ('844', '30', '47', '1', '13');
INSERT INTO `upms_tenant_menu` VALUES ('845', '30', '54', '1', '13');
INSERT INTO `upms_tenant_menu` VALUES ('846', '30', '55', '1', '13');
INSERT INTO `upms_tenant_menu` VALUES ('847', '30', '56', '1', '13');
INSERT INTO `upms_tenant_menu` VALUES ('850', '30', '107', '1', '13');
INSERT INTO `upms_tenant_menu` VALUES ('851', '30', '57', '1', '13');
INSERT INTO `upms_tenant_menu` VALUES ('852', '30', '106', '1', '13');
INSERT INTO `upms_tenant_menu` VALUES ('853', '30', '105', '1', '13');
INSERT INTO `upms_tenant_menu` VALUES ('854', '30', '48', '1', '13');
INSERT INTO `upms_tenant_menu` VALUES ('855', '30', '58', '1', '13');
INSERT INTO `upms_tenant_menu` VALUES ('856', '30', '59', '1', '13');
INSERT INTO `upms_tenant_menu` VALUES ('857', '30', '60', '1', '13');
INSERT INTO `upms_tenant_menu` VALUES ('858', '30', '61', '1', '13');
INSERT INTO `upms_tenant_menu` VALUES ('859', '30', '108', '1', '13');
INSERT INTO `upms_tenant_menu` VALUES ('860', '30', '109', '1', '13');
INSERT INTO `upms_tenant_menu` VALUES ('861', '30', '110', '1', '13');
INSERT INTO `upms_tenant_menu` VALUES ('862', '30', '49', '1', '13');
INSERT INTO `upms_tenant_menu` VALUES ('863', '30', '62', '1', '13');
INSERT INTO `upms_tenant_menu` VALUES ('864', '30', '63', '1', '13');
INSERT INTO `upms_tenant_menu` VALUES ('865', '30', '64', '1', '13');
INSERT INTO `upms_tenant_menu` VALUES ('866', '30', '65', '1', '13');
INSERT INTO `upms_tenant_menu` VALUES ('867', '30', '111', '1', '13');
INSERT INTO `upms_tenant_menu` VALUES ('868', '30', '112', '1', '13');
INSERT INTO `upms_tenant_menu` VALUES ('869', '30', '113', '1', '13');
INSERT INTO `upms_tenant_menu` VALUES ('870', '30', '50', '1', '13');
INSERT INTO `upms_tenant_menu` VALUES ('871', '30', '66', '1', '13');
INSERT INTO `upms_tenant_menu` VALUES ('872', '30', '67', '1', '13');
INSERT INTO `upms_tenant_menu` VALUES ('873', '30', '68', '1', '13');
INSERT INTO `upms_tenant_menu` VALUES ('874', '30', '69', '1', '13');
INSERT INTO `upms_tenant_menu` VALUES ('875', '30', '114', '1', '13');
INSERT INTO `upms_tenant_menu` VALUES ('876', '30', '115', '1', '13');
INSERT INTO `upms_tenant_menu` VALUES ('877', '30', '116', '1', '13');
INSERT INTO `upms_tenant_menu` VALUES ('878', '30', '51', '1', '13');
INSERT INTO `upms_tenant_menu` VALUES ('879', '30', '70', '1', '13');
INSERT INTO `upms_tenant_menu` VALUES ('880', '30', '71', '1', '13');
INSERT INTO `upms_tenant_menu` VALUES ('881', '30', '72', '1', '13');
INSERT INTO `upms_tenant_menu` VALUES ('882', '30', '73', '1', '13');
INSERT INTO `upms_tenant_menu` VALUES ('883', '30', '117', '1', '13');
INSERT INTO `upms_tenant_menu` VALUES ('884', '30', '118', '1', '13');
INSERT INTO `upms_tenant_menu` VALUES ('885', '30', '52', '1', '13');
INSERT INTO `upms_tenant_menu` VALUES ('886', '30', '119', '1', '13');
INSERT INTO `upms_tenant_menu` VALUES ('887', '30', '53', '1', '13');
INSERT INTO `upms_tenant_menu` VALUES ('888', '30', '195', '1', '13');
INSERT INTO `upms_tenant_menu` VALUES ('889', '30', '74', '1', '13');
INSERT INTO `upms_tenant_menu` VALUES ('890', '30', '75', '1', '13');
INSERT INTO `upms_tenant_menu` VALUES ('891', '30', '76', '1', '13');
INSERT INTO `upms_tenant_menu` VALUES ('892', '30', '77', '1', '13');
INSERT INTO `upms_tenant_menu` VALUES ('893', '30', '120', '1', '13');
INSERT INTO `upms_tenant_menu` VALUES ('894', '30', '121', '1', '13');
INSERT INTO `upms_tenant_menu` VALUES ('895', '30', '122', '1', '13');
INSERT INTO `upms_tenant_menu` VALUES ('896', '30', '80', '1', '13');
INSERT INTO `upms_tenant_menu` VALUES ('897', '30', '78', '1', '13');
INSERT INTO `upms_tenant_menu` VALUES ('898', '30', '81', '1', '13');
INSERT INTO `upms_tenant_menu` VALUES ('899', '30', '123', '1', '13');
INSERT INTO `upms_tenant_menu` VALUES ('900', '30', '124', '1', '13');
INSERT INTO `upms_tenant_menu` VALUES ('901', '30', '125', '1', '13');
INSERT INTO `upms_tenant_menu` VALUES ('902', '30', '79', '1', '13');
INSERT INTO `upms_tenant_menu` VALUES ('903', '30', '98', '1', '12');
INSERT INTO `upms_tenant_menu` VALUES ('904', '23', '198', '1', '22');
INSERT INTO `upms_tenant_menu` VALUES ('905', '23', '200', '1', '22');
INSERT INTO `upms_tenant_menu` VALUES ('906', '23', '202', '1', '22');
INSERT INTO `upms_tenant_menu` VALUES ('907', '23', '201', '1', '22');
INSERT INTO `upms_tenant_menu` VALUES ('908', '30', '198', '2', '22');
INSERT INTO `upms_tenant_menu` VALUES ('909', '30', '200', '2', '22');
INSERT INTO `upms_tenant_menu` VALUES ('910', '30', '202', '2', '22');
INSERT INTO `upms_tenant_menu` VALUES ('911', '30', '203', '1', '22');
INSERT INTO `upms_tenant_menu` VALUES ('912', '30', '204', '1', '22');
INSERT INTO `upms_tenant_menu` VALUES ('913', '30', '201', '2', '22');
INSERT INTO `upms_tenant_menu` VALUES ('914', '23', '37', '1', '13');
INSERT INTO `upms_tenant_menu` VALUES ('915', '23', '42', '1', '13');
INSERT INTO `upms_tenant_menu` VALUES ('916', '23', '47', '1', '13');
INSERT INTO `upms_tenant_menu` VALUES ('917', '23', '49', '1', '13');
INSERT INTO `upms_tenant_menu` VALUES ('918', '23', '48', '1', '13');
INSERT INTO `upms_tenant_menu` VALUES ('919', '23', '50', '1', '13');
INSERT INTO `upms_tenant_menu` VALUES ('920', '23', '51', '1', '13');
INSERT INTO `upms_tenant_menu` VALUES ('921', '23', '52', '1', '13');
INSERT INTO `upms_tenant_menu` VALUES ('922', '23', '53', '1', '13');
INSERT INTO `upms_tenant_menu` VALUES ('923', '23', '195', '1', '13');
INSERT INTO `upms_tenant_menu` VALUES ('924', '23', '55', '1', '13');
INSERT INTO `upms_tenant_menu` VALUES ('925', '23', '54', '1', '13');
INSERT INTO `upms_tenant_menu` VALUES ('926', '23', '57', '1', '13');
INSERT INTO `upms_tenant_menu` VALUES ('927', '23', '56', '1', '13');
INSERT INTO `upms_tenant_menu` VALUES ('928', '23', '106', '1', '13');
INSERT INTO `upms_tenant_menu` VALUES ('929', '23', '107', '1', '13');
INSERT INTO `upms_tenant_menu` VALUES ('930', '23', '105', '1', '13');
INSERT INTO `upms_tenant_menu` VALUES ('931', '23', '58', '1', '13');
INSERT INTO `upms_tenant_menu` VALUES ('932', '23', '59', '1', '13');
INSERT INTO `upms_tenant_menu` VALUES ('933', '23', '110', '1', '13');
INSERT INTO `upms_tenant_menu` VALUES ('934', '23', '109', '1', '13');
INSERT INTO `upms_tenant_menu` VALUES ('935', '23', '108', '1', '13');
INSERT INTO `upms_tenant_menu` VALUES ('936', '23', '61', '1', '13');
INSERT INTO `upms_tenant_menu` VALUES ('937', '23', '60', '1', '13');
INSERT INTO `upms_tenant_menu` VALUES ('938', '23', '113', '1', '13');
INSERT INTO `upms_tenant_menu` VALUES ('939', '23', '62', '1', '13');
INSERT INTO `upms_tenant_menu` VALUES ('940', '23', '112', '1', '13');
INSERT INTO `upms_tenant_menu` VALUES ('941', '23', '111', '1', '13');
INSERT INTO `upms_tenant_menu` VALUES ('942', '23', '65', '1', '13');
INSERT INTO `upms_tenant_menu` VALUES ('943', '23', '64', '1', '13');
INSERT INTO `upms_tenant_menu` VALUES ('944', '23', '63', '1', '13');
INSERT INTO `upms_tenant_menu` VALUES ('945', '23', '116', '1', '13');
INSERT INTO `upms_tenant_menu` VALUES ('946', '23', '66', '1', '13');
INSERT INTO `upms_tenant_menu` VALUES ('947', '23', '115', '1', '13');
INSERT INTO `upms_tenant_menu` VALUES ('948', '23', '114', '1', '13');
INSERT INTO `upms_tenant_menu` VALUES ('949', '23', '69', '1', '13');
INSERT INTO `upms_tenant_menu` VALUES ('950', '23', '68', '1', '13');
INSERT INTO `upms_tenant_menu` VALUES ('951', '23', '67', '1', '13');
INSERT INTO `upms_tenant_menu` VALUES ('952', '23', '119', '1', '13');
INSERT INTO `upms_tenant_menu` VALUES ('953', '23', '70', '1', '13');
INSERT INTO `upms_tenant_menu` VALUES ('954', '23', '118', '1', '13');
INSERT INTO `upms_tenant_menu` VALUES ('955', '23', '117', '1', '13');
INSERT INTO `upms_tenant_menu` VALUES ('956', '23', '73', '1', '13');
INSERT INTO `upms_tenant_menu` VALUES ('957', '23', '72', '1', '13');
INSERT INTO `upms_tenant_menu` VALUES ('958', '23', '71', '1', '13');
INSERT INTO `upms_tenant_menu` VALUES ('959', '23', '38', '1', '13');
INSERT INTO `upms_tenant_menu` VALUES ('966', '23', '39', '1', '13');
INSERT INTO `upms_tenant_menu` VALUES ('967', '15', '198', '1', '22');

-- ----------------------------
-- Table structure for upms_user
-- ----------------------------
DROP TABLE IF EXISTS `upms_user`;
CREATE TABLE `upms_user` (
  `user_id` int(11) NOT NULL AUTO_INCREMENT,
  `account` varchar(255) DEFAULT NULL,
  `birthday` datetime DEFAULT NULL,
  `create_time` datetime DEFAULT NULL,
  `email` varchar(255) DEFAULT NULL,
  `telephone` varchar(255) DEFAULT NULL,
  `nickname` varchar(255) DEFAULT NULL,
  `sex` int(11) DEFAULT NULL,
  `state` int(11) NOT NULL DEFAULT '1',
  `tenant_id` bigint(20) DEFAULT NULL,
  `password` varchar(255) NOT NULL DEFAULT '',
  `salt` varchar(255) NOT NULL DEFAULT '',
  `first_login` tinyint(4) NOT NULL DEFAULT '0',
  `avatar` varchar(255) DEFAULT NULL,
  PRIMARY KEY (`user_id`)
) ENGINE=InnoDB AUTO_INCREMENT=50 DEFAULT CHARSET=utf8;

-- ----------------------------
-- Records of upms_user
-- ----------------------------
INSERT INTO `upms_user` VALUES ('18', '15739575702', null, '2019-12-01 22:23:35', null, '15739575702', '庶卒', null, '1', '15', 'e5f22d957e597be7937dbd2e7cb07332', 'l7wk5y', '0', '/ncimg/M00/00/01/rBIgzV57enyAFNhQAAI0oO9iDjs976.png');
INSERT INTO `upms_user` VALUES ('19', '15739575703', null, '2019-12-01 22:23:35', null, '15739575703', '神石头', null, '1', '30', '47ae47abfe3000c345443a14115d3685', 'q4m9i6', '1', '/ncimg/M00/00/01/rBIgzV7mQfCAGdcfAATfjlYsofA863.png');
INSERT INTO `upms_user` VALUES ('20', '13502056965', null, '2019-12-01 22:23:35', '111@sss.com', '13502056965', 'ssssss', null, '1', '16', 'a827f8b6c43f5e731cf3f1d08606db0b', 'b1a9hp', '1', null);
INSERT INTO `upms_user` VALUES ('21', '18617899876', null, '2019-12-01 22:23:35', null, '18617899876', 'david-li', null, '1', null, 'd585d58b443d4b183c0c360693c42cd4', 'yuruev', '1', null);
INSERT INTO `upms_user` VALUES ('22', '18066666666', null, '2019-12-01 22:23:35', null, '18066666666', null, null, '1', '17', 'a1d0f422426ab10c84c526d37fa3b797', 'umdqhb', '1', null);
INSERT INTO `upms_user` VALUES ('23', '15202911266', null, '2019-12-01 22:23:35', null, '15202911266', '小菜', null, '1', '18', '530408b39323fb6adc5a36fc53afe22e', 'tp5p5e', '1', null);
INSERT INTO `upms_user` VALUES ('24', '13285838850', null, '2019-12-01 22:23:35', null, '13285838850', null, null, '-1', null, '9adf6ee0abf0b9d97046e0d5b15b911e', 'k0vq9r', '1', null);
INSERT INTO `upms_user` VALUES ('25', '17609974463', null, '2019-12-01 22:23:35', null, '17609974463', null, null, '1', null, '4e1fc5ae97667d244b17c9f49130fd79', 'j9lyww', '1', null);
INSERT INTO `upms_user` VALUES ('26', '18888888888', null, '2019-12-01 22:23:35', null, '18888888888', null, null, '-1', null, '3401fcb777ed28ab5c5d2c528cf12801', 'xtgvcc', '1', null);
INSERT INTO `upms_user` VALUES ('27', '13838384438', null, '2019-12-01 22:23:35', null, '13838384438', null, null, '1', null, '3e2f66e33f134bde79cf1165ef25e3dc', 'h5apnq', '1', null);
INSERT INTO `upms_user` VALUES ('28', '13333333333', null, '2019-12-01 22:23:35', null, '13333333333', 'kk', null, '1', '19', '20d99730a1766de29cdd65baf7064f92', 'rnjqdv', '0', null);
INSERT INTO `upms_user` VALUES ('29', '13689201211', null, '2019-12-01 22:23:35', null, '13689201211', 'sum', null, '-1', null, '3bb117673ad4715003dc841f231427c6', 'f7gwxy', '1', null);
INSERT INTO `upms_user` VALUES ('30', '13800138000', null, '2019-12-01 22:23:35', '1', '13800138000', '张三', null, '1', null, '995a1045a951db54fe33bc189d2e9d4f', '8pc2px', '1', null);
INSERT INTO `upms_user` VALUES ('31', '18888888888', null, '2019-12-01 22:23:35', null, '18888888888', null, null, '1', null, '0e5f5ae3b72c33fcc0ce6a975f4914f3', '9gv2ua', '1', null);
INSERT INTO `upms_user` VALUES ('32', '18833332222', null, '2019-12-01 22:23:35', 'a@126.com', '18833332222', 'aaaaaa', null, '1', '22', 'e74d065a30133d715250bcb14ead3bc7', 'n2af3c', '0', null);
INSERT INTO `upms_user` VALUES ('33', '13812345678', null, '2019-12-01 22:23:35', null, '13812345678', '1324234234', null, '1', null, 'aa3a65153c1ee3d29fbae37c47f38221', 'vb8cmy', '1', null);
INSERT INTO `upms_user` VALUES ('34', '13211111111', null, '2019-12-01 22:23:35', null, '13211111111', '13211111111', null, '1', '24', 'ba9ff88a2ea1f383dd222b1bfd2b7eeb', 'eluzlc', '0', null);
INSERT INTO `upms_user` VALUES ('35', '18600000000', null, '2019-12-01 22:23:35', null, '18600000000', null, null, '1', '25', '97a994cad627fe0171a7797d1e3aea2a', '8zqgt2', '1', null);
INSERT INTO `upms_user` VALUES ('36', '13222229867', null, '2019-12-01 22:23:35', null, '13222229867', null, null, '1', '26', '7cbeb1027b2aa11bc7ac7a4811ed63f1', 'v0cy64', '1', null);
INSERT INTO `upms_user` VALUES ('37', 'admin', null, '2019-12-01 22:23:35', '1212', '13888888888', '111', '1', '1', '27', '342054d2f82ae26b8b6e40c6a7f25f7a', '61ddfe', '0', null);
INSERT INTO `upms_user` VALUES ('38', '13511111111', null, '2019-12-01 22:23:35', null, '13511111111', null, null, '1', '28', '1a7352c1b57f6590001feda9fbbcce57', 'zk9cww', '0', null);
INSERT INTO `upms_user` VALUES ('39', '15210082493', null, '2019-12-01 22:23:35', null, '15210082493', null, null, '1', null, '8c59a83909b94c53834555143d33ee15', 'qkg95i', '1', null);
INSERT INTO `upms_user` VALUES ('40', '13794146297', null, '2019-12-01 22:23:35', null, '13794146297', null, null, '1', null, '820c47abfe9bcfba4dc397850fd461f0', 'yh3kub', '0', null);
INSERT INTO `upms_user` VALUES ('41', '18610807044', null, '2019-12-01 22:23:35', null, '18610807044', null, null, '1', '30', 'a32148b0730016d9b5aedbd9539983ef', 'cv505z', '1', null);
INSERT INTO `upms_user` VALUES ('42', '15330518878', null, '2019-12-01 22:23:35', null, '15330518878', null, null, '1', null, 'b26d02182b86b56cc2163c619178cc12', 'upb4rs', '1', null);
INSERT INTO `upms_user` VALUES ('43', '17777777777', null, '2020-08-11 04:21:39', null, '17777777777', '123123', null, '1', '30', '169d4ff5cc4dfc4538f7395d08ab427d', 'amduu4', '1', null);
INSERT INTO `upms_user` VALUES ('44', '15017949484', null, '2020-08-12 01:59:49', null, '15017949484', null, null, '1', null, '964cf23bb3c4037ee9aec1a926a07afd', '5el1yo', '1', null);
INSERT INTO `upms_user` VALUES ('45', '18211111111', null, '2020-08-12 08:54:47', null, '18211111111', null, null, '1', '23', '21b91959aeef98b519678e871dc9bfe8', 'o3xyd4', '1', null);
INSERT INTO `upms_user` VALUES ('46', '18311111111', null, '2020-08-12 09:29:26', null, '18311111111', null, null, '1', '30', 'e2af9c5d28e1a78c689efa5583b2d15f', 'qkpn3w', '1', null);
INSERT INTO `upms_user` VALUES ('47', '18212345678', null, '2020-08-15 04:03:26', null, '18212345678', null, null, '1', '30', '264274050e6263e8352cd3332c99056b', 'wqrvhq', '1', null);
INSERT INTO `upms_user` VALUES ('48', '15351249852', null, '2020-08-19 01:34:35', null, '15351249852', null, null, '1', null, '993c58197ad042c69c6bbb19a89db60a', 'gjk9zs', '1', null);
INSERT INTO `upms_user` VALUES ('49', '18501736691', null, '2020-08-20 04:20:17', null, '18501736691', null, null, '1', '30', '6fffe47b2e09bd51ddff2c64e051957f', '0tcd5a', '1', null);

-- ----------------------------
-- Table structure for upms_user_friend
-- ----------------------------
DROP TABLE IF EXISTS `upms_user_friend`;
CREATE TABLE `upms_user_friend` (
  `user_friend_id` int(11) NOT NULL AUTO_INCREMENT,
  `user_id` bigint(20) NOT NULL,
  `friend_id` bigint(20) NOT NULL,
  `create_time` datetime DEFAULT NULL,
  `state` int(11) NOT NULL DEFAULT '0',
  `nickname` varchar(255) DEFAULT NULL,
  `source` int(11) NOT NULL DEFAULT '1',
  `friend_account` varchar(255) DEFAULT NULL,
  PRIMARY KEY (`user_friend_id`)
) ENGINE=InnoDB AUTO_INCREMENT=23 DEFAULT CHARSET=utf8;

-- ----------------------------
-- Records of upms_user_friend
-- ----------------------------
INSERT INTO `upms_user_friend` VALUES ('1', '18', '19', '2019-12-01 22:23:35', '2', '15739575703', '1', '15739575703');
INSERT INTO `upms_user_friend` VALUES ('2', '19', '18', '2019-12-01 22:23:35', '2', '15739575702', '1', '15739575702');
INSERT INTO `upms_user_friend` VALUES ('3', '18', '24', '2019-12-01 22:23:35', '2', '13285838850', '1', '13285838850');
INSERT INTO `upms_user_friend` VALUES ('4', '24', '18', '2019-12-01 22:23:35', '2', '15739575702', '1', '15739575702');
INSERT INTO `upms_user_friend` VALUES ('5', '26', '24', '2019-12-01 22:23:35', '1', '13285838850', '1', '13285838850');
INSERT INTO `upms_user_friend` VALUES ('6', '24', '26', '2019-12-01 22:23:35', '0', '18888888888', '1', '18888888888');
INSERT INTO `upms_user_friend` VALUES ('7', '18', '26', '2019-12-01 22:23:35', '2', '18888888888', '1', '18888888888');
INSERT INTO `upms_user_friend` VALUES ('8', '26', '18', '2019-12-01 22:23:35', '2', '15739575702', '1', '15739575702');
INSERT INTO `upms_user_friend` VALUES ('9', '25', '19', '2019-12-01 22:23:35', '2', '15739575703', '1', '15739575703');
INSERT INTO `upms_user_friend` VALUES ('10', '19', '25', '2019-12-01 22:23:35', '2', '17609974463', '1', '17609974463');
INSERT INTO `upms_user_friend` VALUES ('11', '25', '18', '2019-12-01 22:23:35', '2', '15739575702', '1', '15739575702');
INSERT INTO `upms_user_friend` VALUES ('12', '18', '25', '2019-12-01 22:23:35', '2', '17609974463', '1', '17609974463');
INSERT INTO `upms_user_friend` VALUES ('13', '25', '24', '2019-12-01 22:23:35', '1', '13285838850', '1', '13285838850');
INSERT INTO `upms_user_friend` VALUES ('14', '24', '25', '2019-12-01 22:23:35', '0', '17609974463', '1', '17609974463');
INSERT INTO `upms_user_friend` VALUES ('15', '27', '24', '2019-12-01 22:23:35', '1', '13285838850', '1', '13285838850');
INSERT INTO `upms_user_friend` VALUES ('16', '24', '27', '2019-12-01 22:23:35', '0', '13838384438', '1', '13838384438');
INSERT INTO `upms_user_friend` VALUES ('17', '30', '30', '2019-12-01 22:23:35', '2', '张三', '1', '13800138000');
INSERT INTO `upms_user_friend` VALUES ('18', '30', '30', '2019-12-01 22:23:35', '2', '张三', '1', '13800138000');
INSERT INTO `upms_user_friend` VALUES ('19', '30', '28', '2019-12-01 22:23:35', '1', 'kk', '1', '13333333333');
INSERT INTO `upms_user_friend` VALUES ('20', '28', '30', '2019-12-01 22:23:35', '0', '张三', '1', '13800138000');
INSERT INTO `upms_user_friend` VALUES ('21', '19', '37', '2019-12-01 22:23:35', '1', '111', '1', 'admin');
INSERT INTO `upms_user_friend` VALUES ('22', '37', '19', '2019-12-01 22:23:35', '0', '神石头', '1', '15739575703');

-- ----------------------------
-- Table structure for upms_user_invitation
-- ----------------------------
DROP TABLE IF EXISTS `upms_user_invitation`;
CREATE TABLE `upms_user_invitation` (
  `id` int(11) NOT NULL AUTO_INCREMENT,
  `invited_user_telephone` varchar(255) NOT NULL DEFAULT '',
  `invite_member_id` bigint(20) NOT NULL,
  `invite_tenant_id` bigint(20) NOT NULL DEFAULT '0',
  `invited_user_name` varchar(255) NOT NULL DEFAULT '',
  PRIMARY KEY (`id`)
) ENGINE=InnoDB AUTO_INCREMENT=30 DEFAULT CHARSET=utf8;

-- ----------------------------
-- Records of upms_user_invitation
-- ----------------------------
INSERT INTO `upms_user_invitation` VALUES ('5', '13122222222', '30', '20', '哈哈');
INSERT INTO `upms_user_invitation` VALUES ('6', '15739575705', '25', '15', '李四');
INSERT INTO `upms_user_invitation` VALUES ('7', '18626018735', '25', '15', 'alex');
INSERT INTO `upms_user_invitation` VALUES ('8', '18655223251', '31', '21', 'hhdf');
INSERT INTO `upms_user_invitation` VALUES ('9', '13311112222', '32', '22', '普通');
INSERT INTO `upms_user_invitation` VALUES ('10', '15739575701', '25', '15', '001');
INSERT INTO `upms_user_invitation` VALUES ('11', '13810871403', '30', '20', 'sx');
INSERT INTO `upms_user_invitation` VALUES ('12', '13810871405', '30', '20', 'sdfasdf');
INSERT INTO `upms_user_invitation` VALUES ('13', '13311332321', '25', '15', '张无忌');
INSERT INTO `upms_user_invitation` VALUES ('14', '13311800320', '25', '15', '张无忌1');
INSERT INTO `upms_user_invitation` VALUES ('16', '15330518877', '41', '30', '15330518877');
INSERT INTO `upms_user_invitation` VALUES ('17', '19089087890', '41', '30', 'aaa');
INSERT INTO `upms_user_invitation` VALUES ('18', '19089087891', '41', '30', 'bbb');
INSERT INTO `upms_user_invitation` VALUES ('19', '13612345678', '41', '30', '虾米');
INSERT INTO `upms_user_invitation` VALUES ('20', '15019403777', '41', '30', '张飞');
INSERT INTO `upms_user_invitation` VALUES ('21', '13900000000', '41', '30', '111111');
INSERT INTO `upms_user_invitation` VALUES ('22', '18889888888', '41', '30', '18888888888');
INSERT INTO `upms_user_invitation` VALUES ('23', '19311111111', '41', '30', '812晚邀请的成员');
INSERT INTO `upms_user_invitation` VALUES ('24', '18331111111', '41', '30', '123123');
INSERT INTO `upms_user_invitation` VALUES ('25', '18411111111', '41', '30', '123123');
INSERT INTO `upms_user_invitation` VALUES ('27', '13011112222', '41', '30', 'sssa');
INSERT INTO `upms_user_invitation` VALUES ('28', '13027921111', '41', '30', 'plp');

-- ----------------------------
-- Table structure for upms_user_password
-- ----------------------------
DROP TABLE IF EXISTS `upms_user_password`;
CREATE TABLE `upms_user_password` (
  `user_pwd_id` int(11) NOT NULL AUTO_INCREMENT,
  `password` varchar(255) DEFAULT NULL,
  `salt` varchar(255) DEFAULT NULL,
  `user_id` bigint(20) DEFAULT NULL,
  `create_time` datetime DEFAULT NULL,
  PRIMARY KEY (`user_pwd_id`)
) ENGINE=InnoDB AUTO_INCREMENT=24 DEFAULT CHARSET=utf8;

-- ----------------------------
-- Records of upms_user_password
-- ----------------------------
INSERT INTO `upms_user_password` VALUES ('1', 'cca25c3de8155f47dc5e5e5ffdb598e1', 'ehns2d', null, '2019-12-01 22:23:35');
INSERT INTO `upms_user_password` VALUES ('2', '105c540850a71fc619ec02e3b7a33c3e', '6gnsya', '23', '2019-12-01 22:23:35');
INSERT INTO `upms_user_password` VALUES ('3', '91f5796d7b92c3fa31a6b301312ad437', 'd4oiv5', null, '2019-12-01 22:23:35');
INSERT INTO `upms_user_password` VALUES ('4', '3b8608783f3adaacc6892d0aaff157aa', 'f3gbvi', '18', '2019-12-01 22:23:35');
INSERT INTO `upms_user_password` VALUES ('5', 'e0bd66156ae8f57ff466614b627c24d8', 'eubxtg', '28', '2019-12-01 22:23:35');
INSERT INTO `upms_user_password` VALUES ('6', 'cd91d479add9c1e823e443721897b58a', '6oddx2', '32', '2019-12-01 22:23:35');
INSERT INTO `upms_user_password` VALUES ('7', '3eff871a5070565b7f8f238b83353039', '7blvkh', '34', '2019-12-01 22:23:35');
INSERT INTO `upms_user_password` VALUES ('8', 'bebca69a54573da0c43c6ff88fbd04f4', 'jc6zot', '35', '2019-12-01 22:23:35');
INSERT INTO `upms_user_password` VALUES ('9', '58b3ef96ba8c778413ac3b1211e1841e', 'nsjfx3', null, '2019-12-01 22:23:35');
INSERT INTO `upms_user_password` VALUES ('10', '8e9ab041b0f716e915c59d9f05ac8b06', 'ix75ot', '36', '2019-12-01 22:23:35');
INSERT INTO `upms_user_password` VALUES ('11', '0e3361e2bc9e08a0fa3e17668e7bf567', 'v3soof', null, '2019-12-01 22:23:35');
INSERT INTO `upms_user_password` VALUES ('12', '2cd7357c3f37d3f3ab8a2b680199d680', 'sorxb9', '18', '2019-12-01 22:23:35');
INSERT INTO `upms_user_password` VALUES ('13', 'd82c432d18c32f1ac909cda9c22cf13f', '745a00', null, '2019-12-01 22:23:35');
INSERT INTO `upms_user_password` VALUES ('14', 'd9870697b31770f1d46716bd1da6e5ae', 'mf4ny4', '37', '2019-12-01 22:23:35');
INSERT INTO `upms_user_password` VALUES ('15', 'f9f3b467e23890dbe77e8b7976751e8e', 'cmf9wh', '40', '2019-12-01 22:23:35');
INSERT INTO `upms_user_password` VALUES ('16', '88ab1fcf13cc80eea2cd055f8ae4b1da', 'coznrp', '38', '2019-12-01 22:23:35');
INSERT INTO `upms_user_password` VALUES ('17', '534e9a114d272f69bd2ae3dbcbec1ce5', 'p8ku9g', '18', '2019-12-01 22:23:35');
INSERT INTO `upms_user_password` VALUES ('18', 'f4e2c99803ef7285c9671a285470f077', 'xv3a8g', '18', '2020-08-02 03:40:57');
INSERT INTO `upms_user_password` VALUES ('19', '99e67c800a43a5017322ff9c03e13c6c', 'wnbhxc', null, '2020-08-02 03:41:21');
INSERT INTO `upms_user_password` VALUES ('20', '94c56f8e1a85577712cf0a2cb2cde3e9', 'zi5y6w', '18', '2020-08-07 02:37:41');
INSERT INTO `upms_user_password` VALUES ('21', 'df8a126f9247ace6afd5e9fd6689b351', 'uyq1xv', '18', '2020-08-10 01:25:17');
INSERT INTO `upms_user_password` VALUES ('22', '4916f8abab6b5b874f743a9a2db35fe0', '92wcvs', '43', '2020-08-12 04:30:58');
INSERT INTO `upms_user_password` VALUES ('23', '7708064290e143cdbac6da68ee7475a9', 'o8iccd', null, '2020-08-12 04:32:46');
